frequency_hz,power,baseline_fit,resonance_fit,total_fit
80.0,0.0010174368938491933,0.0002996784680543443,3.450348869480861e-08,0.0002997129715430391
80.03125,0.0005876621598311598,0.00029967732110780087,3.452833037207904e-08,0.00029971184943817294
80.0625,0.00013910598191516549,0.00029967617416125743,3.455319888381195e-08,0.00029971072736014126
80.09375,0.00024827557773249276,0.000299675027214714,3.4578094268665964e-08,0.0002997096053089827
80.125,0.00020912265546714723,0.00029967388026817056,3.460301656536935e-08,0.00029970848328473594
80.15625,3.5439250960368505e-05,0.0002996727333216271,3.462796581272015e-08,0.0002997073612874398
80.1875,0.00010915988667142143,0.0002996715863750837,3.465294204958632e-08,0.0002997062393171333
80.21875,0.00010632954327995185,0.00029967043942854025,3.467794531490595e-08,0.00029970511737385515
80.25,0.00012539956700098685,0.0002996692924819968,3.4702975647687335e-08,0.0002997039954576445
80.28125,0.00014585223565644913,0.0002996681455354534,3.472803308700914e-08,0.00029970287356854037
80.3125,9.531932180293377e-05,0.00029966699858891,3.475311767202063e-08,0.000299701751706582
80.34375,0.00013394835488535992,0.00029966585164236656,3.4778229441941696e-08,0.0002997006298718085
80.375,0.00026962081814062766,0.0002996647046958231,3.4803368436063125e-08,0.0002996995080642592
80.40625,0.000333233460058415,0.0002996635577492797,3.4828534693746676e-08,0.00029969838628397344
80.4375,0.00025785029962547374,0.00029966241080273625,3.4853728254425306e-08,0.0002996972645309907
80.46875,0.00037360267497391157,0.0002996612638561928,3.487894915760323e-08,0.0002996961428053504
80.5,2.721800591462452e-05,0.0002996601169096494,3.490419744285616e-08,0.00029969502110709225
80.53125,0.000450482282557708,0.00029965896996310594,3.492947314983141e-08,0.00029969389943625575
80.5625,0.00028134539332900257,0.0002996578230165625,3.495477631824809e-08,0.0002996927777928807
80.59375,9.930894265780405e-05,0.00029965667607001907,3.498010698789721e-08,0.000299691656177007
80.625,0.0006134372913095893,0.00029965552912347563,3.50054651986419e-08,0.00029969053458867424
80.65625,0.0002916771038513215,0.0002996543821769322,3.503085099041751e-08,0.0002996894130279226
80.6875,0.0003523184477909022,0.00029965323523038876,3.505626440323182e-08,0.000299688291494792
80.71875,1.3286870262228676e-05,0.0002996520882838453,3.508170547716514e-08,0.0002996871699893225
80.75,0.00016885054900627036,0.0002996509413373019,3.51071742523705e-08,0.0002996860485115543
80.78125,0.0006250456811964951,0.00029964979439075845,3.5132670769073817e-08,0.0002996849270615275
80.8125,0.00010057675299132349,0.000299648647444215,3.515819506757404e-08,0.0002996838056392826
80.84375,0.00035238767910186693,0.0002996475004976716,3.5183747188243307e-08,0.0002996826842448599
80.875,0.0001418358701724048,0.0002996463535511282,3.5209327171527126e-08,0.00029968156287829974
80.90625,0.00014376741220379195,0.00029964520660458475,3.523493505794448e-08,0.0002996804415396427
80.9375,0.00026753799316892073,0.0002996440596580413,3.526057088808806e-08,0.0002996793202289294
80.96875,0.00010871410373817746,0.0002996429127114979,3.5286234702624376e-08,0.0002996781989462005
81.0,0.00010194926510146278,0.00029964176576495444,3.531192654229392e-08,0.0002996770776914967
81.03125,0.00010693419831555033,0.000299640618818411,3.533764644791138e-08,0.0002996759564648589
81.0625,0.00036570327382430215,0.00029963947187186757,3.536339446036574e-08,0.00029967483526632794
81.09375,8.744021793385131e-05,0.00029963832492532413,3.538917062062045e-08,0.00029967371409594473
81.125,0.000252036075221591,0.0002996371779787807,3.5414974969713614e-08,0.0002996725929537504
81.15625,0.00025000777418442545,0.00029963603103223726,3.5440807548758164e-08,0.00029967147183978604
81.1875,0.00012346647551602694,0.0002996348840856938,3.546666839894197e-08,0.00029967035075409274
81.21875,0.0007785365182963188,0.0002996337371391504,3.549255756152806e-08,0.0002996692296967119
81.25,0.00039682715622698896,0.00029963259019260695,3.5518475077854765e-08,0.0002996681086676848
81.28125,3.9770955419134555e-05,0.0002996314432460635,3.554442098933586e-08,0.0002996669876670528
81.3125,0.00022101259768765125,0.0002996302962995201,3.557039533746075e-08,0.00029966586669485755
81.34375,0.00026980366168767925,0.00029962914935297664,3.559639816379467e-08,0.0002996647457511404
81.375,0.00024072811454499123,0.00029962800240643326,3.5622429509978765e-08,0.0002996636248359432
81.40625,0.0006885812674099855,0.0002996268554598898,3.564848941773034e-08,0.00029966250394930754
81.4375,0.00031723101448986304,0.0002996257085133464,3.5674577928843017e-08,0.00029966138309127523
81.46875,0.00024121212927556048,0.00029962456156680295,3.5700695085186833e-08,0.00029966026226188814
81.5,0.00035331652249452687,0.0002996234146202595,3.5726840928708485e-08,0.0002996591414611882
81.53125,0.0008055952749901781,0.0002996222676737161,3.5753015501431465e-08,0.0002996580206892175
81.5625,0.000274745128560385,0.00029962112072717264,3.577921884545622e-08,0.0002996568999460181
81.59375,4.594145375408509e-05,0.0002996199737806292,3.5805451002960344e-08,0.00029965577923163214
81.625,0.00010646760477188213,0.00029961882683408577,3.583171201619873e-08,0.000299654658546102
81.65625,4.002750507875192e-05,0.00029961767988754233,3.585800192750379e-08,0.0002996535378894698
81.6875,7.957442485625321e-05,0.0002996165329409989,3.5884320779285527e-08,0.00029965241726177816
81.71875,7.030129934954178e-05,0.00029961538599445546,3.591066861403178e-08,0.0002996512966630695
81.75,0.00011717105500822387,0.000299614239047912,3.593704547430839e-08,0.00029965017609338634
81.78125,0.0001575619962871581,0.0002996130921013686,3.596345140275936e-08,0.00029964905555277134
81.8125,0.0005295652191773935,0.00029961194515482515,3.5989886442107e-08,0.00029964793504126723
81.84375,0.001218211483239733,0.0002996107982082817,3.601635063515214e-08,0.0002996468145589169
81.875,0.0003641436701580119,0.00029960965126173833,3.604284402477432e-08,0.0002996456941057631
81.90625,0.0004847849983898155,0.0002996085043151949,3.606936665393191e-08,0.00029964457368184883
81.9375,0.0003331488096787634,0.00029960735736865146,3.6095918565662275e-08,0.0002996434532872171
81.96875,0.0008125022201841162,0.000299606210422108,3.6122499803082037e-08,0.0002996423329219111
82.0,0.00047662999546265855,0.0002996050634755646,3.614911040938717e-08,0.00029964121258597396
82.03125,2.7862876468292645e-06,0.00029960391652902115,3.6175750427853175e-08,0.000299640092279449
82.0625,0.00017981681447010932,0.0002996027695824777,3.6202419901835344e-08,0.00029963897200237954
82.09375,0.00025366954493075686,0.00029960162263593427,3.6229118874768814e-08,0.00029963785175480905
82.125,0.00026465581025062927,0.00029960047568939084,3.6255847390168824e-08,0.000299636731536781
82.15625,0.0004047855383331853,0.0002995993287428474,3.6282605491630884e-08,0.000299635611348339
82.1875,0.0008205578071778502,0.00029959818179630396,3.630939322283091e-08,0.0002996344911895268
82.21875,0.0008578348809068467,0.0002995970348497605,3.6336210627525473e-08,0.00029963337106038803
82.25,0.00028681499685781465,0.0002995958879032171,3.6363057749551884e-08,0.00029963225096096667
82.28125,5.5004365916828864e-05,0.00029959474095667365,3.6389934632828495e-08,0.0002996311308913065
82.3125,2.958491085864754e-05,0.0002995935940101302,3.641684132135474e-08,0.0002996300108514516
82.34375,6.740721686500419e-05,0.0002995924470635868,3.6443777859211425e-08,0.000299628890841446
82.375,4.1699873998466775e-05,0.00029959130011704334,3.6470744290560856e-08,0.0002996277708613339
82.40625,0.000252037134428878,0.00029959015317049996,3.6497740659647035e-08,0.0002996266509111596
82.4375,0.00022524709204112936,0.0002995890062239565,3.6524767010795825e-08,0.0002996255309909673
82.46875,2.7753199429099804e-05,0.0002995878592774131,3.655182338841518e-08,0.00029962441110080153
82.5,1.2747968370024828e-05,0.00029958671233086965,3.657890983699524e-08,0.00029962329124070663
82.53125,5.553334923620496e-05,0.0002995855653843262,3.660602640110862e-08,0.00029962217141072734
82.5625,0.0002674546832501664,0.0002995844184377828,3.6633173125410494e-08,0.00029962105161090817
82.59375,0.00040391552182189095,0.00029958327149123934,3.666035005463885e-08,0.000299619931841294
82.625,0.0008221572124444182,0.0002995821245446959,3.668755723361465e-08,0.0002996188121019295
82.65625,0.0008015360863417055,0.00029958097759815247,3.6714794707241973e-08,0.0002996176923928597
82.6875,0.00026998674940884997,0.00029957983065160903,3.674206252050831e-08,0.00029961657271412954
82.71875,0.0002506895549218706,0.0002995786837050656,3.6769360718484625e-08,0.0002996154530657841
82.75,0.0013718393241465097,0.00029957753675852216,3.679668934632561e-08,0.00029961433344786846
82.78125,0.0008176785634354157,0.0002995763898119787,3.6824048449269877e-08,0.000299613213860428
82.8125,0.0004259380258347945,0.0002995752428654353,3.685143807264009e-08,0.0002996120943035079
82.84375,0.0003578176579658057,0.00029957409591889185,3.687885826184321e-08,0.0002996109747771537
82.875,0.00012067905078518633,0.0002995729489723484,3.6906309062370645e-08,0.0002996098552814108
82.90625,0.00030392098007339294,0.00029957180202580503,3.69337905197985e-08,0.00029960873581632484
82.9375,0.0005059459182935842,0.0002995706550792616,3.696130267978768e-08,0.0002996076163819414
82.96875,0.0001879036399289462,0.00029956950813271816,3.698884558808412e-08,0.0002996064969783062
83.0,0.0009223274794284199,0.0002995683611861747,3.701641929051899e-08,0.0002996053776054652
83.03125,0.0009831432151617663,0.0002995672142396313,3.704402383300886e-08,0.0002996042582634643
83.0625,0.0005121147218406024,0.00029956606729308785,3.7071659261555916e-08,0.0002996031389523494
83.09375,0.0005677840004885031,0.0002995649203465444,3.709932562224814e-08,0.00029960201967216667
83.125,0.0008571859608552477,0.000299563773400001,3.7127022961259475e-08,0.00029960090042296223
83.15625,0.00030334852228991173,0.00029956262645345754,3.715475132485008e-08,0.0002995997812047824
83.1875,0.00022703697158586204,0.0002995614795069141,3.718251075936644e-08,0.00029959866201767347
83.21875,0.0006670358968108742,0.00029956033256037067,3.7210301311241635e-08,0.0002995975428616819
83.25,0.0003995147452059669,0.00029955918561382723,3.723812302699552e-08,0.0002995964237368542
83.28125,0.00015859245801748227,0.0002995580386672838,3.726597595323483e-08,0.000299595304643237
83.3125,3.395808282624265e-05,0.00029955689172074036,3.729386013665356e-08,0.00029959418558087703
83.34375,0.0002072499910622537,0.0002995557447741969,3.732177562403296e-08,0.00029959306654982095
83.375,0.0002731989414260933,0.0002995545978276535,3.7349722462241865e-08,0.0002995919475501157
83.40625,0.00044540890952342213,0.00029955345088111005,3.7377700698236816e-08,0.0002995908285818083
83.4375,0.00023541548568204048,0.00029955230393456666,3.7405710379062316e-08,0.00029958970964494573
83.46875,0.0002630168019529692,0.0002995511569880232,3.743375155185097e-08,0.0002995885907395751
83.5,0.0005089063059066049,0.0002995500100414798,3.746182426382376e-08,0.0002995874718657436
83.53125,0.0009252722052362924,0.00029954886309493635,3.7489928562290153e-08,0.00029958635302349863
83.5625,0.0011327620034483257,0.0002995477161483929,3.751806449464837e-08,0.0002995852342128876
83.59375,0.0002717395840450878,0.0002995465692018495,3.7546232108385534e-08,0.00029958411543395784
83.625,0.00018296709573722495,0.00029954542225530604,3.757443145107793e-08,0.0002995829966867571
83.65625,0.00013501866198982126,0.0002995442753087626,3.7602662570391134e-08,0.000299581877971333
83.6875,8.363975218679068e-05,0.00029954312836221917,3.763092551408028e-08,0.00029958075928773325
83.71875,3.264639040120592e-05,0.00029954198141567573,3.765922032999022e-08,0.00029957964063600574
83.75,5.082987976732144e-05,0.0002995408344691323,3.768754706605576e-08,0.00029957852201619833
83.78125,9.394783019553601e-05,0.00029953968752258886,3.771590577030183e-08,0.00029957740342835917
83.8125,7.798520729812003e-06,0.0002995385405760454,3.774429649084368e-08,0.0002995762848725363
83.84375,1.7582377515426125e-05,0.000299537393629502,3.777271927588714e-08,0.00029957516634877786
83.875,9.590163245453976e-05,0.00029953624668295855,3.780117417372875e-08,0.00029957404785713225
83.90625,0.0003126538043842251,0.0002995350997364151,3.7829661232756054e-08,0.0002995729293976479
83.9375,5.804233931359615e-05,0.00029953395278987173,3.785818050144771e-08,0.0002995718109703732
83.96875,1.749666417596184e-05,0.0002995328058433283,3.788673202837379e-08,0.0002995706925753567
84.0,9.974462592802744e-05,0.00029953165889678486,3.7915315862195886e-08,0.00029956957421264707
84.03125,0.00047015658347167007,0.0002995305119502414,3.794393205166739e-08,0.00029956845588229307
84.0625,0.0002243016235051817,0.000299529365003698,3.797258064563371e-08,0.0002995673375843436
84.09375,4.645594434722063e-05,0.00029952821805715455,3.800126169303239e-08,0.00029956621931884756
84.125,5.434589735566463e-05,0.0002995270711106111,3.8029975242893446e-08,0.000299565101085854
84.15625,0.0005980792489563946,0.0002995259241640677,3.805872134433947e-08,0.00029956398288541203
84.1875,0.0010090109357019802,0.00029952477721752424,3.808750004658587e-08,0.00029956286471757084
84.21875,0.00135500914299411,0.0002995236302709808,3.8116311398941115e-08,0.00029956174658237974
84.25,0.0005289588170464459,0.00029952248332443737,3.814515545080691e-08,0.0002995606284798882
84.28125,0.00039449180154001455,0.00029952133637789393,3.817403225167841e-08,0.0002995595104101456
84.3125,0.00047847687566083814,0.0002995201894313505,3.8202941851144444e-08,0.00029955839237320165
84.34375,0.0005722231786190878,0.00029951904248480706,3.823188429888773e-08,0.00029955727436910593
84.375,0.0004175440233744231,0.0002995178955382636,3.826085964468508e-08,0.0002995561563979083
84.40625,0.00034827387598399147,0.0002995167485917202,3.8289867938407614e-08,0.0002995550384596586
84.4375,0.000624953408736734,0.00029951560164517675,3.831890923002097e-08,0.0002995539205544068
84.46875,0.0008792663104916855,0.00029951445469863337,3.8347983569585524e-08,0.00029955280268220295
84.5,0.00029913869932472916,0.00029951330775208993,3.8377091007256617e-08,0.00029955168484309717
84.53125,0.00013049349373903276,0.0002995121608055465,3.8406231593284763e-08,0.0002995505670371398
84.5625,0.0004621564072505479,0.00029951101385900306,3.843540537801587e-08,0.0002995494492643811
84.59375,0.0010244179984600721,0.0002995098669124596,3.846461241189141e-08,0.00029954833152487153
84.625,0.0006894212133549501,0.0002995087199659162,3.849385274544873e-08,0.0002995472138186616
84.65625,0.00014894284777424729,0.00029950757301937275,3.852312642932119e-08,0.0002995460961458021
84.6875,0.000604421342023676,0.0002995064260728293,3.8552433514238416e-08,0.00029954497850634356
84.71875,0.0010001763504249052,0.0002995052791262859,3.85817740510265e-08,0.0002995438609003369
84.75,0.0005071386586152336,0.00029950413217974244,3.861114809060827e-08,0.00029954274332783307
84.78125,0.00014999290556706144,0.000299502985233199,3.864055568400346e-08,0.000299541625788883
84.8125,0.0005729212401041474,0.00029950183828665556,3.866999688232892e-08,0.00029954050828353787
84.84375,0.00043409740601435987,0.0002995006913401121,3.869947173679891e-08,0.0002995393908118489
84.875,9.208496829270236e-05,0.0002994995443935687,3.8728980298725236e-08,0.0002995382733738674
84.90625,3.9476483677110224e-05,0.00029949839744702525,3.8758522619517545e-08,0.00029953715596964475
84.9375,0.0003434967870768927,0.0002994972505004818,3.878809875068348e-08,0.0002995360385992325
84.96875,0.0005700236758249476,0.0002994961035539384,3.8817708743829e-08,0.0002995349212626822
85.0,0.0005515034762480528,0.000299494956607395,3.884735265065851e-08,0.00029953380396004567
85.03125,0.0002201665077144749,0.00029949380966085156,3.887703052297512e-08,0.00029953268669137453
85.0625,2.9193655233277707e-05,0.0002994926627143081,3.89067424126809e-08,0.0002995315694567208
85.09375,0.0001186320812516901,0.0002994915157677647,3.8936488371777056e-08,0.00029953045225613646
85.125,0.00031648173347859044,0.00029949036882122125,3.89662684523642e-08,0.0002995293350896736
85.15625,9.879679938985046e-05,0.0002994892218746778,3.8996082706642564e-08,0.0002995282179573845
85.1875,7.403480194377402e-05,0.0002994880749281344,3.9025931186912215e-08,0.0002995271008593213
85.21875,0.00010419036419395176,0.00029948692798159094,3.905581394557331e-08,0.0002995259837955365
85.25,6.0786064630386814e-05,0.0002994857810350475,3.90857310351263e-08,0.00029952486676608264
85.28125,4.200210051729127e-05,0.00029948463408850407,3.9115682508172165e-08,0.00029952374977101226
85.3125,1.1866167768940942e-06,0.00029948348714196063,3.9145668417412673e-08,0.00029952263281037803
85.34375,5.32158321355247e-07,0.0002994823401954172,3.9175688815650574e-08,0.00029952151588423287
85.375,4.625361477516441e-05,0.00029948119324887376,3.920574375578985e-08,0.0002995203989926295
85.40625,0.00024338375609437543,0.0002994800463023303,3.923583329083597e-08,0.00029951928213562117
85.4375,0.0004055255220704163,0.0002994788993557869,3.926595747389607e-08,0.0002995181653132608
85.46875,0.00019570048249487125,0.00029947775240924345,3.9296116358179225e-08,0.0002995170485256016
85.5,7.909567602358946e-05,0.00029947660546270007,3.932630999699669e-08,0.00029951593177269707
85.53125,0.0001182576432078497,0.00029947545851615663,3.93565384437621e-08,0.0002995148150546004
85.5625,3.054524452059121e-05,0.0002994743115696132,3.938680175199176e-08,0.0002995136983713652
85.59375,0.00024357152719247635,0.00029947316462306976,3.941709997530483e-08,0.00029951258172304505
85.625,0.000288151371650542,0.0002994720176765263,3.944743316742357e-08,0.00029951146510969373
85.65625,8.108774440638353e-05,0.0002994708707299829,3.947780138217362e-08,0.0002995103485313651
85.6875,0.0001052352241841779,0.00029946972378343945,3.9508204673484186e-08,0.0002995092319881129
85.71875,6.645478251101586e-05,0.000299468576836896,3.953864309538831e-08,0.0002995081154799914
85.75,0.0005062523390118647,0.0002994674298903526,3.9569116702023076e-08,0.0002995069990070546
85.78125,2.055756919085166e-05,0.00029946628294380914,3.959962554762995e-08,0.0002995058825693568
85.8125,0.00023484687477678772,0.0002994651359972657,3.963016968655487e-08,0.0002995047661669523
85.84375,0.0001352755698068736,0.00029946398905072227,3.966074917324861e-08,0.00029950364979989554
85.875,0.00030542766501612245,0.00029946284210417883,3.969136406226694e-08,0.0002995025334682411
85.90625,0.0003327083759111751,0.0002994616951576354,3.972201440827097e-08,0.0002995014171720437
85.9375,0.0008387894401255219,0.00029946054821109196,3.975270026602724e-08,0.00029950030091135797
85.96875,0.0007049431018849977,0.0002994594012645485,3.978342169040817e-08,0.0002994991846862389
86.0,0.0013499059895818182,0.0002994582543180051,3.9814178736392086e-08,0.00029949806849674147
86.03125,0.0002755510395026271,0.0002994571073714617,3.984497145906363e-08,0.0002994969523429208
86.0625,3.7332952843575086e-05,0.00029945596042491826,3.987579991361395e-08,0.0002994958362248319
86.09375,2.2691013628294836e-05,0.0002994548134783748,3.990666415534089e-08,0.00029949472014253017
86.125,3.969997549160211e-05,0.0002994536665318314,3.9937564239649354e-08,0.00029949360409607103
86.15625,8.583162463915065e-06,0.00029945251958528795,3.996850022205146e-08,0.00029949248808551
86.1875,5.91241651358031e-05,0.0002994513726387445,3.999947215816684e-08,0.0002994913721109027
86.21875,0.0005203333827248856,0.0002994502256922011,4.0030480103722846e-08,0.0002994902561723048
86.25,0.0002523261790180783,0.00029944907874565764,4.006152411455486e-08,0.0002994891402697722
86.28125,2.7507000978461272e-05,0.0002994479317991142,4.009260424660649e-08,0.00029948802440336083
86.3125,5.189137536753825e-05,0.00029944678485257077,4.012372055592983e-08,0.0002994869085731267
86.34375,0.0002510415720666915,0.00029944563790602733,4.015487309868577e-08,0.00029948579277912603
86.375,2.4607976075637196e-05,0.0002994444909594839,4.0186061931144156e-08,0.00029948467702141504
86.40625,1.5995636625291297e-05,0.00029944334401294046,4.021728710968414e-08,0.00029948356130005013
86.4375,3.707769279557172e-05,0.000299442197066397,4.024854869079435e-08,0.0002994824456150878
86.46875,0.00022742885910752113,0.0002994410501198536,4.027984673107321e-08,0.00029948132996658464
86.5,0.0005863755764369271,0.00029943990317331015,4.0311181287229135e-08,0.00029948021435459736
86.53125,0.00039689481177975335,0.00029943875622676677,4.0342552416080876e-08,0.00029947909877918287
86.5625,0.00011896962313233904,0.00029943760928022333,4.0373960174557644e-08,0.0002994779832403979
86.59375,0.00015076912274707786,0.0002994364623336799,4.0405404619699555e-08,0.0002994768677382996
86.625,0.0005887309274404593,0.00029943531538713646,4.043688580865768e-08,0.0002994757522729451
86.65625,0.00021945047661909092,0.000299434168440593,4.046840379869447e-08,0.0002994746368443917
86.6875,0.0004581937989467181,0.0002994330214940496,4.049995864718392e-08,0.00029947352145269675
86.71875,0.00010032104571239549,0.00029943187454750615,4.053155041161188e-08,0.0002994724060979178
86.75,5.068443030431415e-05,0.0002994307276009627,4.0563179149576276e-08,0.0002994712907801123
86.78125,0.00012991199461947732,0.0002994295806544193,4.059484491878741e-08,0.0002994701754993381
86.8125,0.0001863137830631016,0.00029942843370787584,4.062654777706824e-08,0.0002994690602556529
86.84375,8.726245806555556e-05,0.0002994272867613324,4.0658287782354545e-08,0.00029946794504911474
86.875,2.8839147199400753e-05,0.00029942613981478897,4.069006499269532e-08,0.00029946682987978167
86.90625,4.132840911815009e-05,0.00029942499286824553,4.072187946625293e-08,0.00029946571474771176
86.9375,0.000207366142576524,0.0002994238459217021,4.075373126130346e-08,0.0002994645996529634
86.96875,0.00029468761171241354,0.00029942269897515866,4.0785620436236913e-08,0.0002994634845955949
87.0,0.0001982411713837415,0.0002994215520286152,4.081754704955755e-08,0.0002994623695756648
87.03125,2.1376146428081743e-05,0.0002994204050820718,4.084951115988408e-08,0.0002994612545932317
87.0625,1.8017762940238296e-05,0.0002994192581355284,4.088151282594999e-08,0.00029946013964835433
87.09375,8.054251825984692e-05,0.00029941811118898497,4.0913552106603776e-08,0.0002994590247410916
87.125,0.000189611666354127,0.00029941696424244153,4.094562906080924e-08,0.00029945790987150235
87.15625,0.00015418536484421462,0.0002994158172958981,4.097774374764576e-08,0.00029945679503964575
87.1875,9.866808846909091e-05,0.00029941467034935466,4.1009896226308504e-08,0.00029945568024558096
87.21875,4.229966830154489e-05,0.0002994135234028112,4.104208655610883e-08,0.00029945456548936735
87.25,5.3075487600657736e-05,0.0002994123764562678,4.107431479647443e-08,0.0002994534507710643
87.28125,0.00032482388867255635,0.00029941122950972435,4.110658100694965e-08,0.0002994523360907313
87.3125,0.00060774911463043,0.0002994100825631809,4.1138885247195774e-08,0.0002994512214484281
87.34375,0.00029734334664293494,0.0002994089356166375,4.1171227576991314e-08,0.00029945010684421445
87.375,0.00015511439201788173,0.00029940778867009404,4.120360805623226e-08,0.0002994489922781503
87.40625,0.0007376430071295583,0.0002994066417235506,4.1236026744932325e-08,0.0002994478777502955
87.4375,0.0008116654163043058,0.00029940549477700716,4.126848370322334e-08,0.00029944676326071036
87.46875,6.839919857468088e-05,0.0002994043478304637,4.1300978991355384e-08,0.00029944564880945507
87.5,0.0005335491373999519,0.0002994032008839203,4.133351266969718e-08,0.00029944453439658997
87.53125,0.0006456190532838681,0.00029940205393737685,4.136608479873629e-08,0.0002994434200221756
87.5625,8.638423075896844e-05,0.00029940090699083347,4.139869543907947e-08,0.00029944230568627254
87.59375,0.0001289710994796992,0.00029939976004429003,4.1431344651452894e-08,0.0002994411913889415
87.625,0.0001545368553664867,0.0002993986130977466,4.1464032496702486e-08,0.0002994400771302433
87.65625,0.0002031436372289423,0.00029939746615120316,4.1496759035794153e-08,0.00029943896291023897
87.6875,0.00032811962461977624,0.0002993963192046597,4.15295243298141e-08,0.00029943784872898954
87.71875,0.0010477792128412182,0.0002993951722581163,4.156232843996909e-08,0.0002994367345865563
87.75,0.00035213218934666455,0.00029939402531157285,4.159517142758681e-08,0.00029943562048300045
87.78125,4.478114288664053e-05,0.0002993928783650294,4.162805335411602e-08,0.0002994345064183835
87.8125,5.0372178452273356e-05,0.000299391731418486,4.166097428112694e-08,0.0002994333923927671
87.84375,0.0002550699232086075,0.00029939058447194254,4.169393427031156e-08,0.0002994322784062129
87.875,0.0005309551592589815,0.0002993894375253991,4.172693338348382e-08,0.0002994311644587826
87.90625,2.5195653134284126e-05,0.00029938829057885567,4.1759971682579984e-08,0.00029943005055053825
87.9375,0.00019735820988209057,0.00029938714363231223,4.1793049229658916e-08,0.00029942893668154187
87.96875,0.0003762003402454234,0.0002993859966857688,4.182616608690235e-08,0.0002994278228518557
88.0,0.00013332589492163075,0.00029938484973922536,4.185932231661521e-08,0.000299426709061542
88.03125,8.225473710030205e-05,0.0002993837027926819,4.1892517981225894e-08,0.00029942559531066315
88.0625,5.514233548966869e-05,0.0002993825558461385,4.1925753143286534e-08,0.0002994244815992818
88.09375,0.00036467387733568965,0.0002993814088995951,4.195902786547335e-08,0.0002994233679274606
88.125,0.00040639512617663765,0.00029938026195305167,4.1992342210586896e-08,0.00029942225429526224
88.15625,0.00038584516305472456,0.00029937911500650823,4.2025696241552374e-08,0.00029942114070274976
88.1875,0.00011485933858907585,0.0002993779680599648,4.2059090021419936e-08,0.0002994200271499862
88.21875,0.00020502186011657798,0.00029937682111342136,4.2092523613364974e-08,0.0002994189136370347
88.25,0.0001624879097321043,0.0002993756741668779,4.212599708068844e-08,0.0002994178001639586
88.28125,0.0004121323048149148,0.0002993745272203345,4.215951048681711e-08,0.0002994166867308213
88.3125,0.0011638012065218017,0.00029937338027379105,4.219306389530388e-08,0.00029941557333768633
88.34375,0.0006090005811848802,0.0002993722333272476,4.222665736982815e-08,0.0002994144599846174
88.375,2.9326590268743873e-05,0.0002993710863807042,4.226029097419599e-08,0.00029941334667167834
88.40625,1.9518415462568067e-05,0.00029936993943416074,4.229396477234058e-08,0.0002994122333989331
88.4375,0.00010603757375810707,0.0002993687924876173,4.2327678828322397e-08,0.0002994111201664456
88.46875,0.0009388158740653322,0.00029936764554107387,4.236143320632962e-08,0.0002994100069742802
88.5,0.0020043848976006385,0.00029936649859453043,4.2395227970678376e-08,0.0002994088938225011
88.53125,0.0014884472180541487,0.000299365351647987,4.242906318581305e-08,0.0002994077807111728
88.5625,0.0004205799070876175,0.00029936420470144356,4.246293891630659e-08,0.0002994066676403599
88.59375,9.707126047382378e-05,0.0002993630577549001,4.249685522686086e-08,0.00029940555461012696
88.625,0.00048697622164185794,0.00029936191080835674,4.2530812182306867e-08,0.00029940444162053904
88.65625,0.0010455693776405643,0.0002993607638618133,4.256480984760517e-08,0.0002994033286716609
88.6875,0.000427639476599305,0.00029935961691526986,4.25988482878461e-08,0.00029940221576355773
88.71875,4.931198218192236e-05,0.0002993584699687264,4.2632927568250147e-08,0.0002994011028962947
88.75,2.203587911863967e-05,0.000299357323022183,4.266704775416819e-08,0.00029939999006993716
88.78125,8.108374464172297e-06,0.00029935617607563955,4.270120891108188e-08,0.00029939887728455065
88.8125,7.92664183737106e-05,0.0002993550291290961,4.273541110460394e-08,0.0002993977645402007
88.84375,9.336260711683827e-05,0.0002993538821825527,4.2769654400478435e-08,0.0002993966518369532
88.875,0.00032261833588258254,0.00029935273523600924,4.2803938864581164e-08,0.00029939553917487385
88.90625,0.00020528025084357078,0.0002993515882894658,4.2838264562919926e-08,0.0002993944265540287
88.9375,0.0010478232029653353,0.00029935044134292237,4.2872631561634805e-08,0.000299393313974484
88.96875,0.0013753148956540794,0.00029934929439637893,4.290703992699858e-08,0.00029939220143630595
89.0,0.0005665557503393993,0.0002993481474498355,4.294148972541696e-08,0.00029939108893956094
89.03125,0.000394445141835609,0.00029934700050329206,4.2975981023428956e-08,0.0002993899764843155
89.0625,0.00014069672167156183,0.0002993458535567486,4.3010513887707186e-08,0.0002993888640706363
89.09375,0.00027486194136081075,0.0002993447066102052,4.304508838505819e-08,0.0002993877516985902
89.125,0.0007712304737441141,0.0002993435596636618,4.307970458242275e-08,0.00029938663936824423
89.15625,0.00029853116272626887,0.00029934241271711837,4.3114362546876236e-08,0.0002993855270796652
89.1875,0.0003097388454228687,0.00029934126577057493,4.3149062345628894e-08,0.00029938441483292054
89.21875,0.0005795455419215517,0.0002993401188240315,4.318380404602623e-08,0.0002993833026280775
89.25,0.00015993089005885588,0.00029933897187748806,4.321858771554925e-08,0.0002993821904652036
89.28125,1.4564578372134402e-05,0.0002993378249309446,4.3253413421814916e-08,0.00029938107834436646
89.3125,8.991093883271004e-05,0.0002993366779844012,4.328828123257631e-08,0.00029937996626563376
89.34375,0.00021770064673890408,0.00029933553103785775,4.332319121572312e-08,0.0002993788542290735
89.375,0.00027307868963054516,0.0002993343840913143,4.335814343928184e-08,0.0002993777422347536
89.40625,5.594358427157283e-05,0.0002993332371447709,4.339313797141621e-08,0.0002993766302827423
89.4375,0.0005705266979448651,0.00029933209019822744,4.342817488042748e-08,0.0002993755183731079
89.46875,0.0003064879720947617,0.000299330943251684,4.346325423475475e-08,0.00029937440650591875
89.5,0.0001250143550597965,0.00029932979630514057,4.349837610297535e-08,0.00029937329468124357
89.53125,0.0009820712222618486,0.00029932864935859713,4.353354055380512e-08,0.0002993721828991509
89.5625,0.000524216611889267,0.0002993275024120537,4.3568747656098764e-08,0.0002993710711597098
89.59375,3.788697722310083e-05,0.00029932635546551026,4.360399747885019e-08,0.0002993699594629891
89.625,0.0003476993552281362,0.0002993252085189668,4.3639290091192875e-08,0.00029936884780905804
89.65625,0.0005032580076471255,0.00029932406157242344,4.367462556240012e-08,0.00029936773619798586
89.6875,7.794896825325861e-05,0.00029932291462588,4.371000396188553e-08,0.0002993666246298419
89.71875,2.2574353458353546e-05,0.00029932176767933657,4.374542535920319e-08,0.0002993655131046958
89.75,7.402322207326695e-05,0.00029932062073279313,4.378088982404814e-08,0.00029936440162261715
89.78125,2.0999011868301403e-05,0.0002993194737862497,4.381639742625665e-08,0.00029936329018367594
89.8125,7.131261479646094e-05,0.00029931832683970626,4.385194823580655e-08,0.00029936217878794204
89.84375,5.446165736465942e-05,0.0002993171798931628,4.388754232281767e-08,0.00029936106743548563
89.875,3.865007106299152e-06,0.0002993160329466194,4.392317975755203e-08,0.00029935995612637693
89.90625,7.325094989570877e-05,0.00029931488600007595,4.39588606104144e-08,0.00029935884486068635
89.9375,7.856162863680003e-05,0.0002993137390535325,4.399458495195239e-08,0.0002993577336384845
89.96875,0.00023474454705388708,0.0002993125921069891,4.4030352852857004e-08,0.00029935662245984194
90.0,9.725852724140979e-06,0.00029931144516044564,4.406616438396292e-08,0.0002993555113248296
90.03125,0.00040124942787525417,0.0002993102982139022,4.410201961624881e-08,0.00029935440023351847
90.0625,0.0006155335524103805,0.00029930915126735876,4.413791862083772e-08,0.0002993532891859796
90.09375,0.0004103023737860627,0.0002993080043208153,4.4173861468997465e-08,0.0002993521781822843
90.125,9.93271109545514e-05,0.0002993068573742719,4.4209848232140895e-08,0.00029935106722250404
90.15625,5.81259116670035e-07,0.0002993057104277285,4.42458789818263e-08,0.00029934995630671033
90.1875,9.896513061354079e-05,0.00029930456348118507,4.428195378975777e-08,0.0002993488454349748
90.21875,0.0003321346872880306,0.00029930341653464163,4.431807272778554e-08,0.00029934773460736945
90.25,0.0004830064783388546,0.0002993022695880982,4.4354235867906354e-08,0.0002993466238239661
90.28125,0.000632374302484039,0.00029930112264155476,4.439044328226377e-08,0.000299345513084837
90.3125,0.0006592494233526598,0.0002992999756950113,4.442669504314865e-08,0.0002993444023900545
90.34375,0.0008054867354654283,0.0002992988287484679,4.446299122299937e-08,0.0002993432917396909
90.375,0.0010909115504444814,0.00029929768180192445,4.44993318944023e-08,0.00029934218113381885
90.40625,0.0006275272545382701,0.000299296534855381,4.4535717130092066e-08,0.0002993410705725111
90.4375,0.00013207787639982806,0.0002992953879088376,4.457214700295199e-08,0.0002993399600558405
90.46875,6.300852705921142e-05,0.00029929424096229414,4.460862158601442e-08,0.00029933884958388015
90.5,7.214699652897941e-05,0.0002992930940157507,4.4645140952461145e-08,0.0002993377391567032
90.53125,5.043040791523539e-05,0.00029929194706920727,4.468170517562367e-08,0.0002993366287743829
90.5625,3.455270634155694e-05,0.00029929080012266383,4.471831432898365e-08,0.0002993355184369928
90.59375,7.863134379271333e-05,0.0002992896531761204,4.475496848617326e-08,0.00029933440814460655
90.625,0.0001811109693766943,0.00029928850622957696,4.4791667720975524e-08,0.0002993332978972979
90.65625,7.446122737553527e-05,0.0002992873592830335,4.482841210732472e-08,0.00029933218769514087
90.6875,0.00032298583424296233,0.00029928621233649014,4.486520171930676e-08,0.0002993310775382094
90.71875,0.0003905188292514542,0.0002992850653899467,4.490203663115953e-08,0.00029932996742657785
90.75,6.943205298926843e-05,0.00029928391844340327,4.49389169172733e-08,0.00029932885736032056
90.78125,0.0004460834999191788,0.00029928277149685983,4.497584265219105e-08,0.000299327747339512
90.8125,0.0004410973644764504,0.0002992816245503164,4.5012813910608895e-08,0.00029932663736422703
90.84375,8.622793087692295e-05,0.00029928047760377296,4.504983076737646e-08,0.00029932552743454035
90.875,0.0001817121643383338,0.0002992793306572295,4.50868932974972e-08,0.00029932441755052704
90.90625,0.00012552232930667582,0.0002992781837106861,4.5124001576128846e-08,0.00029932330771226224
90.9375,0.00012418020562437025,0.00029927703676414265,4.516115567858379e-08,0.00029932219791982124
90.96875,0.000525563312035737,0.0002992758898175992,4.51983556803294e-08,0.00029932108817327957
91.0,0.0003093114401861388,0.0002992747428710558,4.5235601656988464e-08,0.0002993199784727128
91.03125,0.00028425201895629647,0.00029927359592451234,4.527289368433952e-08,0.00029931886881819666
91.0625,0.00021904378766341852,0.0002992724489779689,4.531023183831732e-08,0.0002993177592098072
91.09375,3.8487388156852715e-05,0.00029927130203142547,4.534761619501313e-08,0.00029931664964762047
91.125,6.672136070805004e-05,0.00029927015508488203,4.538504683067518e-08,0.0002993155401317127
91.15625,0.00010290865390016887,0.0002992690081383386,4.5422523821709044e-08,0.0002993144306621603
91.1875,0.0003739896692852874,0.0002992678611917952,4.5460047244677964e-08,0.00029931332123903987
91.21875,0.0008230953025385893,0.0002992667142452518,4.5497617176303345e-08,0.0002993122118624281
91.25,0.00044207901743805296,0.00029926556729870834,4.553523369346506e-08,0.0002993111025324018
91.28125,0.0002077070822890652,0.0002992644203521649,4.5572896873201905e-08,0.00029930999324903813
91.3125,2.0416810227618066e-05,0.00029926327340562146,4.5610606792711914e-08,0.0002993088840124142
91.34375,8.636431532992044e-06,0.00029926212645907803,4.5648363529352876e-08,0.0002993077748226074
91.375,0.00013706330541174528,0.0002992609795125346,4.568616716064262e-08,0.00029930666567969523
91.40625,0.00026255241892884874,0.00029925983256599115,4.572401776425945e-08,0.0002993055565837554
91.4375,9.156822128114109e-05,0.0002992586856194477,4.576191541804256e-08,0.00029930444753486574
91.46875,0.0002307650959396593,0.0002992575386729043,4.579986019999243e-08,0.0002993033385331043
91.5,0.0002657227598586601,0.00029925639172636084,4.583785218827118e-08,0.00029930222957854914
91.53125,1.8542171968582616e-05,0.0002992552447798174,4.587589146120307e-08,0.0002993011206712786
91.5625,0.00019892604190561509,0.00029925409783327397,4.5913978097274795e-08,0.00029930001181137123
91.59375,0.00011801557330978616,0.00029925295088673053,4.595211217513596e-08,0.00029929890299890566
91.625,0.00018361578085185066,0.0002992518039401871,4.599029377359946e-08,0.0002992977942339607
91.65625,0.0003394486256465794,0.00029925065699364366,4.602852297164189e-08,0.0002992966855166153
91.6875,0.0005106690065155498,0.0002992495100471002,4.606679984840395e-08,0.0002992955768469486
91.71875,0.0007478925783989839,0.00029924836310055684,4.6105124483190866e-08,0.00029929446822504004
91.75,0.00037989610056166664,0.0002992472161540134,4.6143496955472816e-08,0.0002992933596509689
91.78125,3.6198768926655795e-05,0.00029924606920746997,4.6181917344885266e-08,0.00029929225112481484
91.8125,0.000726427699145627,0.00029924492226092653,4.622038573122949e-08,0.00029929114264665776
91.84375,0.0009866670295429758,0.0002992437753143831,4.625890219447288e-08,0.00029929003421657756
91.875,0.00028796589358226905,0.00029924262836783966,4.6297466814749455e-08,0.0002992889258346544
91.90625,0.0004463033752833662,0.0002992414814212962,4.633607967236022e-08,0.0002992878175009686
91.9375,0.0005444945809216021,0.0002992403344747528,4.6374740847773565e-08,0.00029928670921560053
91.96875,0.0004699488403536333,0.00029923918752820935,4.6413450421625775e-08,0.000299285600978631
92.0,0.0003165537745656728,0.0002992380405816659,4.6452208474721354e-08,0.00029928449279014065
92.03125,0.000347249790758445,0.0002992368936351225,4.6491015088033495e-08,0.0002992833846502105
92.0625,0.0004809705074077283,0.00029923574668857904,4.652987034270448e-08,0.00029928227655892176
92.09375,9.759866338064584e-05,0.0002992345997420356,4.656877432004613e-08,0.00029928116851635564
92.125,0.00011763254836773539,0.00029923345279549217,4.6607727101540204e-08,0.0002992800605225937
92.15625,0.00036013027026840256,0.00029923230584894873,4.664672876883886e-08,0.0002992789525777176
92.1875,0.00020736233272341484,0.0002992311589024053,4.668577940376504e-08,0.00029927784468180906
92.21875,9.480508794617265e-05,0.00029923001195586186,4.6724879088312913e-08,0.00029927673683495016
92.25,2.8196621016682484e-05,0.0002992288650093185,4.6764027904648327e-08,0.00029927562903722313
92.28125,5.11742921592171e-05,0.00029922771806277504,4.6803225935109214e-08,0.00029927452128871015
92.3125,0.0008861483722777091,0.0002992265711162316,4.684247326220604e-08,0.0002992734135894938
92.34375,0.001270763929710993,0.00029922542416968817,4.6881769968622216e-08,0.0002992723059396568
92.375,0.0003162148737868533,0.00029922427722314473,4.6921116137214584e-08,0.00029927119833928194
92.40625,0.00013210347257589934,0.0002992231302766013,4.696051185101378e-08,0.0002992700907884523
92.4375,6.473471722529335e-05,0.00029922198333005786,4.699995719322473e-08,0.0002992689832872511
92.46875,0.00017876920405889503,0.0002992208363835144,4.7039452247227073e-08,0.00029926787583576164
92.5,0.000302805236353326,0.000299219689436971,4.707899709657558e-08,0.00029926676843406753
92.53125,0.0003537625948686966,0.00029921854249042755,4.7118591825000606e-08,0.0002992656610822525
92.5625,0.0007962609615169568,0.0002992173955438841,4.71582365164086e-08,0.00029926455378040054
92.59375,0.0007903145030078302,0.0002992162485973407,4.719793125488241e-08,0.00029926344652859554
92.625,4.305375234252858e-05,0.00029921510165079724,4.723767612468186e-08,0.00029926233932692193
92.65625,0.00024177730364730076,0.0002992139547042538,4.727747121024412e-08,0.00029926123217546407
92.6875,4.3176747878744734e-05,0.00029921280775771036,4.7317316596184194e-08,0.0002992601250743065
92.71875,0.00011842085927822391,0.0002992116608111669,4.735721236729534e-08,0.00029925901802353423
92.75,6.535233050839727e-05,0.00029921051386462354,4.739715860854954e-08,0.0002992579110232321
92.78125,0.00020627273121728441,0.0002992093669180801,4.743715540509797e-08,0.0002992568040734852
92.8125,0.0003519525871897741,0.00029920821997153667,4.74772028422714e-08,0.00029925569717437894
92.84375,0.00010977677666612081,0.00029920707302499323,4.7517301005580684e-08,0.0002992545903259988
92.875,0.000101433993524211,0.0002992059260784498,4.755744998071723e-08,0.00029925348352843054
92.90625,0.0003178777007655447,0.00029920477913190636,4.759764985355341e-08,0.00029925237678175994
92.9375,0.0007375368918700403,0.0002992036321853629,4.7637900710143086e-08,0.0002992512700860731
92.96875,0.0010355127038635262,0.0002992024852388195,4.767820263672198e-08,0.0002992501634414562
93.0,0.0005321906588547488,0.00029920133829227605,4.771855571970825e-08,0.0002992490568479958
93.03125,0.0003350890937759189,0.0002992001913457326,4.775896004570286e-08,0.00029924795030577834
93.0625,0.0003412648325039724,0.0002991990443991892,4.779941570149006e-08,0.00029924684381489066
93.09375,2.0718444854875146e-05,0.00029919789745264574,4.783992277403789e-08,0.0002992457373754198
93.125,6.331756403410365e-05,0.0002991967505061023,4.7880481350498614e-08,0.0002992446309874528
93.15625,0.00011929460129832638,0.00029919560355955887,4.792109151820919e-08,0.00029924352465107707
93.1875,0.0007914595556683729,0.00029919445661301543,4.7961753364691776e-08,0.00029924241836638013
93.21875,0.00019711389211690705,0.000299193309666472,4.800246697765414e-08,0.0002992413121334496
93.25,0.0003241195859577821,0.00029919216271992856,4.8043232444990205e-08,0.0002992402059523735
93.28125,0.0004808181015003644,0.0002991910157733852,4.808404985478044e-08,0.00029923909982324
93.3125,0.0004876371290326698,0.00029918986882684174,4.81249192952924e-08,0.000299237993746137
93.34375,0.0003203111267396237,0.0002991887218802983,4.81658408549812e-08,0.0002992368877211533
93.375,0.000519410565539529,0.00029918757493375487,4.820681462248993e-08,0.00029923578174837737
93.40625,0.0002856196202150327,0.00029918642798721143,4.824784068665024e-08,0.0002992346758278981
93.4375,0.00015101718885042508,0.000299185281040668,4.8288919136482724e-08,0.0002992335699598045
93.46875,8.186658470049483e-05,0.00029918413409412456,4.833005006119743e-08,0.00029923246414418573
93.5,0.00023333887789734578,0.0002991829871475811,4.8371233550194395e-08,0.0002992313583811313
93.53125,0.0005993898870947245,0.0002991818402010377,4.841246969306404e-08,0.00029923025267073074
93.5625,0.0006442236265315071,0.00029918069325449425,4.8453758579587734e-08,0.00029922914701307384
93.59375,0.0001287216530885096,0.0002991795463079508,4.849510029973828e-08,0.00029922804140825054
93.625,0.00023289998447172507,0.0002991783993614074,4.853649494368034e-08,0.00029922693585635106
93.65625,0.0005603046786542104,0.00029917725241486394,4.857794260177097e-08,0.0002992258303574657
93.6875,0.0006337880196974077,0.0002991761054683205,4.861944336456012e-08,0.00029922472491168505
93.71875,0.00038928791324212037,0.00029917495852177707,4.8660997322791124e-08,0.00029922361951909986
93.75,0.00029199874070069145,0.00029917381157523363,4.870260456740116e-08,0.00029922251417980103
93.78125,3.175337178287182e-05,0.00029917266462869025,4.87442651895218e-08,0.00029922140889387976
93.8125,0.00013695888370330046,0.0002991715176821468,4.8785979280479496e-08,0.0002992203036614273
93.84375,0.00028339502668042293,0.0002991703707356034,4.8827746931796035e-08,0.0002992191984825352
93.875,0.000906547385280624,0.00029916922378905994,4.88695682351891e-08,0.0002992180933572951
93.90625,0.0008035032212402171,0.0002991680768425165,4.891144328257273e-08,0.00029921698828579905
93.9375,0.0005393763404511441,0.00029916692989597306,4.895337216605786e-08,0.0002992158832681391
93.96875,0.0010558869980293315,0.00029916578294942963,4.899535497795277e-08,0.0002992147783044076
94.0,0.0008618948268710688,0.0002991646360028862,4.9037391810763704e-08,0.00029921367339469693
94.03125,0.0008842463762825292,0.00029916348905634275,4.907948275719525e-08,0.00029921256853909995
94.0625,0.0011584647321770448,0.0002991623421097993,4.912162791015091e-08,0.0002992114637377095
94.09375,0.0003755792865278221,0.0002991611951632559,4.916382736273363e-08,0.0002992103589906186
94.125,8.258671945949072e-05,0.00029916004821671244,4.920608120824629e-08,0.0002992092542979207
94.15625,0.000250005598277768,0.000299158901270169,4.924838954019222e-08,0.0002992081496597092
94.1875,0.000251433595209098,0.00029915775432362557,4.929075245227569e-08,0.00029920704507607786
94.21875,6.467324097664266e-05,0.00029915660737708213,4.933317003840254e-08,0.0002992059405471205
94.25,9.53358789379595e-05,0.0002991554604305387,4.937564239268055e-08,0.0002992048360729314
94.28125,0.00010310488194027697,0.00029915431348399526,4.941816960942003e-08,0.0002992037316536047
94.3125,0.00012746773708326883,0.0002991531665374519,4.946075178313438e-08,0.000299202627289235
94.34375,0.00035724936157201443,0.00029915201959090844,4.950338900854056e-08,0.000299201522979917
94.375,0.00016234130217003385,0.000299150872644365,4.9546081380559616e-08,0.00029920041872574555
94.40625,0.0010472983226678951,0.00029914972569782157,4.958882899431725e-08,0.0002991993145268159
94.4375,0.00038212480012359397,0.00029914857875127813,4.963163194514435e-08,0.0002991982103832233
94.46875,1.938128599689716e-05,0.0002991474318047347,4.967449032857745e-08,0.00029919710629506326
94.5,0.000275335972616852,0.00029914628485819126,4.971740424035932e-08,0.0002991960022624316
94.53125,0.0002398785632813685,0.0002991451379116478,4.9760373776439514e-08,0.00029919489828542426
94.5625,8.701459938117653e-05,0.0002991439909651044,4.9803399032974864e-08,0.00029919379436413736
94.59375,0.0006889661677612627,0.00029914284401856095,4.9846480106330014e-08,0.0002991926904986673
94.625,0.0007902957012352555,0.0002991416970720175,4.988961709307805e-08,0.00029919158668911057
94.65625,0.0006381485123565822,0.0002991405501254741,4.99328100900009e-08,0.00029919048293556406
94.6875,0.0003655479538867695,0.00029913940317893064,4.997605919408999e-08,0.00029918937923812473
94.71875,0.0006517490518106127,0.0002991382562323872,5.001936450254672e-08,0.00029918827559688975
94.75,0.00016835808042081724,0.00029913710928584377,5.0062726112783054e-08,0.00029918717201195657
94.78125,5.208612798320928e-06,0.00029913596233930033,5.010614412242204e-08,0.00029918606848342277
94.8125,5.8300605634663015e-06,0.00029913481539275695,5.0149618629298363e-08,0.00029918496501138626
94.84375,0.000347103773271978,0.0002991336684462135,5.019314973145895e-08,0.000299183861595945
94.875,0.0006619656157158197,0.0002991325214996701,5.02367375271634e-08,0.00029918275823719725
94.90625,0.00022805273004658893,0.00029913137455312664,5.028038211488466e-08,0.00029918165493524155
94.9375,0.00017765414648367064,0.0002991302276065832,5.032408359330952e-08,0.0002991805516901765
94.96875,0.0001392357159323863,0.00029912908066003977,5.0367842061339175e-08,0.00029917944850210113
95.0,4.2363605581658e-06,0.00029912793371349633,5.041165761808978e-08,0.0002991783453711144
95.03125,1.9998947231445266e-05,0.0002991267867669529,5.0455530362893096e-08,0.0002991772422973158
95.0625,2.7207962381365902e-05,0.00029912563982040946,5.049946039529689e-08,0.00029917613928080473
95.09375,0.0001710179488608848,0.000299124492873866,5.054344781506563e-08,0.00029917503632168106
95.125,0.0009034150387698392,0.0002991233459273226,5.058749272218101e-08,0.0002991739334200448
95.15625,0.0006717957053159514,0.00029912219898077915,5.063159521684252e-08,0.000299172830575996
95.1875,0.00023019961123999072,0.0002991210520342357,5.0675755399467985e-08,0.0002991717277896352
95.21875,0.000130677480240753,0.0002991199050876923,5.071997337069419e-08,0.000299170625061063
95.25,0.0003513071786527622,0.00029911875814114884,5.076424923137744e-08,0.0002991695223903802
95.28125,0.00030640756326561294,0.0002991176111946054,5.08085830825941e-08,0.00029916841977768797
95.3125,5.417537889635959e-05,0.00029911646424806196,5.085297502564119e-08,0.0002991673172230876
95.34375,0.000205368587383846,0.0002991153173015186,5.089742516203699e-08,0.0002991662147266806
95.375,0.00032138072790553345,0.00029911417035497514,5.0941933593521554e-08,0.0002991651122885687
95.40625,0.00010851535951397377,0.0002991130234084317,5.098650042205739e-08,0.0002991640099088538
95.4375,0.0004163174980764496,0.00029911187646188827,5.103112574982993e-08,0.0002991629075876381
95.46875,0.000838192400113891,0.00029911072951534484,5.1075809679248236e-08,0.0002991618053250241
95.5,0.0003289713426724694,0.0002991095825688014,5.112055231294548e-08,0.00029916070312111437
95.53125,3.444075059244055e-05,0.00029910843562225796,5.1165353753779575e-08,0.00029915960097601175
95.5625,5.665901560778238e-05,0.0002991072886757145,5.1210214104833796e-08,0.0002991584988898194
95.59375,5.856697253932349e-05,0.0002991061417291711,5.125513346941733e-08,0.0002991573968626405
95.625,0.0003630041605246383,0.00029910499478262765,5.130011195106586e-08,0.0002991562948945787
95.65625,0.00101419301237646,0.0002991038478360842,5.1345149653542245e-08,0.00029915519298573775
95.6875,0.0012159134671206836,0.0002991027008895408,5.139024668083701e-08,0.0002991540911362216
95.71875,0.0017324835627686164,0.00029910155394299734,5.1435403137169e-08,0.0002991529893461345
95.75,0.0006136158871110796,0.0002991004069964539,5.1480619126986005e-08,0.0002991518876155809
95.78125,0.00018199887990766653,0.00029909926004991047,5.1525894754965303e-08,0.00029915078594466545
95.8125,0.00014794684483510352,0.00029909811310336703,5.1571230126014315e-08,0.00029914968433349305
95.84375,0.00011926263346380973,0.0002990969661568236,5.161662534527116e-08,0.0002991485827821689
95.875,0.0001658957831005941,0.0002990958192102802,5.166208051810538e-08,0.0002991474812907983
95.90625,0.00015099284042253549,0.0002990946722637368,5.170759575011839e-08,0.0002991463798594869
95.9375,1.688544180577284e-05,0.00029909352531719334,5.1753171147144206e-08,0.00029914527848834047
95.96875,0.00016924540687382272,0.0002990923783706499,5.179880681525002e-08,0.00029914417717746513
96.0,0.00028671656573011153,0.00029909123142410647,5.184450286073681e-08,0.0002991430759269672
96.03125,4.944917010019316e-05,0.00029909008447756303,5.189025939013996e-08,0.00029914197473695315
96.0625,4.128883972821136e-05,0.0002990889375310196,5.1936076510229943e-08,0.00029914087360752983
96.09375,0.0002473078445531438,0.00029908779058447616,5.1981954328012854e-08,0.00029913977253880416
96.125,0.00027128059372978614,0.0002990866436379327,5.202789295073105e-08,0.0002991386715308834
96.15625,7.59510912968599e-05,0.0002990854966913893,5.2073892485863835e-08,0.00029913757058387517
96.1875,0.00044370030696766125,0.00029908434974484585,5.2119953041128023e-08,0.00029913646969788695
96.21875,0.0002926849902897847,0.0002990832027983024,5.2166074724478625e-08,0.00029913536887302687
96.25,3.998536783892623e-05,0.000299082055851759,5.221225764410941e-08,0.00029913426810940306
96.28125,0.00034048117247707067,0.00029908090890521554,5.2258501908453624e-08,0.000299133167407124
96.3125,0.00021571852534201568,0.0002990797619586721,5.230480762618457e-08,0.0002991320667662983
96.34375,0.0004121106958880265,0.00029907861501212867,5.235117490621623e-08,0.0002991309661870349
96.375,8.772786658751912e-05,0.0002990774680655853,5.239760385770397e-08,0.000299129865669443
96.40625,0.0008637518641459053,0.00029907632111904185,5.244409459004512e-08,0.0002991287652136319
96.4375,0.0006400267123745509,0.0002990751741724984,5.249064721287967e-08,0.00029912766481971127
96.46875,0.0004212851881721007,0.000299074027225955,5.253726183609083e-08,0.0002991265644877911
96.5,1.9684182709262274e-05,0.00029907288027941154,5.258393856980584e-08,0.00029912546421798135
96.53125,4.068565943043527e-05,0.0002990717333328681,5.2630677524396426e-08,0.00029912436401039247
96.5625,0.000250680611774142,0.00029907058638632466,5.267747881047959e-08,0.00029912326386513513
96.59375,0.0007299909018604247,0.00029906943943978123,5.2724342538918174e-08,0.00029912216378232014
96.625,0.000817990532326361,0.0002990682924932378,5.2771268820821615e-08,0.00029912106376205863
96.65625,0.000370197864367684,0.00029906714554669435,5.2818257767546485e-08,0.0002991199638044619
96.6875,0.00013767249303265816,0.0002990659986001509,5.286530949069729e-08,0.0002991188639096416
96.71875,0.00023494444081227208,0.0002990648516536075,5.2912424102126994e-08,0.00029911776407770963
96.75,1.3011109718075877e-05,0.00029906370470706404,5.295960171393777e-08,0.000299116664308778
96.78125,0.00033930878057851445,0.0002990625577605206,5.3006842438481616e-08,0.0002991155646029591
96.8125,0.00022101366356695485,0.00029906141081397717,5.305414638836109e-08,0.0002991144649603655
96.84375,0.0003490494021196622,0.00029906026386743373,5.3101513676429905e-08,0.0002991133653811102
96.875,2.1450968925258392e-05,0.0002990591169208903,5.314894441579364e-08,0.0002991122658653061
96.90625,0.00016838723204845753,0.0002990579699743469,5.319643871981044e-08,0.0002991111664130667
96.9375,4.731164020568011e-05,0.0002990568230278035,5.324399670209163e-08,0.0002991100670245056
96.96875,9.784808541061662e-06,0.00029905567608126004,5.3291618476502437e-08,0.00029910896769973656
97.0,0.00031373976565168913,0.0002990545291347166,5.333930415716266e-08,0.00029910786843887377
97.03125,0.0007046029570909058,0.00029905338218817317,5.3387053858447365e-08,0.0002991067692420316
97.0625,0.0006254930743154032,0.00029905223524162973,5.343486769498752e-08,0.0002991056701093247
97.09375,0.0005440952815979408,0.0002990510882950863,5.3482745781670794e-08,0.000299104571040868
97.125,0.0008529268856765328,0.00029904994134854286,5.353068823364212e-08,0.00029910347203677653
97.15625,0.0007906437954205155,0.0002990487944019994,5.357869516630444e-08,0.0002991023730971657
97.1875,0.0002556700842942173,0.000299047647455456,5.362676669531944e-08,0.0002991012742221513
97.21875,2.347346489787229e-05,0.00029904650050891255,5.3674902936608155e-08,0.00029910017541184917
97.25,0.0002652002901675449,0.0002990453535623691,5.3723104006351765e-08,0.00029909907666637544
97.28125,0.0006804370264474708,0.0002990442066158257,5.3771370020992194e-08,0.00029909797798584667
97.3125,0.0001909409155471853,0.00029904305966928224,5.381970109723295e-08,0.00029909687937037946
97.34375,0.00018625430283687397,0.0002990419127227388,5.386809735203969e-08,0.00029909578082009086
97.375,0.00039645621023416347,0.00029904076577619537,5.3916558902640975e-08,0.000299094682335098
97.40625,0.00021004794663051848,0.000299039618829652,5.396508586652902e-08,0.00029909358391551853
97.4375,0.00011941414027422,0.00029903847188310855,5.401367836146038e-08,0.00029909248556147003
97.46875,4.46143645458973e-05,0.0002990373249365651,5.406233650545662e-08,0.00029909138727307057
97.5,0.00017744741360617013,0.0002990361779900217,5.411106041680509e-08,0.0002990902890504385
97.53125,0.0005036510298744857,0.00029903503104347824,5.415985021405965e-08,0.0002990891908936923
97.5625,0.0005057520779135229,0.0002990338840969348,5.420870601604134e-08,0.00029908809280295085
97.59375,2.7310509087405703e-05,0.00029903273715039137,5.4257627941839114e-08,0.0002990869947783332
97.625,2.028555411418177e-06,0.00029903159020384793,5.430661611081059e-08,0.0002990858968199587
97.65625,0.00012431109173710722,0.0002990304432573045,5.435567064258278e-08,0.0002990847989279471
97.6875,0.0003137528216640051,0.00029902929631076106,5.4404791657052754e-08,0.0002990837011024181
97.71875,9.52081035427336e-05,0.0002990281493642176,5.445397927438851e-08,0.000299082603343492
97.75,0.00016148405248456911,0.0002990270024176742,5.450323361502954e-08,0.0002990815056512892
97.78125,0.0002350677997426025,0.00029902585547113075,5.45525547996877e-08,0.00029908040802593044
97.8125,0.00010395717093344822,0.0002990247085245873,5.4601942949347847e-08,0.00029907931046753666
97.84375,5.340131898840042e-05,0.0002990235615780439,5.465139818526868e-08,0.00029907821297622914
97.875,9.994370559013944e-06,0.00029902241463150044,5.4700920628983415e-08,0.0002990771155521294
97.90625,4.827657425482058e-06,0.000299021267684957,5.475051040230052e-08,0.0002990760181953593
97.9375,0.00032409159389543477,0.0002990201207384136,5.480016762730457e-08,0.0002990749209060409
97.96875,0.0006621107177144089,0.0002990189737918702,5.484989242635685e-08,0.00029907382368429657
98.0,0.00031976702460004514,0.00029901782684532674,5.48996849220962e-08,0.00029907272653024883
98.03125,0.00028914792507057696,0.0002990166798987833,5.494954523743976e-08,0.00029907162944402076
98.0625,1.6350396462891594e-05,0.00029901553295223987,5.499947349558371e-08,0.00029907053242573547
98.09375,0.0001592476381119403,0.00029901438600569644,5.504946982000401e-08,0.00029906943547551644
98.125,2.4820113840404635e-06,0.000299013239059153,5.509953433445728e-08,0.00029906833859348744
98.15625,3.624615672211728e-05,0.00029901209211260956,5.514966716298139e-08,0.00029906724177977256
98.1875,0.00022976491197061277,0.0002990109451660661,5.5199868429896354e-08,0.00029906614503449604
98.21875,0.0011214863217689401,0.0002990097982195227,5.5250138259805035e-08,0.0002990650483577825
98.25,0.001448490366013677,0.00029900865127297925,5.530047677759396e-08,0.0002990639517497568
98.28125,0.00025354230370651615,0.0002990075043264358,5.5350884108434074e-08,0.00029906285521054426
98.3125,0.0004117257387721962,0.0002990063573798924,5.5401360377781515e-08,0.00029906175874027015
98.34375,0.0002442371794771017,0.00029900521043334894,5.5451905711378436e-08,0.0002990606623390603
98.375,0.0003312623677778268,0.0002990040634868055,5.5502520235253716e-08,0.0002990595660070408
98.40625,9.564646851541624e-05,0.00029900291654026207,5.555320407572378e-08,0.00029905846974433777
98.4375,5.518465116352172e-05,0.0002990017695937187,5.56039573593934e-08,0.00029905737355107807
98.46875,0.00036313804790618167,0.00029900062264717525,5.565478021315648e-08,0.0002990562774273884
98.5,0.0002583807106925158,0.0002989994757006318,5.5705672764196795e-08,0.000299055181373396
98.53125,0.000618489310589894,0.0002989983287540884,5.575663513998891e-08,0.0002990540853892284
98.5625,0.0002279217856661241,0.00029899718180754494,5.580766746829885e-08,0.0002990529894750132
98.59375,7.727678859810863e-05,0.0002989960348610015,5.585876987718495e-08,0.0002990518936308787
98.625,0.00021589796966362096,0.00029899488791445807,5.5909942494998666e-08,0.00029905079785695306
98.65625,0.0002842228148521435,0.00029899374096791463,5.596118545038537e-08,0.00029904970215336504
98.6875,1.1312016758573024e-05,0.0002989925940213712,5.601249887228515e-08,0.0002990486065202435
98.71875,0.0001538224728930318,0.00029899144707482776,5.606388288993364e-08,0.0002990475109577177
98.75,0.0005609355250501043,0.0002989903001282843,5.611533763286286e-08,0.00029904641546591717
98.78125,0.0008997222007191782,0.0002989891531817409,5.616686323090192e-08,0.00029904532004497176
98.8125,0.0004568107607422274,0.00029898800623519745,5.6218459814177974e-08,0.0002990442246950116
98.84375,0.00035529754203161905,0.000298986859288654,5.6270127513116947e-08,0.0002990431294161671
98.875,0.000874363427733698,0.0002989857123421106,5.632186645844441e-08,0.00029904203420856904
98.90625,0.0005193860723370314,0.00029898456539556714,5.637367678118637e-08,0.00029904093907234835
98.9375,0.00047622060441958715,0.0002989834184490237,5.642555861267012e-08,0.00029903984400763637
98.96875,8.457267501434524e-05,0.0002989822715024803,5.6477512084525115e-08,0.00029903874901456484
99.0,0.0002642520042198197,0.0002989811245559369,5.652953732868368e-08,0.00029903765409326554
99.03125,0.000328051499128975,0.00029897997760939345,5.658163447738199e-08,0.0002990365592438708
99.0625,0.0003858607498048853,0.00029897883066285,5.6633803663160805e-08,0.00029903546446651317
99.09375,0.00047574941711243186,0.0002989776837163066,5.668604501886637e-08,0.00029903436976132545
99.125,0.0004615882212666717,0.00029897653676976314,5.673835867765121e-08,0.0002990332751284408
99.15625,0.00040074586535490447,0.0002989753898232197,5.6790744772975096e-08,0.00029903218056799265
99.1875,0.0010446367284101582,0.00029897424287667626,5.684320343860572e-08,0.0002990310860801149
99.21875,0.00016828304862557647,0.00029897309593013283,5.6895734808619676e-08,0.00029902999166494143
99.25,0.00018093267705295127,0.0002989719489835894,5.6948339017403265e-08,0.0002990288973226068
99.28125,0.00015867199247076831,0.00029897080203704595,5.700101619965339e-08,0.0002990278030532456
99.3125,1.3585903058601825e-05,0.0002989696550905025,5.705376649037837e-08,0.0002990267088569929
99.34375,0.00016684503437922353,0.0002989685081439591,5.710659002489882e-08,0.000299025614733984
99.375,8.098024257802267e-06,0.00029896736119741564,5.715948693884857e-08,0.00029902452068435447
99.40625,0.0003999957830767417,0.0002989662142508722,5.7212457368175477e-08,0.0002990234267082404
99.4375,0.00012782043559663258,0.00029896506730432877,5.7265501449142265e-08,0.0002990223328057779
99.46875,0.00023366205668820224,0.00029896392035778533,5.7318619318327515e-08,0.0002990212389771037
99.5,0.00015623126965644098,0.00029896277341124195,5.737181111262643e-08,0.0002990201452223546
99.53125,6.645544654489263e-05,0.0002989616264646985,5.742507696925176e-08,0.0002990190515416678
99.5625,0.00017257650442622038,0.0002989604795181551,5.7478417025734744e-08,0.00029901795793518083
99.59375,0.0005997391050829185,0.00029895933257161164,5.7531831419925905e-08,0.00029901686440303156
99.625,0.00027679395836958606,0.0002989581856250682,5.758532028999596e-08,0.0002990157709453582
99.65625,3.26457544843141e-05,0.00029895703867852477,5.763888377443675e-08,0.0002990146775622992
99.6875,0.00025057692109793953,0.00029895589173198133,5.769252201206212e-08,0.0002990135842539934
99.71875,0.0002744309437447841,0.0002989547447854379,5.77462351420088e-08,0.0002990124910205799
99.75,0.0007424490843302967,0.00029895359783889446,5.7800023303737305e-08,0.00029901139786219817
99.78125,0.0005652896996118067,0.000298952450892351,5.785388663703291e-08,0.00029901030477898807
99.8125,7.166653363564253e-05,0.0002989513039458076,5.790782528200646e-08,0.0002990092117710896
99.84375,0.0001589157548694931,0.00029895015699926415,5.796183937909532e-08,0.00029900811883864327
99.875,0.00018568460145965325,0.0002989490100527207,5.80159290690643e-08,0.0002990070259817898
99.90625,0.0002403226050553262,0.0002989478631061773,5.8070094493006554e-08,0.0002990059332006703
99.9375,0.0003872500406234406,0.00029894671615963384,5.812433579234453e-08,0.0002990048404954262
99.96875,0.0007012446924273901,0.0002989455692130904,5.8178653108830816e-08,0.00029900374786619925
100.0,0.00031323023705678773,0.000298944422266547,5.82330465845492e-08,0.0002990026553131316
100.03125,0.00013350037166115928,0.0002989432753200036,5.828751636191546e-08,0.0002990015628363655
100.0625,9.400526107426218e-05,0.00029894212837346015,5.834206258367834e-08,0.0002990004704360438
100.09375,0.0002228046026903829,0.0002989409814269167,5.839668539292055e-08,0.0002989993781123096
100.125,0.00017383556878688492,0.0002989398344803733,5.845138493305962e-08,0.00029899828586530633
100.15625,0.0003879597126973555,0.00029893868753382984,5.850616134784884e-08,0.0002989971936951777
100.1875,1.0399218718420531e-05,0.0002989375405872864,5.856101478137831e-08,0.0002989961016020678
100.21875,0.00025075138179716567,0.00029893639364074297,5.8615945378075756e-08,0.00029899500958612105
100.25,0.00024417053142426125,0.00029893524669419953,5.867095328270755e-08,0.00029899391764748225
100.28125,9.856027612853168e-05,0.0002989340997476561,5.8726038640379644e-08,0.0002989928257862965
100.3125,6.349772544148082e-05,0.00029893295280111266,5.878120159653854e-08,0.00029899173400270917
100.34375,2.9802710020854303e-05,0.0002989318058545692,5.883644229697223e-08,0.0002989906422968662
100.375,2.2331095084600187e-05,0.0002989306589080258,5.889176088781116e-08,0.0002989895506689136
100.40625,0.0002241660264631557,0.00029892951196148235,5.8947157515529245e-08,0.0002989884591189979
100.4375,0.0005365514627462932,0.0002989283650149389,5.9002632326944756e-08,0.00029898736764726584
100.46875,0.0007539749378629811,0.0002989272180683955,5.905818546922135e-08,0.0002989862762538647
100.5,0.0009810608932662806,0.00029892607112185204,5.911381708986901e-08,0.0002989851849389419
100.53125,0.0008932252484856764,0.00029892492417530865,5.916952733674507e-08,0.0002989840937026454
100.5625,0.0005937670285256261,0.0002989237772287652,5.9225316358055125e-08,0.0002989830025451233
100.59375,0.00021133963660476728,0.0002989226302822218,5.9281184302354134e-08,0.00029898191146652414
100.625,0.00026330576661698867,0.00029892148333567834,5.933713131854726e-08,0.0002989808204669969
100.65625,0.00044684395524063165,0.0002989203363891349,5.939315755589095e-08,0.0002989797295466908
100.6875,0.00011280748164159199,0.00029891918944259147,5.9449263163993936e-08,0.0002989786387057555
100.71875,0.00037287780168467863,0.00029891804249604804,5.95054482928182e-08,0.00029897754794434085
100.75,0.00010131485708903105,0.0002989168955495046,5.956171309267997e-08,0.00029897645726259726
100.78125,1.553964872342081e-05,0.00029891574860296116,5.961805771425075e-08,0.0002989753666606754
100.8125,1.840997272311392e-05,0.0002989146016564177,5.967448230855834e-08,0.0002989742761387263
100.84375,0.00012150863896257968,0.0002989134547098743,5.973098702698782e-08,0.0002989731856969013
100.875,8.425792616627313e-05,0.00029891230776333085,5.978757202128254e-08,0.00029897209533535213
100.90625,0.0002987849121381554,0.0002989111608167874,5.984423744354518e-08,0.00029897100505423094
100.9375,9.956128879892786e-05,0.000298910013870244,5.990098344623879e-08,0.0002989699148536902
100.96875,0.00011737570683372407,0.00029890886692370054,5.995781018218773e-08,0.00029896882473388274
101.0,9.1759478045572e-05,0.0002989077199771571,6.001471780457877e-08,0.0002989677346949617
101.03125,1.088474811434784e-05,0.0002989065730306137,6.007170646696217e-08,0.0002989666447370807
101.0625,0.000134038987589782,0.0002989054260840703,6.012877632325255e-08,0.0002989655548603935
101.09375,0.0004084010873701969,0.00029890427913752685,6.018592752773011e-08,0.0002989644650650546
101.125,0.0005734702883250981,0.0002989031321909834,6.02431602350415e-08,0.00029896337535121844
101.15625,0.0001803600908692979,0.00029890198524444,6.030047460020102e-08,0.00029896228571904017
101.1875,0.0004948819277341421,0.00029890083829789654,6.035787077859157e-08,0.00029896119616867515
101.21875,0.00011108470753166265,0.0002988996913513531,6.04153489259658e-08,0.00029896010670027906
101.25,0.00011563630082305185,0.00029889854440480967,6.0472909198447e-08,0.0002989590173140081
101.28125,6.665141423077327e-05,0.00029889739745826623,6.053055175253033e-08,0.00029895792801001874
101.3125,2.449176859991923e-06,0.0002988962505117228,6.058827674508378e-08,0.0002989568387884679
101.34375,3.4971960642653994e-05,0.00029889510356517936,6.06460843333493e-08,0.0002989557496495127
101.375,2.8569582383933596e-05,0.0002988939566186359,6.07039746749438e-08,0.0002989546605933109
101.40625,0.0006097574631875183,0.0002988928096720925,6.076194792786026e-08,0.00029895357162002033
101.4375,0.0006134047650995199,0.00029889166272554905,6.082000425046889e-08,0.0002989524827297995
101.46875,0.00019811376253312486,0.0002988905157790056,6.087814380151803e-08,0.0002989513939228071
101.5,0.00010944633610085274,0.0002988893688324622,6.093636674013538e-08,0.0002989503051992023
101.53125,0.00010235637373162024,0.00029888822188591874,6.099467322582903e-08,0.00029894921655914455
101.5625,4.5948071499108854e-05,0.00029888707493937536,6.105306341848859e-08,0.00029894812800279386
101.59375,1.6550357393300998e-05,0.0002988859279928319,6.11115374783862e-08,0.0002989470395303103
101.625,0.00011101576743118118,0.0002988847810462885,6.117009556617776e-08,0.0002989459511418547
101.65625,0.0004249885875435515,0.00029888363409974505,6.122873784290392e-08,0.00029894486283758793
101.6875,6.799404431345612e-05,0.0002988824871532016,6.128746446999123e-08,0.0002989437746176716
101.71875,0.0002012557233227681,0.0002988813402066582,6.134627560925325e-08,0.0002989426864822674
101.75,0.0003159142242785724,0.00029888019326011474,6.140517142289165e-08,0.0002989415984315376
101.78125,0.0003653945148369868,0.0002988790463135713,6.146415207349734e-08,0.0002989405104656448
101.8125,0.0002676179078925593,0.00029887789936702786,6.152321772405159e-08,0.00029893942258475193
101.84375,0.00032126816154608856,0.00029887675242048443,6.15823685379272e-08,0.00029893833478902235
101.875,0.0010138038932089887,0.000298875605473941,6.164160467888949e-08,0.00029893724707861987
101.90625,0.0006503337867148387,0.00029887445852739755,6.170092631109759e-08,0.00029893615945370867
101.9375,0.0002067976967485983,0.0002988733115808541,6.17603335991055e-08,0.00029893507191445324
101.96875,0.00010959710118902104,0.0002988721646343107,6.181982670786323e-08,0.00029893398446101854
102.0,4.951273538816059e-05,0.00029887101768776724,6.187940580271798e-08,0.00029893289709356997
102.03125,1.2332492097459307e-05,0.0002988698707412238,6.193907104941519e-08,0.00029893180981227323
102.0625,0.00014394180980125705,0.0002988687237946804,6.199882261409987e-08,0.00029893072261729455
102.09375,0.0003444900161574754,0.000298867576848137,6.205866066331759e-08,0.0002989296355088003
102.125,0.00047767960082811106,0.00029886642990159355,6.211858536401568e-08,0.0002989285484869576
102.15625,0.0007163101654398021,0.0002988652829550501,6.217859688354447e-08,0.00029892746155193366
102.1875,0.0003362605243322026,0.0002988641360085067,6.223869538965837e-08,0.00029892637470389636
102.21875,0.0003950271990417428,0.00029886298906196324,6.229888105051703e-08,0.00029892528794301374
102.25,0.0002695047818427941,0.0002988618421154198,6.235915403468666e-08,0.0002989242012694545
102.28125,1.5563477975613865e-05,0.00029886069516887637,6.241951451114102e-08,0.0002989231146833875
102.3125,6.217373890624682e-06,0.00029885954822233293,6.247996264926273e-08,0.0002989220281849822
102.34375,0.00042347265433495974,0.0002988584012757895,6.254049861884437e-08,0.00029892094177440834
102.375,0.00048368096062478773,0.00029885725432924606,6.260112259008978e-08,0.00029891985545183613
102.40625,0.0003254064802897579,0.0002988561073827026,6.266183473361515e-08,0.00029891876921743623
102.4375,9.370199940389646e-05,0.0002988549604361592,6.272263522045026e-08,0.0002989176830713796
102.46875,0.00042965200015166106,0.00029885381348961575,6.278352422203974e-08,0.0002989165970138378
102.5,0.00020800738272533343,0.0002988526665430723,6.284450191024419e-08,0.00029891551104498256
102.53125,0.00015449042135528226,0.0002988515195965289,6.290556845734139e-08,0.00029891442516498623
102.5625,6.0782403178772745e-05,0.00029885037264998544,6.29667240360276e-08,0.00029891333937402144
102.59375,4.4876550889601326e-05,0.00029884922570344206,6.30279688194187e-08,0.0002989122536722615
102.625,7.905337748522654e-05,0.0002988480787568986,6.308930298105144e-08,0.00029891116805987966
102.65625,2.0097958657647353e-05,0.0002988469318103552,6.315072669488474e-08,0.00029891008253705005
102.6875,0.00021613476079366826,0.00029884578486381175,6.32122401353008e-08,0.00029890899710394706
102.71875,1.2260580998299368e-05,0.0002988446379172683,6.327384347710637e-08,0.0002989079117607454
102.75,0.00013863732885240884,0.0002988434909707249,6.333553689553406e-08,0.0002989068265076204
102.78125,0.00011937813428632365,0.00029884234402418144,6.339732056624352e-08,0.00029890574134474766
102.8125,7.369015012458288e-05,0.000298841197077638,6.345919466532268e-08,0.00029890465627230333
102.84375,0.00029461694353499616,0.00029884005013109457,6.352115936928906e-08,0.0002989035712904639
102.875,0.0003057084022747948,0.00029883890318455113,6.358321485509104e-08,0.00029890248639940624
102.90625,0.00018979154729557905,0.0002988377562380077,6.3645361300109e-08,0.0002989014015993078
102.9375,3.17296647741806e-05,0.00029883660929146426,6.37075988821567e-08,0.00029890031689034643
102.96875,7.482662124855553e-06,0.0002988354623449208,6.376992777948254e-08,0.0002988992322727003
103.0,0.00010198985287143919,0.0002988343153983774,6.383234817077078e-08,0.00029889814774654815
103.03125,2.5864824434213414e-06,0.00029883316845183395,6.389486023514284e-08,0.0002988970633120691
103.0625,0.0003132074502329754,0.0002988320215052905,6.395746415215867e-08,0.00029889597896944265
103.09375,0.000617036750480427,0.0002988308745587471,6.402016010181787e-08,0.0002988948947188489
103.125,0.0004835286668862084,0.0002988297276122037,6.408294826456116e-08,0.00029889381056046825
103.15625,0.00035950430983648575,0.00029882858066566025,6.414582882127155e-08,0.00029889272649448153
103.1875,5.349166825044668e-06,0.0002988274337191168,6.420880195327566e-08,0.0002988916425210701
103.21875,0.0001380449150672938,0.0002988262867725734,6.427186784234511e-08,0.0002988905586404157
103.25,9.421232627981237e-05,0.00029882513982602995,6.433502667069771e-08,0.00029888947485270066
103.28125,0.00014807533175176252,0.0002988239928794865,6.439827862099892e-08,0.0002988883911581075
103.3125,0.00015692507498404998,0.00029882284593294307,6.446162387636303e-08,0.00029888730755681944
103.34375,1.917227363337624e-05,0.00029882169898639964,6.452506262035453e-08,0.00029888622404902
103.375,2.9992498341291896e-06,0.0002988205520398562,6.458859503698949e-08,0.0002988851406348932
103.40625,4.866202546396704e-05,0.00029881940509331276,6.465222131073679e-08,0.0002988840573146235
103.4375,3.1096856701656394e-06,0.0002988182581467693,6.471594162651961e-08,0.00029888297408839587
103.46875,4.321601718861192e-05,0.0002988171112002259,6.477975616971658e-08,0.0002988818909563956
103.5,0.00020477237289322737,0.00029881596425368245,6.484366512616336e-08,0.00029888080791880863
103.53125,0.00013744653700238933,0.000298814817307139,6.490766868215372e-08,0.0002988797249758212
103.5625,0.0002648766254122306,0.0002988136703605956,6.497176702444115e-08,0.00029887864212762005
103.59375,0.00016219270032909807,0.00029881252341405214,6.503596034024002e-08,0.00029887755937439236
103.625,0.00017479189404590647,0.00029881137646750876,6.510024881722711e-08,0.000298876476716326
103.65625,5.8962664763078984e-05,0.0002988102295209653,6.516463264354281e-08,0.0002988753941536089
103.6875,0.0004935289881735493,0.0002988090825744219,6.522911200779276e-08,0.0002988743116864297
103.71875,4.065870367217225e-05,0.00029880793562787845,6.529368709904886e-08,0.0002988732293149775
103.75,0.00014681900604734206,0.000298806788681335,6.5358358106851e-08,0.00029887214703944187
103.78125,3.780867250393117e-05,0.0002988056417347916,6.542312522120823e-08,0.0002988710648600128
103.8125,3.4338701257044026e-05,0.00029880449478824814,6.548798863260026e-08,0.00029886998277688076
103.84375,3.842752739486059e-05,0.0002988033478417047,6.55529485319788e-08,0.00029886890079023666
103.875,2.3247071341511498e-05,0.00029880220089516127,6.561800511076902e-08,0.00029886781890027205
103.90625,0.00017791312699396713,0.00029880105394861783,6.568315856087094e-08,0.0002988667371071787
103.9375,0.00012130450988915793,0.0002987999070020744,6.57484090746608e-08,0.00029886565541114906
103.96875,0.00022073785753096208,0.00029879876005553096,6.581375684499252e-08,0.00029886457381237595
104.0,0.0007733658367330886,0.0002987976131089875,6.587920206519917e-08,0.0002988634923110527
104.03125,0.0013334842201068657,0.0002987964661624441,6.594474492909426e-08,0.0002988624109073732
104.0625,0.0009930406997048678,0.00029879531921590065,6.601038563097329e-08,0.0002988613296015316
104.09375,0.00045421519587861183,0.0002987941722693572,6.607612436561524e-08,0.0002988602483937228
104.125,7.2371507368044e-06,0.0002987930253228138,6.614196132828381e-08,0.00029885916728414206
104.15625,7.072526767866225e-05,0.0002987918783762704,6.620789671472906e-08,0.0002988580862729851
104.1875,6.916075411562041e-05,0.00029879073142972696,6.627393072118876e-08,0.00029885700536044817
104.21875,8.83867373565277e-05,0.0002987895844831835,6.634006354438993e-08,0.0002988559245467279
104.25,5.591572849287679e-05,0.0002987884375366401,6.640629538155019e-08,0.00029885484383202165
104.28125,0.0005094941057661562,0.00029878729059009665,6.647262643037934e-08,0.00029885376321652705
104.3125,0.00023571680131779724,0.0002987861436435532,6.65390568890808e-08,0.0002988526827004423
104.34375,0.0005433647410320025,0.0002987849966970098,6.660558695635305e-08,0.0002988516022839661
104.375,0.0005948378990507041,0.00029878384975046634,6.667221683139115e-08,0.00029885052196729775
104.40625,0.0002782065466796021,0.0002987827028039229,6.673894671388824e-08,0.0002988494417506368
104.4375,0.0001734235537922967,0.00029878155585737946,6.680577680403698e-08,0.0002988483616341835
104.46875,0.00043430690698467625,0.00029878040891083603,6.687270730253112e-08,0.00029884728161813857
104.5,2.7266242081001444e-05,0.0002987792619642926,6.693973841056692e-08,0.00029884620170270317
104.53125,9.125845913661233e-05,0.00029877811501774915,6.700687032984482e-08,0.000298845121888079
104.5625,4.13603498176817e-05,0.0002987769680712057,6.707410326257078e-08,0.0002988440421744683
104.59375,8.559132695951047e-05,0.0002987758211246623,6.714143741145785e-08,0.00029884296256207373
104.625,0.00010631760448934236,0.00029877467417811884,6.720887297972775e-08,0.00029884188305109855
104.65625,0.00012344998782545623,0.00029877352723157546,6.727641017111235e-08,0.00029884080364174655
104.6875,2.2722788834514497e-05,0.000298772380285032,6.734404918985524e-08,0.0002988397243342219
104.71875,4.747770486628176e-05,0.0002987712333384886,6.741179024071326e-08,0.0002988386451287293
104.75,0.0001736800525972019,0.00029877008639194515,6.747963352895807e-08,0.0002988375660254741
104.78125,0.0006659301031531184,0.0002987689394454017,6.754757926037762e-08,0.0002988364870246621
104.8125,0.000200954902727578,0.0002987677924988583,6.761562764127782e-08,0.00029883540812649956
104.84375,0.00031843647360406933,0.00029876664555231484,6.768377887848404e-08,0.00029883432933119333
104.875,0.0001771269249834353,0.0002987654986057714,6.775203317934265e-08,0.00029883325063895076
104.90625,0.0003084059115780386,0.00029876435165922797,6.78203907517227e-08,0.0002988321720499797
104.9375,0.0008429769933515369,0.00029876320471268453,6.788885180401747e-08,0.00029883109356448857
104.96875,0.0005635203281228678,0.0002987620577661411,6.795741654514594e-08,0.00029883001518268625
105.0,0.00033476883298125227,0.00029876091081959766,6.80260851845545e-08,0.0002988289369047822
105.03125,0.00018021756601099717,0.0002987597638730542,6.809485793221853e-08,0.00029882785873098643
105.0625,0.0009145549627276433,0.0002987586169265108,6.816373499864401e-08,0.0002988267806615094
105.09375,0.0006393815653433267,0.00029875746997996735,6.823271659486904e-08,0.00029882570269656225
105.125,5.01007756263837e-05,0.0002987563230334239,6.830180293246564e-08,0.00029882462483635637
105.15625,0.00017976941189567933,0.0002987551760868805,6.837099422354116e-08,0.00029882354708110403
105.1875,9.348306326084407e-05,0.0002987540291403371,6.844029068074003e-08,0.00029882246943101784
105.21875,0.00014222937743444775,0.00029875288219379366,6.850969251724536e-08,0.0002988213918863109
105.25,0.00018216235591792844,0.0002987517352472502,6.85791999467806e-08,0.000298820314447197
105.28125,0.00021642200264547124,0.0002987505883007068,6.864881318361116e-08,0.0002988192371138904
105.3125,0.0002911854912518003,0.00029874944135416335,6.871853244254603e-08,0.0002988181598866059
105.34375,0.00029891111204945756,0.0002987482944076199,6.878835793893957e-08,0.00029881708276555883
105.375,0.00014123667437498079,0.0002987471474610765,6.885828988869298e-08,0.00029881600575096517
105.40625,0.000950928387472472,0.00029874600051453304,6.892832850825608e-08,0.0002988149288430413
105.4375,0.0008697234442129838,0.0002987448535679896,6.899847401462898e-08,0.0002988138520420042
105.46875,0.0005343515515976855,0.00029874370662144617,6.906872662536373e-08,0.0002988127753480715
105.5,0.0003551044527269357,0.00029874255967490273,6.913908655856603e-08,0.0002988116987614613
105.53125,0.0004253011677505205,0.0002987414127283593,6.920955403289689e-08,0.00029881062228239217
105.5625,0.0004592616726037061,0.00029874026578181586,6.92801292675744e-08,0.0002988095459110834
105.59375,0.00012661820923577774,0.0002987391188352724,6.935081248237529e-08,0.0002988084696477548
105.625,9.875268246291405e-05,0.000298737971888729,6.942160389763681e-08,0.0002988073934926266
105.65625,0.0003812530738592361,0.00029873682494218555,6.949250373425833e-08,0.0002988063174459198
105.6875,0.00015831088976983674,0.00029873567799564216,6.956351221370308e-08,0.0002988052415078559
105.71875,0.00016885957602593368,0.00029873453104909873,6.963462955799991e-08,0.00029880416567865673
105.75,1.887862816016173e-06,0.0002987333841025553,6.970585598974505e-08,0.00029880308995854505
105.78125,4.83178907874423e-05,0.00029873223715601185,6.977719173210374e-08,0.00029880201434774394
105.8125,0.00013653699096204003,0.0002987310902094684,6.984863700881205e-08,0.00029880093884647723
105.84375,0.0004119200320403393,0.000298729943262925,6.992019204417869e-08,0.0002987998634549692
105.875,6.549063080133822e-05,0.00029872879631638155,6.999185706308664e-08,0.0002987987881734446
105.90625,8.67538208274502e-05,0.0002987276493698381,7.0063632290995e-08,0.0002987977130021291
105.9375,0.00020338459305920442,0.00029872650242329467,7.013551795394073e-08,0.0002987966379412486
105.96875,7.232203400211844e-05,0.00029872535547675124,7.02075142785405e-08,0.0002987955629910298
106.0,0.00020257785374759832,0.0002987242085302078,7.027962149199233e-08,0.0002987944881516998
106.03125,0.00022406236548062224,0.00029872306158366436,7.035183982207751e-08,0.0002987934134234864
106.0625,0.0001234081684166038,0.0002987219146371209,7.042416949716236e-08,0.0002987923388066181
106.09375,3.045361366961908e-06,0.0002987207676905775,7.04966107462e-08,0.0002987912643013237
106.125,0.0002583290916230402,0.00029871962074403405,7.056916379873217e-08,0.0002987901899078328
106.15625,0.0005586253167517278,0.0002987184737974906,7.064182888489114e-08,0.0002987891156263755
106.1875,0.00036224434946784795,0.0002987173268509472,7.071460623540136e-08,0.0002987880414571826
106.21875,7.437883078542792e-05,0.0002987161799044038,7.078749608158145e-08,0.0002987869674004854
106.25,0.0003174820654609936,0.00029871503295786036,7.086049865534592e-08,0.00029878589345651573
106.28125,0.00019416444379216717,0.0002987138860113169,7.09336141892071e-08,0.00029878481962550616
106.3125,7.006086921774919e-05,0.0002987127390647735,7.100684291627694e-08,0.0002987837459076898
106.34375,0.0001072055848648978,0.00029871159211823005,7.108018507026886e-08,0.0002987826723033003
106.375,7.83149863591119e-05,0.0002987104451716866,7.115364088549971e-08,0.0002987815988125721
106.40625,0.00014865890629532763,0.0002987092982251432,7.122721059689147e-08,0.00029878052543574007
106.4375,0.00018280890610814033,0.00029870815127859974,7.130089443997325e-08,0.00029877945217303973
106.46875,8.722946561202458e-05,0.0002987070043320563,7.137469265088314e-08,0.0002987783790247072
106.5,0.00023544913457986544,0.00029870585738551287,7.144860546637014e-08,0.00029877730599097926
106.53125,0.0002632598647917536,0.00029870471043896943,7.15226331237959e-08,0.0002987762330720932
106.5625,0.0005171304870351782,0.000298703563492426,7.159677586113691e-08,0.0002987751602682871
106.59375,0.0003092504080489805,0.00029870241654588256,7.167103391698614e-08,0.00029877408757979956
106.625,0.0007019140023362656,0.0002987012695993391,7.174540753055504e-08,0.00029877301500686967
106.65625,0.0005697220504780684,0.0002987001226527957,7.181989694167555e-08,0.00029877194254973735
106.6875,0.0004379630483686975,0.00029869897570625225,7.189450239080193e-08,0.00029877087020864306
106.71875,0.00025805165842648074,0.0002986978287597088,7.196922411901275e-08,0.00029876979798382783
106.75,6.680969841920953e-05,0.00029869668181316543,7.204406236801277e-08,0.00029876872587553344
106.78125,3.6055915327023445e-05,0.000298695534866622,7.211901738013501e-08,0.00029876765388400214
106.8125,0.00025840494437049446,0.00029869438792007856,7.219408939834265e-08,0.0002987665820094769
106.84375,0.0002961026949992929,0.0002986932409735351,7.22692786662309e-08,0.0002987655102522014
106.875,9.130619616528986e-06,0.0002986920940269917,7.234458542802915e-08,0.0002987644386124197
106.90625,0.0001157959330428164,0.00029869094708044825,7.242000992860282e-08,0.0002987633670903768
106.9375,0.0008341097267341164,0.0002986898001339048,7.249555241345538e-08,0.00029876229568631825
106.96875,0.00018015496328941468,0.0002986886531873614,7.257121312873037e-08,0.0002987612244004901
107.0,0.00019973147880526988,0.00029868750624081794,7.264699232121349e-08,0.00029876015323313914
107.03125,0.00023872519189528502,0.0002986863592942745,7.272289023833434e-08,0.00029875908218451283
107.0625,0.00010132536336585475,0.00029868521234773106,7.279890712816875e-08,0.00029875801125485923
107.09375,0.00015305698536352997,0.00029868406540118763,7.287504323944056e-08,0.00029875694044442704
107.125,0.0001834964016132302,0.0002986829184546442,7.295129882152383e-08,0.0002987558697534657
107.15625,6.812908889779928e-05,0.00029868177150810075,7.302767412444476e-08,0.0002987547991822252
107.1875,6.416893197545657e-05,0.0002986806245615573,7.310416939888384e-08,0.0002987537287309562
107.21875,2.378408540509867e-05,0.0002986794776150139,7.318078489617781e-08,0.00029875265839991006
107.25,0.0003991413225831732,0.0002986783306684705,7.325752086832174e-08,0.0002987515881893388
107.28125,0.0004754689768956861,0.00029867718372192706,7.333437756797116e-08,0.000298750518099495
107.3125,7.703343233718375e-05,0.0002986760367753836,7.341135524844407e-08,0.00029874944813063206
107.34375,5.311100540898439e-05,0.0002986748898288402,7.34884541637231e-08,0.0002987483782830039
107.375,0.0002586159677975398,0.00029867374288229675,7.356567456845746e-08,0.0002987473085568652
107.40625,2.7135380031827808e-05,0.0002986725959357533,7.364301671796528e-08,0.00029874623895247127
107.4375,0.00015217091427304359,0.0002986714489892099,7.372048086823545e-08,0.0002987451694700781
107.46875,0.00012149267313771363,0.00029867030204266644,7.379806727592992e-08,0.00029874410010994235
107.5,0.0005524822562109234,0.000298669155096123,7.387577619838577e-08,0.0002987430308723214
107.53125,0.0012114651123694199,0.00029866800814957957,7.395360789361728e-08,0.0002987419617574732
107.5625,0.00014698910593516937,0.00029866686120303613,7.403156262031816e-08,0.00029874089276565646
107.59375,5.481436519590349e-05,0.0002986657142564927,7.410964063786374e-08,0.00029873982389713055
107.625,0.00016169106388733346,0.00029866456730994926,7.418784220631291e-08,0.0002987387551521556
107.65625,0.00024800139649758474,0.0002986634203634058,7.426616758641051e-08,0.00029873768653099225
107.6875,0.00012495156292749289,0.0002986622734168624,7.434461703958938e-08,0.00029873661803390196
107.71875,0.00010416256353749917,0.00029866112647031895,7.442319082797261e-08,0.0002987355496611469
107.75,0.0003156632039555049,0.0002986599795237755,7.450188921437563e-08,0.00029873448141298987
107.78125,0.0005350578407645661,0.00029865883257723213,7.458071246230848e-08,0.00029873341328969443
107.8125,0.0010046547709080483,0.0002986576856306887,7.465966083597806e-08,0.00029873234529152466
107.84375,0.0009835510429398637,0.00029865653868414526,7.473873460029023e-08,0.0002987312774187455
107.875,0.0005607130879025587,0.0002986553917376018,7.481793402085207e-08,0.00029873020967162266
107.90625,0.0002090130998924325,0.0002986542447910584,7.489725936397415e-08,0.00029872914205042233
107.9375,3.277813345752384e-05,0.00029865309784451495,7.497671089667268e-08,0.0002987280745554116
107.96875,0.0001128998530609829,0.0002986519508979715,7.505628888667187e-08,0.0002987270071868582
108.0,5.17513824373883e-05,0.0002986508039514281,7.513599360240604e-08,0.00029872593994503046
108.03125,0.0007403510544482009,0.00029864965700488464,7.52158253130221e-08,0.00029872487283019765
108.0625,0.0005534949434707629,0.0002986485100583412,7.529578428838159e-08,0.0002987238058426296
108.09375,2.2753953022178017e-05,0.00029864736311179777,7.537587079906301e-08,0.0002987227389825968
108.125,0.00016016272131107298,0.00029864621616525433,7.545608511636424e-08,0.0002987216722503707
108.15625,0.00015558989471500697,0.0002986450692187109,7.553642751230467e-08,0.0002987206056462232
108.1875,0.00029765227137475614,0.00029864392227216746,7.56168982596276e-08,0.0002987195391704271
108.21875,0.00019949140984045686,0.000298642775325624,7.569749763180259e-08,0.0002987184728232558
108.25,0.0008152896842709033,0.0002986416283790806,7.57782259030276e-08,0.0002987174066049836
108.28125,0.00026482769140345665,0.0002986404814325372,7.585908334823154e-08,0.00029871634051588543
108.3125,0.0002575391493696643,0.00029863933448599376,7.594007024307648e-08,0.00029871527455623686
108.34375,0.0003444523916163201,0.00029863818753945033,7.602118686395998e-08,0.0002987142087263143
108.375,0.00015697164627288945,0.0002986370405929069,7.610243348801751e-08,0.0002987131430263949
108.40625,9.491255824917191e-05,0.00029863589364636345,7.618381039312481e-08,0.0002987120774567566
108.4375,0.00019779650433938357,0.00029863474669982,7.62653178579003e-08,0.00029871101201767793
108.46875,0.00014617257917777876,0.0002986335997532766,7.634695616170731e-08,0.0002987099467094383
108.5,0.00010395248779041378,0.00029863245280673315,7.642872558465663e-08,0.0002987088815323178
108.53125,0.00022525795426998362,0.0002986313058601897,7.65106264076088e-08,0.0002987078164865973
108.5625,9.835715902224024e-06,0.00029863015891364627,7.659265891217663e-08,0.00029870675157255846
108.59375,9.911824534302192e-05,0.00029862901196710284,7.667482338072752e-08,0.00029870568679048355
108.625,0.00018690848887692975,0.0002986278650205594,7.675712009638596e-08,0.0002987046221406558
108.65625,0.0001652644322924223,0.00029862671807401596,7.68395493430359e-08,0.000298703557623359
108.6875,0.00028650714350838554,0.0002986255711274725,7.692211140532321e-08,0.00029870249323887783
108.71875,0.0003030006480533289,0.0002986244241809291,7.700480656865823e-08,0.00029870142898749777
108.75,0.00027715162115388885,0.00029862327723438565,7.708763511921807e-08,0.0002987003648695049
108.78125,0.0003505373422262872,0.0002986221302878422,7.71705973439492e-08,0.00029869930088518616
108.8125,0.00022330806888679562,0.00029862098334129883,7.725369353056988e-08,0.0002986982370348294
108.84375,9.316163370444967e-05,0.0002986198363947554,7.733692396757277e-08,0.000298697173318723
108.875,7.118708829621476e-05,0.00029861868944821196,7.742028894422721e-08,0.0002986961097371562
108.90625,6.220954965269902e-05,0.0002986175425016685,7.750378875058194e-08,0.0002986950462904191
108.9375,0.00048630469680191913,0.0002986163955551251,7.758742367746745e-08,0.00029869398297880257
108.96875,0.0004306948229276182,0.00029861524860858165,7.76711940164987e-08,0.00029869291980259816
109.0,0.0002266464605598388,0.0002986141016620382,7.775510006007747e-08,0.0002986918567620983
109.03125,0.001000066047832498,0.0002986129547154948,7.783914210139499e-08,0.0002986907938575962
109.0625,0.001236007413989687,0.00029861180776895134,7.792332043443462e-08,0.0002986897310893858
109.09375,0.000788086342910278,0.0002986106608224079,7.800763535397415e-08,0.0002986886684577619
109.125,0.0010768580942652343,0.00029860951387586447,7.809208715558862e-08,0.00029868760596302006
109.15625,0.00039790860127995355,0.00029860836692932103,7.817667613565275e-08,0.0002986865436054567
109.1875,0.00018572269628162685,0.0002986072199827776,7.826140259134368e-08,0.00029868548138536894
109.21875,9.308470005041947e-06,0.00029860607303623416,7.834626682064338e-08,0.0002986844193030548
109.25,0.0005779977077469558,0.0002986049260896907,7.843126912234155e-08,0.00029868335735881306
109.28125,0.0007248548514624459,0.0002986037791431473,7.851640979603797e-08,0.0002986822955529433
109.3125,0.0001281346765118128,0.0002986026321966039,7.860168914214525e-08,0.000298681233885746
109.34375,3.996294746379088e-05,0.00029860148525006047,7.868710746189149e-08,0.00029868017235752236
109.375,7.041316627252364e-05,0.00029860033830351703,7.877266505732296e-08,0.0002986791109685743
109.40625,9.532075719170532e-05,0.0002985991913569736,7.885836223130672e-08,0.0002986780497192049
109.4375,0.0008506092374070585,0.00029859804441043016,7.894419928753321e-08,0.0002986769886097177
109.46875,0.0005869460763626928,0.0002985968974638867,7.903017653051924e-08,0.00029867592764041726
109.5,8.190132175820591e-05,0.0002985957505173433,7.911629426561031e-08,0.0002986748668116089
109.53125,5.069810795170306e-05,0.00029859460357079985,7.920255279898353e-08,0.0002986738061235988
109.5625,2.4799356551837372e-05,0.0002985934566242564,7.928895243765034e-08,0.00029867274557669407
109.59375,0.00016106655752206277,0.000298592309677713,7.937549348945914e-08,0.0002986716851712024
109.625,0.00020088155125466865,0.00029859116273116954,7.946217626309814e-08,0.0002986706249074326
109.65625,6.307689673515609e-06,0.0002985900157846261,7.954900106809807e-08,0.0002986695647856942
109.6875,6.98463804604624e-06,0.00029858886883808266,7.963596821483486e-08,0.0002986685048062975
109.71875,1.8054806033156717e-05,0.00029858772189153923,7.972307801453253e-08,0.00029866744496955374
109.75,0.0002777012935704761,0.0002985865749449958,7.98103307792659e-08,0.00029866638527577505
109.78125,0.0006796349189265588,0.00029858542799845235,7.989772682196341e-08,0.0002986653257252743
109.8125,7.423261080199815e-05,0.0002985842810519089,7.99852664564099e-08,0.00029866426631836534
109.84375,2.6460102268695446e-05,0.00029858313410536554,8.007294999724943e-08,0.0002986632070553628
109.875,7.153836683751018e-05,0.0002985819871588221,8.016077775998817e-08,0.0002986621479365821
109.90625,0.00010297708326775844,0.00029858084021227866,8.024875006099712e-08,0.00029866108896233964
109.9375,6.306107421111234e-05,0.0002985796932657352,8.033686721751501e-08,0.00029866003013295274
109.96875,0.00013263836618016353,0.0002985785463191918,8.042512954765119e-08,0.0002986589714487394
110.0,0.00031260302669453027,0.00029857739937264835,8.051353737038844e-08,0.00029865791291001876
110.03125,7.954137927191677e-05,0.0002985762524261049,8.060209100558589e-08,0.0002986568545171105
110.0625,0.00015419684116793159,0.0002985751054795615,8.069079077398183e-08,0.00029865579627033547
110.09375,0.00021232138849228062,0.00029857395853301804,8.077963699719686e-08,0.0002986547381700152
110.125,0.00015208343401515965,0.0002985728115864746,8.086862999773643e-08,0.00029865368021647236
110.15625,0.0002622661402763325,0.00029857166463993117,8.095777009899399e-08,0.00029865262241003014
110.1875,0.0005404516309057154,0.00029857051769338773,8.104705762525393e-08,0.000298651564751013
110.21875,0.000568339703293049,0.0002985693707468443,8.11364929016945e-08,0.000298650507239746
110.25,0.00038281382557918197,0.00029856822380030086,8.122607625439062e-08,0.00029864944987655523
110.28125,0.0002647786813796625,0.0002985670768537574,8.131580801031717e-08,0.00029864839266176773
110.3125,0.0002396802567049897,0.000298565929907214,8.140568849735161e-08,0.00029864733559571135
110.34375,8.095791524544733e-05,0.00029856478296067055,8.149571804427726e-08,0.00029864627867871483
110.375,2.1837968739867215e-05,0.00029856363601412717,8.158589698078609e-08,0.000298645221911108
110.40625,0.00033565582934295485,0.00029856248906758373,8.167622563748186e-08,0.0002986441652932212
110.4375,0.00010593548074723649,0.0002985613421210403,8.176670434588313e-08,0.00029864310882538617
110.46875,3.359717537722755e-05,0.00029856019517449686,8.185733343842626e-08,0.0002986420525079353
110.5,0.000170035393545268,0.0002985590482279534,8.194811324846854e-08,0.0002986409963412019
110.53125,0.0002974195689958922,0.00029855790128141,8.203904411029111e-08,0.00029863994032552026
110.5625,0.00023830805251837128,0.00029855675433486655,8.213012635910217e-08,0.00029863888446122566
110.59375,0.0008170888153270749,0.0002985556073883231,8.222136033104e-08,0.00029863782874865416
110.625,0.0007336022683860899,0.0002985544604417797,8.231274636317607e-08,0.00029863677318814287
110.65625,4.3133337940011277e-05,0.00029855331349523624,8.240428479351809e-08,0.00029863571778002975
110.6875,0.0001081891634952194,0.0002985521665486928,8.249597596101337e-08,0.00029863466252465383
110.71875,0.00028549237821013014,0.00029855101960214937,8.25878202055516e-08,0.0002986336074223549
110.75,0.00022959201722286778,0.00029854987265560593,8.267981786796823e-08,0.0002986325524734739
110.78125,3.6770469214151056e-05,0.0002985487257090625,8.277196929004759e-08,0.0002986314976783525
110.8125,3.433894492336313e-05,0.00029854757876251906,8.286427481452603e-08,0.0002986304430373336
110.84375,0.00016411798977359596,0.0002985464318159756,8.295673478509509e-08,0.0002986293885507607
110.875,0.0003203535025216134,0.00029854528486943224,8.30493495464047e-08,0.00029862833421897867
110.90625,0.0004573295646584563,0.0002985441379228888,8.314211944406655e-08,0.00029862728004233284
110.9375,0.0002650063467167566,0.00029854299097634536,8.323504482465703e-08,0.00029862622602117
110.96875,7.207804837333826e-05,0.00029854184402980193,8.332812603572062e-08,0.00029862517215583766
111.0,0.0002078038108677735,0.0002985406970832585,8.342136342577316e-08,0.00029862411844668426
111.03125,0.00018872907048604506,0.00029853955013671505,8.351475734430505e-08,0.00029862306489405934
111.0625,8.846854557215619e-05,0.0002985384031901716,8.360830814178447e-08,0.0002986220114983134
111.09375,0.00027989353740983037,0.0002985372562436282,8.370201616966085e-08,0.00029862095825979783
111.125,0.00037096644770798594,0.00029853610929708475,8.379588178036801e-08,0.0002986199051788651
111.15625,0.00028581473201629796,0.0002985349623505413,8.388990532732746e-08,0.00029861885225586864
111.1875,0.0003097314396708007,0.00029853381540399787,8.398408716495178e-08,0.0002986177994911628
111.21875,0.00030596847353409876,0.00029853266845745444,8.407842764864799e-08,0.0002986167468851031
111.25,0.00026878081029635544,0.000298531521510911,8.417292713482083e-08,0.0002986156944380458
111.28125,0.00029373020352387654,0.00029853037456436756,8.426758598087608e-08,0.00029861464215034846
111.3125,0.0002631064908375737,0.0002985292276178241,8.436240454522418e-08,0.0002986135900223694
111.34375,3.3695360406063475e-05,0.0002985280806712807,8.445738318728329e-08,0.00029861253805446797
111.375,0.00039867997179641367,0.00029852693372473725,8.455252226748288e-08,0.00029861148624700474
111.40625,0.0008759033871286919,0.00029852578677819387,8.46478221472671e-08,0.00029861043460034116
111.4375,0.0009013776369030914,0.00029852463983165043,8.474328318909824e-08,0.0002986093831148395
111.46875,0.0004942069806959992,0.000298523492885107,8.483890575646013e-08,0.00029860833179086346
111.5,2.5725104843019915e-05,0.00029852234593856356,8.493469021386162e-08,0.00029860728062877743
111.53125,0.0001370843586560756,0.0002985211989920201,8.503063692684008e-08,0.00029860622962894697
111.5625,6.0825192129688076e-05,0.0002985200520454767,8.512674626196481e-08,0.00029860517879173865
111.59375,3.6128128047208826e-05,0.00029851890509893325,8.522301858684057e-08,0.00029860412811752007
111.625,0.0001818521050492755,0.0002985177581523898,8.531945427011113e-08,0.0002986030776066599
111.65625,0.00017728087217054866,0.0002985166112058464,8.541605368146271e-08,0.00029860202725952783
111.6875,0.00033019063259173904,0.00029851546425930294,8.551281719162759e-08,0.0002986009770764946
111.71875,0.0006962223324167493,0.0002985143173127595,8.560974517238771e-08,0.0002985999270579319
111.75,0.0005679436020229214,0.00029851317036621607,8.570683799657805e-08,0.00029859887720421266
111.78125,0.00025666697621520916,0.00029851202341967263,8.580409603809043e-08,0.00029859782751571074
111.8125,0.0001725093938116511,0.0002985108764731292,8.590151967187694e-08,0.0002985967779928011
111.84375,0.0002880370425207022,0.00029850972952658576,8.599910927395366e-08,0.00029859572863585973
111.875,0.0001539510996386524,0.0002985085825800423,8.609686522140418e-08,0.00029859467944526373
111.90625,0.00023885391211003623,0.00029850743563349894,8.619478789238332e-08,0.0002985936304213913
111.9375,0.000568364302302779,0.0002985062886869555,8.629287766612085e-08,0.00029859258156462163
111.96875,4.903925486332597e-05,0.00029850514174041207,8.639113492292495e-08,0.000298591532875335
112.0,0.00021969803884593588,0.00029850399479386863,8.648956004418602e-08,0.0002985904843539128
112.03125,7.63148203688386e-05,0.0002985028478473252,8.65881534123804e-08,0.00029858943600073756
112.0625,0.0001486678531911772,0.00029850170090078176,8.668691541107406e-08,0.0002985883878161928
112.09375,3.370496929701376e-05,0.0002985005539542383,8.678584642492619e-08,0.00029858733980066325
112.125,0.0005304288760018042,0.0002984994070076949,8.688494683969328e-08,0.0002985862919545346
112.15625,0.00037568274846355905,0.00029849826006115145,8.698421704223248e-08,0.0002985852442781937
112.1875,7.405275900162281e-05,0.000298497113114608,8.708365742050559e-08,0.00029858419677202853
112.21875,0.0006785348746125159,0.0002984959661680646,8.718326836358283e-08,0.0002985831494364282
112.25,0.0006018996114182239,0.00029849481922152114,8.728305026164658e-08,0.00029858210227178277
112.28125,0.00029554914595452243,0.0002984936722749777,8.73830035059953e-08,0.0002985810552784837
112.3125,1.3567276545475068e-05,0.00029849252532843426,8.748312848904716e-08,0.0002985800084569233
112.34375,9.995162087217202e-06,0.00029849137838189083,8.75834256043442e-08,0.00029857896180749517
112.375,9.949799442585369e-05,0.0002984902314353474,8.768389524655584e-08,0.00029857791533059394
112.40625,0.00038667065032114956,0.00029848908448880395,8.778453781148306e-08,0.0002985768690266154
112.4375,0.0015194708212817045,0.00029848793754226057,8.788535369606208e-08,0.00029857582289595665
112.46875,0.001479598826502417,0.00029848679059571714,8.798634329836837e-08,0.00029857477693901553
112.5,0.00015857566186918456,0.0002984856436491737,8.808750701762059e-08,0.0002985737311561913
112.53125,0.00025468505762646414,0.00029848449670263026,8.81888452541844e-08,0.00029857268554788445
112.5625,0.00029849626744248513,0.0002984833497560868,8.82903584095767e-08,0.00029857164011449643
112.59375,0.0005000244051086085,0.0002984822028095434,8.839204688646924e-08,0.00029857059485642986
112.625,0.0004981691269422957,0.00029848105586299995,8.849391108869283e-08,0.00029856954977408866
112.65625,0.00019509284866016312,0.0002984799089164565,8.859595142124133e-08,0.00029856850486787773
112.6875,6.796748207503231e-05,0.0002984787619699131,8.869816829027562e-08,0.0002985674601382034
112.71875,0.00020785484244972084,0.00029847761502336964,8.880056210312757e-08,0.0002985664155854728
112.75,6.762093288108742e-05,0.0002984764680768262,8.890313326830441e-08,0.0002985653712100945
112.78125,0.00011965682998443548,0.00029847532113028277,8.900588219549231e-08,0.00029856432701247826
112.8125,0.0001456562063691463,0.00029847417418373933,8.910880929556087e-08,0.0002985632829930349
112.84375,0.00020488789020949946,0.0002984730272371959,8.921191498056701e-08,0.00029856223915217646
112.875,5.732169748902981e-05,0.00029847188029065246,8.931519966375918e-08,0.00029856119549031624
112.90625,9.74916862005993e-05,0.000298470733344109,8.941866375958146e-08,0.0002985601520078686
112.9375,0.00039070101528858087,0.00029846958639756564,8.95223076836777e-08,0.00029855910870524934
112.96875,0.0002839385688417395,0.0002984684394510222,8.962613185289578e-08,0.0002985580655828751
113.0,7.826314258747462e-05,0.00029846729250447877,8.973013668529166e-08,0.0002985570226411641
113.03125,1.754171932055745e-05,0.00029846614555793533,8.983432260013368e-08,0.0002985559798805355
113.0625,0.00032056206956597335,0.0002984649986113919,8.993869001790672e-08,0.0002985549373014098
113.09375,0.00038629071895770236,0.00029846385166484846,9.004323936031653e-08,0.0002985538949042088
113.125,0.0007786069389250745,0.000298462704718305,9.014797105029374e-08,0.0002985528526893553
113.15625,0.0010712625579355113,0.0002984615577717616,9.025288551199861e-08,0.0002985518106572736
113.1875,0.0007271761371470638,0.00029846041082521815,9.03579831708248e-08,0.000298550768808389
113.21875,0.0003090434060944327,0.0002984592638786747,9.046326445340394e-08,0.0002985497271431281
113.25,0.000231845393636705,0.0002984581169321313,9.056872978760991e-08,0.0002985486856619189
113.28125,0.00016939583747493996,0.00029845696998558784,9.067437960256323e-08,0.0002985476443651904
113.3125,4.2868289441173195e-05,0.0002984558230390444,9.078021432863536e-08,0.00029854660325337305
113.34375,5.24762092301841e-05,0.00029845467609250097,9.088623439745299e-08,0.0002985455623268984
113.375,0.0003436141388636691,0.00029845352914595753,9.09924402419027e-08,0.00029854452158619945
113.40625,0.00023638850536027517,0.0002984523821994141,9.10988322961351e-08,0.00029854348103171025
113.4375,0.000433884177969851,0.00029845123525287066,9.120541099556942e-08,0.00029854244066386624
113.46875,0.00016870276359092564,0.0002984500883063273,9.131217677689786e-08,0.0002985414004831042
113.5,0.0004746288570459757,0.00029844894135978384,9.14191300780901e-08,0.00029854036048986194
113.53125,0.0002936525068249627,0.0002984477944132404,9.152627133839788e-08,0.0002985393206845788
113.5625,0.0001258781508985879,0.00029844664746669696,9.16336009983593e-08,0.0002985382810676953
113.59375,6.835066355720351e-05,0.00029844550052015353,9.174111949980355e-08,0.0002985372416396533
113.625,3.5375708628552646e-05,0.0002984443535736101,9.184882728585533e-08,0.00029853620240089597
113.65625,0.00028204019585572845,0.00029844320662706666,9.19567248009394e-08,0.00029853516335186757
113.6875,0.00022028798945621973,0.0002984420596805232,9.206481249078525e-08,0.000298534124493014
113.71875,0.0005593758314355932,0.0002984409127339798,9.217309080243162e-08,0.0002985330858247822
113.75,0.0004282975971488679,0.00029843976578743635,9.228156018423115e-08,0.00029853204734762057
113.78125,3.6629241766391837e-05,0.0002984386188408929,9.2390221085855e-08,0.00029853100906197875
113.8125,0.0004540195477361531,0.00029843747189434947,9.249907395829749e-08,0.0002985299709683078
113.84375,0.0004504189175703099,0.00029843632494780604,9.260811925388085e-08,0.0002985289330670599
113.875,0.0001855888821271499,0.0002984351780012626,9.27173574262598e-08,0.00029852789535868887
113.90625,0.00039599103503309936,0.00029843403105471916,9.282678893042633e-08,0.0002985268578436496
113.9375,0.0005497564935198015,0.0002984328841081757,9.293641422271447e-08,0.00029852582052239846
113.96875,0.00028348075889577745,0.0002984317371616323,9.304623376080492e-08,0.0002985247833953931
114.0,9.527898684899206e-05,0.0002984305902150889,9.31562480037299e-08,0.00029852374646309265
114.03125,2.1511262068879514e-06,0.00029842944326854547,9.3266457411878e-08,0.0002985227097259573
114.0625,8.985920623593842e-05,0.00029842829632200203,9.337686244699887e-08,0.00029852167318444905
114.09375,0.0003414871987845896,0.0002984271493754586,9.348746357220807e-08,0.0002985206368390308
114.125,0.0005461881555930004,0.00029842600242891516,9.3598261251992e-08,0.00029851960069016717
114.15625,0.00050176494011881,0.0002984248554823717,9.370925595221277e-08,0.0002985185647383239
114.1875,0.0003073624752356393,0.0002984237085358283,9.382044814011293e-08,0.0002985175289839684
114.21875,6.010272709671811e-05,0.00029842256158928485,9.393183828432055e-08,0.0002985164934275692
114.25,1.1869189043993751e-05,0.0002984214146427414,9.40434268548541e-08,0.00029851545806959626
114.28125,0.00022169302345540441,0.000298420267696198,9.415521432312742e-08,0.0002985144229105211
114.3125,0.00017804088679001606,0.00029841912074965454,9.42672011619546e-08,0.00029851338795081647
114.34375,0.00018670481471064874,0.0002984179738031111,9.437938784555511e-08,0.00029851235319095664
114.375,0.00029630437847205844,0.00029841682685656767,9.44917748495587e-08,0.0002985113186314172
114.40625,0.00031201611060658414,0.00029841567991002423,9.46043626510105e-08,0.00029851028427267526
114.4375,0.00029717450963114207,0.0002984145329634808,9.471715172837601e-08,0.00029850925011520917
114.46875,1.9320691244444925e-05,0.00029841338601693736,9.483014256154631e-08,0.0002985082161594989
114.5,0.00016916099647327714,0.000298412239070394,9.494333563184301e-08,0.0002985071824060258
114.53125,0.000831020758815359,0.00029841109212385054,9.50567314220234e-08,0.00029850614885527254
114.5625,0.0010522424090400545,0.0002984099451773071,9.51703304162857e-08,0.0002985051155077234
114.59375,0.0005834059036897165,0.00029840879823076367,9.528413310027406e-08,0.00029850408236386394
114.625,0.0004383078468442313,0.00029840765128422023,9.539813996108385e-08,0.0002985030494241813
114.65625,0.00018546200370210617,0.0002984065043376768,9.551235148726686e-08,0.00029850201668916407
114.6875,0.0003997723940970217,0.00029840535739113336,9.562676816883652e-08,0.00029850098415930217
114.71875,0.00013876441353812084,0.0002984042104445899,9.574139049727303e-08,0.0002984999518350872
114.75,0.0003891300411322453,0.0002984030634980465,9.585621896552885e-08,0.00029849891971701204
114.78125,0.0004589815723381024,0.00029840191655150305,9.597125406803385e-08,0.0002984978878055711
114.8125,0.00011662430018225481,0.0002984007696049596,9.60864963007006e-08,0.0002984968561012603
114.84375,1.3859103909310266e-05,0.0002983996226584162,9.62019461609298e-08,0.0002984958246045771
114.875,0.00030699071654227456,0.00029839847571187274,9.631760414761562e-08,0.00029849479331602036
114.90625,0.00042706725276216596,0.0002983973287653293,9.6433470761151e-08,0.0002984937622360905
114.9375,0.00039719085823835144,0.00029839618181878586,9.654954650343317e-08,0.0002984927313652893
114.96875,0.00019371651450688482,0.00029839503487224243,9.666583187786903e-08,0.0002984917007041203
115.0,0.00021480073738224,0.000298393887925699,9.678232738938054e-08,0.0002984906702530884
115.03125,0.0001498306091339046,0.0002983927409791556,9.689903354441027e-08,0.00029848964001270004
115.0625,5.2336310691057566e-05,0.00029839159403261217,9.701595085092692e-08,0.0002984886099834631
115.09375,9.524398279547145e-05,0.00029839044708606874,9.713307981843074e-08,0.0002984875801658872
115.125,8.304092758524271e-05,0.0002983893001395253,9.725042095795915e-08,0.00029848655056048326
115.15625,0.0006179274805480137,0.00029838815319298186,9.736797478209226e-08,0.000298485521167764
115.1875,0.000282057232009812,0.0002983870062464384,9.748574180495852e-08,0.0002984844919882434
115.21875,2.5952359915623125e-06,0.000298385859299895,9.760372254224028e-08,0.0002984834630224372
115.25,4.779231975343598e-05,0.00029838471235335155,9.772191751117944e-08,0.00029848243427086274
115.28125,0.00022323396594566033,0.0002983835654068081,9.784032723058312e-08,0.0002984814057340387
115.3125,2.1904172680745597e-05,0.0002983824184602647,9.795895222082937e-08,0.0002984803774124855
115.34375,0.0001671789901908973,0.00029838127151372124,9.807779300387277e-08,0.00029847934930672513
115.375,0.001027034097015719,0.0002983801245671778,9.819685010325035e-08,0.00029847832141728105
115.40625,0.0007485157108973191,0.00029837897762063437,9.831612404408718e-08,0.00029847729374467844
115.4375,8.01843314019519e-06,0.00029837783067409093,9.84356153531022e-08,0.00029847626628944405
115.46875,0.00024485468829321113,0.0002983766837275475,9.855532455861406e-08,0.0002984752390521061
115.5,0.0001910925703651818,0.00029837553678100406,9.867525219054697e-08,0.0002984742120331946
115.53125,0.0001508614167976478,0.0002983743898344607,9.879539878043647e-08,0.0002984731852332411
115.5625,0.0011124402077067861,0.00029837324288791724,9.891576486143535e-08,0.00029847215865277867
115.59375,0.0012462920419662904,0.0002983720959413738,9.903635096831965e-08,0.00029847113229234214
115.625,0.0001992428403661016,0.00029837094899483037,9.915715763749442e-08,0.00029847010615246784
115.65625,0.00032767365523770535,0.00029836980204828693,9.927818540699977e-08,0.0002984690802336939
115.6875,0.0002990417394812159,0.0002983686551017435,9.939943481651693e-08,0.00029846805453656003
115.71875,0.0002847505821139547,0.00029836750815520006,9.952090640737409e-08,0.0002984670290616074
115.75,0.0005377287848924027,0.0002983663612086566,9.964260072255251e-08,0.0002984660038093792
115.78125,0.0010798499745959698,0.0002983652142621132,9.976451830669272e-08,0.00029846497878041985
115.8125,0.001066482147943944,0.00029836406731556975,9.988665970610028e-08,0.00029846395397527584
115.84375,0.00010637404824166635,0.0002983629203690263,1.0000902546875225e-07,0.00029846292939449506
115.875,0.00011805261118681547,0.0002983617734224829,1.0013161614430302e-07,0.0002984619050386272
115.90625,1.523709631582258e-07,0.00029836062647593944,1.0025443228409077e-07,0.00029846088090822355
115.9375,8.064925488214505e-05,0.000298359479529396,1.0037747444114339e-07,0.00029845985700383714
115.96875,3.3071277092980824e-06,0.00029835833258285257,1.005007431701848e-07,0.00029845883332602275
116.0,9.525184361262427e-05,0.00029835718563630913,1.0062423902764133e-07,0.0002984578098753368
116.03125,0.0005183151623770685,0.0002983560386897657,1.0074796257164774e-07,0.00029845678665233735
116.0625,0.0012360039615958857,0.0002983548917432223,1.0087191436205367e-07,0.00029845576365758437
116.09375,0.000932559394668445,0.0002983537447966789,1.0099609496043e-07,0.0002984547408916393
116.125,0.00043161399083482745,0.00029835259785013544,1.0112050493007507e-07,0.0002984537183550655
116.15625,2.937096194116897e-05,0.000298351450903592,1.0124514483602117e-07,0.00029845269604842804
116.1875,6.454418850361132e-05,0.00029835030395704856,1.0137001524504081e-07,0.0002984516739722936
116.21875,1.0255271452445148e-05,0.00029834915701050513,1.0149511672565341e-07,0.00029845065212723076
116.25,5.812740556263014e-05,0.0002983480100639617,1.0162044984813146e-07,0.00029844963051380984
116.28125,0.0001404009922390383,0.00029834686311741826,1.0174601518450718e-07,0.00029844860913260274
116.3125,0.00010621441239650362,0.0002983457161708748,1.0187181330857906e-07,0.0002984475879841834
116.34375,2.50610373805997e-05,0.0002983445692243314,1.0199784479591831e-07,0.0002984465670691273
116.375,0.0008893644798416973,0.00029834342227778795,1.0212411022387544e-07,0.0002984455463880118
116.40625,0.001038650245463388,0.0002983422753312445,1.0225061017158698e-07,0.0002984445259414161
116.4375,4.16290753607208e-05,0.00029834112838470107,1.0237734521998197e-07,0.00029844350572992106
116.46875,0.00015520801552559114,0.00029833998143815764,1.0250431595178866e-07,0.0002984424857541094
116.5,5.422688201108675e-05,0.0002983388344916142,1.0263152295154128e-07,0.00029844146601456573
116.53125,2.1919271819824974e-05,0.00029833768754507076,1.0275896680558668e-07,0.0002984404465118763
116.5625,1.2617371688806459e-05,0.0002983365405985274,1.0288664810209105e-07,0.00029843942724662947
116.59375,8.220592615342635e-05,0.00029833539365198394,1.0301456743104676e-07,0.00029843840821941497
116.625,0.0001691626399204953,0.0002983342467054405,1.0314272538427916e-07,0.0002984373894308248
116.65625,0.0004165617414900405,0.00029833309975889707,1.0327112255545341e-07,0.0002984363708814525
116.6875,0.0007325939403579817,0.00029833195281235363,1.0339975954008127e-07,0.0002984353525718937
116.71875,0.0002828384899346948,0.0002983308058658102,1.0352863693552812e-07,0.00029843433450274574
116.75,0.00044123319673013335,0.00029832965891926676,1.0365775534101983e-07,0.0002984333166746078
116.78125,0.0003168372950260614,0.0002983285119727233,1.0378711535764961e-07,0.00029843229908808097
116.8125,5.5556169685621424e-05,0.0002983273650261799,1.0391671758838525e-07,0.0002984312817437683
116.84375,8.823711137887264e-05,0.00029832621807963645,1.0404656263807585e-07,0.00029843026464227454
116.875,8.892547099195054e-05,0.000298325071133093,1.0417665111345907e-07,0.00029842924778420647
116.90625,0.00011595339137360184,0.0002983239241865496,1.0430698362316804e-07,0.00029842823117017274
116.9375,6.121198644689951e-05,0.00029832277724000614,1.0443756077773871e-07,0.00029842721480078386
116.96875,0.0001615879252118679,0.0002983216302934627,1.0456838318961672e-07,0.0002984261986766523
117.0,0.00014311761078587194,0.00029832048334691927,1.046994514731647e-07,0.0002984251827983924
117.03125,0.0007230962959482239,0.00029831933640037583,1.0483076624466955e-07,0.0002984241671666205
117.0625,0.00019015034062718947,0.0002983181894538324,1.0496232812234954e-07,0.00029842315178195476
117.09375,8.397400041148723e-05,0.000298317042507289,1.0509413772636156e-07,0.00029842213664501535
117.125,9.139361366972255e-06,0.0002983158955607456,1.0522619567880859e-07,0.0002984211217564244
117.15625,6.819674030003545e-05,0.00029831474861420214,1.0535850260374684e-07,0.0002984201071168059
117.1875,9.615382054723237e-05,0.0002983136016676587,1.0549105912719325e-07,0.0002984190927267859
117.21875,2.7961075421703387e-05,0.00029831245472111527,1.0562386587713273e-07,0.0002984180785869924
117.25,5.043290295057677e-05,0.00029831130777457183,1.0575692348352583e-07,0.00029841706469805533
117.28125,5.531675202374449e-05,0.0002983101608280284,1.0589023257831593e-07,0.0002984160510606067
117.3125,0.00011455293975153787,0.00029830901388148496,1.0602379379543685e-07,0.0002984150376752804
117.34375,0.00017429681407748132,0.0002983078669349415,1.0615760777082049e-07,0.00029841402454271236
117.375,0.0005108191050476573,0.0002983067199883981,1.0629167514240417e-07,0.0002984130116635405
117.40625,0.0005585073769583688,0.00029830557304185465,1.0642599655013835e-07,0.0002984119990384048
117.4375,0.0006833572828034144,0.0002983044260953112,1.0656057263599428e-07,0.0002984109866679472
117.46875,0.000653609170025891,0.0002983032791487678,1.0669540404397158e-07,0.00029840997455281174
117.5,0.00012288255198942744,0.00029830213220222434,1.0683049142010591e-07,0.0002984089626936444
117.53125,0.00015229274221898142,0.0002983009852556809,1.0696583541247688e-07,0.00029840795109109335
117.5625,0.00022797072187444802,0.00029829983830913746,1.0710143667121557e-07,0.0002984069397458087
117.59375,7.13390967905515e-05,0.00029829869136259403,1.0723729584851248e-07,0.00029840592865844253
117.625,2.345063257752026e-05,0.00029829754441605065,1.0737341359862528e-07,0.00029840491782964925
117.65625,0.00035023044680791644,0.0002982963974695072,1.0750979057788682e-07,0.0002984039072600851
117.6875,0.0005713779302410789,0.00029829525052296377,1.0764642744471282e-07,0.0002984028969504085
117.71875,0.00047741730826532814,0.00029829410357642034,1.0778332485960988e-07,0.00029840188690127996
117.75,0.000558684568577134,0.0002982929566298769,1.0792048348518364e-07,0.0002984008771133621
117.78125,0.000389503269123536,0.00029829180968333346,1.0805790398614644e-07,0.0002983998675873196
117.8125,0.00015590508752098218,0.00029829066273679,1.0819558702932564e-07,0.00029839885832381937
117.84375,0.0003016173035843388,0.0002982895157902466,1.0833353328367161e-07,0.0002983978493235303
117.875,0.00041822599021843664,0.00029828836884370315,1.0847174342026577e-07,0.00029839684058712343
117.90625,0.0008144361358152367,0.0002982872218971597,1.0861021811232884e-07,0.00029839583211527205
117.9375,0.00025621096624748343,0.0002982860749506163,1.0874895803522898e-07,0.0002983948239086515
117.96875,0.00023268264613476056,0.00029828492800407284,1.0888796386649006e-07,0.0002983938159679393
118.0,0.0002895303092806687,0.0002982837810575294,1.0902723628579985e-07,0.0002983928082938152
118.03125,9.48703529271801e-06,0.00029828263411098597,1.0916677597501825e-07,0.000298391800886961
118.0625,0.0005129416931097208,0.00029828148716444253,1.0930658361818594e-07,0.0002983907937480607
118.09375,0.0005466318168840345,0.0002982803402178991,1.0944665990153229e-07,0.00029838978687780064
118.125,0.00057679057968818,0.0002982791932713557,1.0958700551348411e-07,0.0002983887802768692
118.15625,0.0005038327413009717,0.0002982780463248123,1.0972762114467406e-07,0.00029838777394595697
118.1875,0.00010332949768347387,0.00029827689937826884,1.0986850748794895e-07,0.0002983867678857568
118.21875,0.00021651940649156947,0.0002982757524317254,1.1000966523837838e-07,0.0002983857620969638
118.25,0.00038559226137747644,0.00029827460548518197,1.101510950932634e-07,0.0002983847565802752
118.28125,0.0003734461842713446,0.00029827345853863853,1.1029279775214487e-07,0.00029838375133639066
118.3125,0.0003241319353172727,0.0002982723115920951,1.1043477391681234e-07,0.0002983827463660119
118.34375,3.4856355122501866e-05,0.00029827116464555166,1.1057702429131249e-07,0.00029838174166984296
118.375,0.00101108846456093,0.0002982700176990082,1.1071954958195811e-07,0.0002983807372485902
118.40625,0.0003073026929903915,0.0002982688707524648,1.1086235049733662e-07,0.0002983797331029621
118.4375,0.00036403550624702387,0.00029826772380592135,1.1100542774831893e-07,0.0002983787292336697
118.46875,0.0007058162484348586,0.0002982665768593779,1.1114878204806842e-07,0.00029837772564142597
118.5,0.0008779654575850719,0.0002982654299128345,1.1129241411204959e-07,0.0002983767223269465
118.53125,0.00030554226824034976,0.00029826428296629104,1.1143632465803706e-07,0.0002983757192909491
118.5625,0.00047036946965410006,0.0002982631360197476,1.1158051440612462e-07,0.00029837471653415375
118.59375,0.00038247741156765126,0.00029826198907320417,1.1172498407873409e-07,0.0002983737140572829
118.625,2.67853847784502e-05,0.00029826084212666073,1.118697344006244e-07,0.00029837271186106134
118.65625,9.583226633883735e-05,0.00029825969518011735,1.1201476609890065e-07,0.00029837170994621626
118.6875,0.0010490292309042549,0.0002982585482335739,1.1216007990302334e-07,0.00029837070831347694
118.71875,0.0004634639400376673,0.0002982574012870305,1.1230567654481732e-07,0.0002983697069635753
118.75,0.00016286279976740166,0.00029825625434048704,1.1245155675848114e-07,0.0002983687058972455
118.78125,1.825533121676975e-05,0.0002982551073939436,1.1259772128059633e-07,0.0002983677051152242
118.8125,0.00011815846380325518,0.00029825396044740016,1.1274417085013649e-07,0.0002983667046182503
118.84375,0.0004474335301995426,0.00029825281350085673,1.1289090620847681e-07,0.0002983657044070652
118.875,0.00044481682513343446,0.0002982516665543133,1.1303792809940331e-07,0.0002983647044824127
118.90625,8.843542413636188e-06,0.00029825051960776986,1.1318523726912237e-07,0.000298363704845039
118.9375,0.00022477119671144706,0.0002982493726612264,1.1333283446627002e-07,0.00029836270549569267
118.96875,0.00021071128687020016,0.000298248225714683,1.1348072044192156e-07,0.0002983617064351249
119.0,1.798923972731931e-05,0.00029824707876813955,1.1362889594960115e-07,0.0002983607076640891
119.03125,7.249749774434724e-05,0.0002982459318215961,1.1377736174529123e-07,0.0002983597091833414
119.0625,1.651139051958109e-06,0.00029824478487505267,1.1392611858744218e-07,0.00029835871099364013
119.09375,0.00015033146815078124,0.00029824363792850924,1.140751672369822e-07,0.0002983577130957462
119.125,0.000608410496328897,0.0002982424909819658,1.1422450845732671e-07,0.00029835671549042315
119.15625,0.0011147753692681093,0.0002982413440354224,1.143741430143883e-07,0.0002983557181784368
119.1875,0.0002444325838974091,0.000298240197088879,1.145240716765866e-07,0.00029835472116055556
120.8125,0.00035683327593927526,0.00029818055586862044,1.2274559301601905e-07,0.00029830330146163645
120.84375,7.306108519452823e-05,0.000298179408922077,1.2291227842631127e-07,0.00029830232120050333
120.875,0.00018848781547683578,0.00029817826197553357,1.230793034497505e-07,0.0002983013412789833
120.90625,0.000768854193729019,0.00029817711502899013,1.2324666900914958e-07,0.0002983003616979993
120.9375,0.00030133694562494296,0.0002981759680824467,1.2341437603045667e-07,0.00029829938245847713
120.96875,1.7293428026202764e-05,0.00029817482113590326,1.235824254427677e-07,0.000298298403561346
121.0,0.00011442988500866027,0.0002981736741893598,1.237508181783393e-07,0.00029829742500753816
121.03125,0.00023563461873446373,0.0002981725272428164,1.2391955517260196e-07,0.000298296446797989
121.0625,8.851052318495424e-05,0.00029817138029627295,1.2408863736417268e-07,0.0002982954689336371
121.09375,0.0001837522242544906,0.0002981702333497295,1.2425806569486816e-07,0.00029829449141542436
121.125,0.00041097465854327236,0.0002981690864031861,1.2442784110971778e-07,0.0002982935142442958
121.15625,8.328659994374001e-05,0.00029816793945664264,1.2459796455697696e-07,0.00029829253742119963
121.1875,6.973827090149175e-05,0.0002981667925100992,1.2476843698814018e-07,0.00029829156094708734
121.21875,0.0002251033500947092,0.00029816564556355577,1.2493925935795434e-07,0.0002982905848229137
121.25,0.00024915890002699795,0.0002981644986170124,1.2511043262443212e-07,0.0002982896090496368
121.28125,0.00019207431685264574,0.00029816335167046895,1.2528195774886532e-07,0.00029828863362821783
121.3125,0.0006242066047754903,0.0002981622047239255,1.2545383569583832e-07,0.00029828765855962133
121.34375,0.0008564589482223419,0.0002981610577773821,1.2562606743324186e-07,0.00029828668384481534
121.375,0.000258323897016744,0.00029815991083083864,1.2579865393228627e-07,0.0002982857094847709
121.40625,0.0001562858470436336,0.0002981587638842952,1.2597159616751538e-07,0.0002982847354804627
121.4375,0.0011384109034354266,0.00029815761693775177,1.261448951168202e-07,0.0002982837618328686
121.46875,0.0006388810289368228,0.00029815646999120833,1.2631855176145273e-07,0.0002982827885429698
121.5,4.8480243491083494e-05,0.0002981553230446649,1.2649256708603976e-07,0.00029828181561175095
121.53125,9.948002062491664e-05,0.00029815417609812146,1.2666694207859686e-07,0.00029828084304020004
121.5625,0.0004530618853792738,0.000298153029151578,1.2684167773054242e-07,0.00029827987082930855
121.59375,0.00015932109140918255,0.0002981518822050346,1.2701677503671158e-07,0.0002982788989800713
121.625,2.3085066406151716e-05,0.00029815073525849115,1.2719223499537049e-07,0.00029827792749348653
121.65625,4.025107977685825e-06,0.0002981495883119477,1.273680586082305e-07,0.0002982769563705559
121.6875,9.400083704111518e-05,0.00029814844136540427,1.275442468804623e-07,0.00029827598561228474
121.71875,0.0007080777367670346,0.00029814729441886084,1.2772080082071052e-07,0.00029827501521968155
121.75,0.0008379350545900916,0.00029814614747231745,1.278977214411078e-07,0.0002982740451937586
121.78125,0.0006523606226451107,0.000298145000525774,1.2807500975728961e-07,0.00029827307553553133
121.8125,0.0008887747709293648,0.0002981438535792306,1.2825266678840856e-07,0.000298272106246019
121.84375,0.00037952026785497745,0.00029814270663268714,1.2843069355714902e-07,0.0002982711373262443
121.875,0.0006291272500294423,0.0002981415596861437,1.286090910897421e-07,0.00029827016877723346
121.90625,0.0010271503634756603,0.00029814041273960027,1.2878786041598e-07,0.00029826920060001624
121.9375,0.000366320883451565,0.00029813926579305683,1.289670025692311e-07,0.00029826823279562606
121.96875,0.0006260808840275868,0.0002981381188465134,1.2914651858645494e-07,0.00029826726536509986
122.0,5.1175174048915075e-05,0.00029813697189996996,1.2932640950821686e-07,0.0002982662983094782
122.03125,0.00012413525816520237,0.0002981358249534265,1.295066763787034e-07,0.00029826533162980525
122.0625,0.00014856148714731274,0.0002981346780068831,1.2968732024573724e-07,0.0002982643653271288
122.09375,0.00015025913166714623,0.00029813353106033965,1.2986834216079248e-07,0.00029826339940250044
122.125,8.684256314867187e-05,0.0002981323841137962,1.3004974317900985e-07,0.00029826243385697523
122.15625,1.2529913571142079e-05,0.0002981312371672528,1.30231524359212e-07,0.00029826146869161197
122.1875,0.00013178662742221276,0.00029813009022070934,1.3041368676391918e-07,0.00029826050390747326
122.21875,6.737088931746662e-05,0.0002981289432741659,1.3059623145936447e-07,0.0002982595395056253
122.25,1.3529322319200795e-05,0.00029812779632762247,1.3077915951550936e-07,0.00029825857548713795
122.28125,0.00015447970172136565,0.0002981266493810791,1.3096247200605964e-07,0.00029825761185308514
122.3125,0.00027917539844476405,0.00029812550243453565,1.311461700084809e-07,0.00029825664860454415
122.34375,0.0003771126764281695,0.0002981243554879922,1.3133025460401437e-07,0.0002982556857425962
122.375,0.00041427506868981526,0.0002981232085414488,1.315147268776929e-07,0.0002982547232683265
122.40625,0.00018238323476732203,0.00029812206159490534,1.316995879183568e-07,0.0002982537611828237
122.4375,0.000237640843262283,0.0002981209146483619,1.3188483881866996e-07,0.00029825279948718055
122.46875,0.00027222311038003355,0.00029811976770181847,1.320704806751359e-07,0.0002982518381824936
122.5,9.559937630379161e-05,0.00029811862075527503,1.3225651458811406e-07,0.00029825087726986316
122.53125,0.00030812765685913924,0.0002981174738087316,1.3244294166183598e-07,0.0002982499167503934
122.5625,0.0002234442262794988,0.00029811632686218816,1.3262976300442165e-07,0.00029824895662519256
122.59375,0.00015242152060444779,0.0002981151799156447,1.328169797278961e-07,0.00029824799689537264
122.625,0.00034760371151959046,0.0002981140329691013,1.3300459294820568e-07,0.00029824703756204946
122.65625,0.0004186383428590871,0.00029811288602255785,1.3319260378523478e-07,0.00029824607862634307
122.6875,0.0004852767337930001,0.0002981117390760144,1.333810133628227e-07,0.00029824512008937723
122.71875,0.0003385658501235266,0.000298110592129471,1.3356982280877992e-07,0.00029824416195227974
122.75,5.560287706758749e-05,0.00029810944518292754,1.3375903325490553e-07,0.00029824320421618244
122.78125,5.988394789013889e-05,0.00029810829823638416,1.339486458370037e-07,0.00029824224688222115
122.8125,0.0004993513847060787,0.0002981071512898407,1.3413866169490093e-07,0.00029824128995153563
122.84375,0.00015521433654521198,0.0002981060043432973,1.3432908197246308e-07,0.0002982403334252697
122.875,5.082246982268204e-05,0.00029810485739675385,1.3451990781761255e-07,0.00029823937730457143
122.90625,5.960475901117888e-05,0.0002981037104502104,1.347111403823456e-07,0.00029823842159059277
122.9375,3.148563017279924e-05,0.00029810256350366697,1.349027808227496e-07,0.0002982374662844897
122.96875,6.207758750212869e-05,0.00029810141655712354,1.350948302990205e-07,0.00029823651138742254
123.0,8.927764907257251e-05,0.0002981002696105801,1.3528728997548052e-07,0.00029823555690055556
123.03125,0.00018882445161476282,0.00029809912266403666,1.3548016102059547e-07,0.00029823460282505726
123.0625,0.00046374046956572303,0.0002980979757174932,1.3567344460699267e-07,0.00029823364916210023
123.09375,0.0003673209910875818,0.0002980968287709498,1.3586714191147872e-07,0.00029823269591286125
123.125,0.00018746311295650414,0.00029809568182440635,1.3606125411505726e-07,0.0002982317430785214
123.15625,0.00013018725241420974,0.0002980945348778629,1.3625578240294708e-07,0.00029823079066026585
123.1875,9.360646447593381e-05,0.0002980933879313195,1.3645072796459993e-07,0.00029822983865928406
123.21875,0.00041548246825808227,0.00029809224098477604,1.3664609199371915e-07,0.0002982288870767698
123.25,3.3253636000562506e-05,0.0002980910940382326,1.3684187568827737e-07,0.0002982279359139209
123.28125,0.00015383555390741522,0.00029808994709168917,1.3703808025053505e-07,0.0002982269851719397
123.3125,0.00039516973548838494,0.0002980888001451458,1.372347068870591e-07,0.00029822603485203284
123.34375,0.0004089451976931006,0.00029808765319860235,1.374317568087411e-07,0.0002982250849554111
123.375,0.00036597930492832424,0.0002980865062520589,1.37629231230816e-07,0.0002982241354832897
123.40625,5.945917689115133e-06,0.0002980853593055155,1.378271313728809e-07,0.00029822318643688836
123.4375,0.00024120673742878128,0.00029808421235897204,1.3802545845891378e-07,0.00029822223781743096
123.46875,0.0008805400138394701,0.0002980830654124286,1.3822421371729231e-07,0.0002982212896261459
123.5,0.00019029115389222623,0.00029808191846588517,1.3842339838081303e-07,0.000298220341864266
123.53125,0.0001025493449950013,0.00029808077151934173,1.3862301368671023e-07,0.00029821939453302844
123.5625,9.88552008778586e-05,0.0002980796245727983,1.3882306087667527e-07,0.00029821844763367497
123.59375,0.00012443823398733948,0.00029807847762625486,1.3902354119687567e-07,0.00029821750116745176
123.625,0.00015499647897394912,0.0002980773306797114,1.392244558979748e-07,0.0002982165551356094
123.65625,0.0008323312638205485,0.000298076183733168,1.3942580623515094e-07,0.0002982156095394031
123.6875,0.0007546422182004083,0.00029807503678662455,1.3962759346811714e-07,0.00029821466438009265
123.71875,0.00015718069218542284,0.0002980738898400811,1.3982981886114081e-07,0.0002982137196589423
123.75,0.00024125320920440548,0.0002980727428935377,1.4003248368306349e-07,0.0002982127753772207
123.78125,0.00018910734816067945,0.00029807159594699424,1.402355892073205e-07,0.00029821183153620154
123.8125,0.000615578585932966,0.00029807044900045086,1.404391367119614e-07,0.0002982108881371628
123.84375,1.2987621404264214e-06,0.0002980693020539074,1.4064312747966947e-07,0.0002982099451813871
123.875,0.0003002695053291314,0.000298068155107364,1.408475627977823e-07,0.00029820900267016174
123.90625,4.711690723468753e-05,0.00029806700816082055,1.4105244395831182e-07,0.00029820806060477885
123.9375,0.0005230179837469208,0.0002980658612142771,1.4125777225796492e-07,0.0002982071189865351
123.96875,0.00024623794007216134,0.0002980647142677337,1.4146354899816364e-07,0.00029820617781673185
124.0,0.0003701803742720515,0.00029806356732119024,1.4166977548506589e-07,0.0002982052370966753
124.03125,0.00038242006911033975,0.0002980624203746468,1.418764530295862e-07,0.00029820429682767636
124.0625,0.0002328827204953859,0.00029806127342810337,1.4208358294741637e-07,0.0002982033570110508
124.09375,0.00024390845563920666,0.00029806012648155993,1.4229116655904644e-07,0.00029820241764811896
124.125,9.582062657286922e-05,0.0002980589795350165,1.4249920518978577e-07,0.0002982014787402063
124.15625,1.5269013032381722e-05,0.00029805783258847306,1.4270770016978392e-07,0.00029820054028864286
124.1875,2.4439855560687926e-06,0.0002980566856419296,1.4291665283405218e-07,0.0002981996022947637
124.21875,4.615375240138613e-05,0.0002980555386953862,1.4312606452248457e-07,0.0002981986647599087
124.25,0.00011126822929589425,0.00029805439174884275,1.4333593657987964e-07,0.00029819772768542265
124.28125,6.517805285248743e-05,0.0002980532448022993,1.435462703559616e-07,0.0002981967910726553
124.3125,0.00027134341376754367,0.00029805209785575587,1.4375706720540227e-07,0.00029819585492296127
124.34375,0.0006220851261310615,0.0002980509509092125,1.439683284878429e-07,0.00029819491923770033
124.375,2.2096513261722898e-05,0.00029804980396266905,1.4418005556791574e-07,0.000298193984018237
124.40625,0.0002905894848485726,0.0002980486570161256,1.4439224981526624e-07,0.00029819304926594086
124.4375,4.167439734331587e-06,0.0002980475100695822,1.446049126045752e-07,0.00029819211498218677
124.46875,0.0007118755685230511,0.00029804636312303874,1.4481804531558092e-07,0.0002981911811683543
124.5,0.0005761297499553616,0.0002980452161764953,1.4503164933310137e-07,0.0002981902478258284
124.53125,0.00035188154578973525,0.00029804406922995187,1.45245726047057e-07,0.0002981893149559989
124.5625,7.8501628535631e-05,0.00029804292228340843,1.4546027685249295e-07,0.00029818838256026093
124.59375,0.0006311416843580735,0.000298041775336865,1.4567530314960193e-07,0.0002981874506400146
124.625,0.00019100875025605457,0.00029804062839032156,1.4589080634374694e-07,0.0002981865191966653
124.65625,0.00031256666246477094,0.0002980394814437781,1.4610678784548425e-07,0.0002981855882316236
124.6875,0.00015908613996935562,0.0002980383344972347,1.4632324907058641e-07,0.0002981846577463053
124.71875,0.00012989330865265949,0.00029803718755069125,1.4654019144006524e-07,0.0002981837277421313
124.75,0.0006380150205414278,0.0002980360406041478,1.4675761638019548e-07,0.000298182798220528
124.78125,0.0008941100626736879,0.0002980348936576044,1.4697552532253773e-07,0.0002981818691829269
124.8125,0.0002352797110331872,0.00029803374671106094,1.4719391970396226e-07,0.0002981809406307649
124.84375,5.213919794044118e-05,0.0002980325997645175,1.4741280096667269e-07,0.0002981800125654842
124.875,3.332194003629863e-05,0.0002980314528179741,1.4763217055822954e-07,0.00029817908498853236
124.90625,0.00014176296912119673,0.0002980303058714307,1.4785202993157408e-07,0.00029817815790136225
124.9375,0.0007209815460639902,0.00029802915892488725,1.4807238054505263e-07,0.00029817723130543233
124.96875,0.0009827698625137315,0.0002980280119783438,1.4829322386244053e-07,0.00029817630520220627
125.0,0.00012471529795727416,0.0002980268650318004,1.4851456135296633e-07,0.0002981753795931533
125.03125,4.29432841411715e-05,0.00029802571808525694,1.4873639449133617e-07,0.0002981744544797483
125.0625,0.00016178516094634573,0.0002980245711387135,1.4895872475775852e-07,0.0002981735298634713
125.09375,3.7723810829531316e-05,0.00029802342419217007,1.491815536379685e-07,0.00029817260574580804
125.125,0.00011595610178560764,0.00029802227724562663,1.494048826232529e-07,0.0002981716821282499
125.15625,8.137963617470312e-05,0.0002980211302990832,1.4962871321047502e-07,0.00029817075901229366
125.1875,0.00011546487097560947,0.00029801998335253976,1.4985304690209953e-07,0.0002981698363994419
125.21875,0.0007346462207731577,0.0002980188364059963,1.5007788520621788e-07,0.00029816891429120256
125.25,0.00039358534463781753,0.0002980176894594529,1.5030322963657337e-07,0.00029816799268908946
125.28125,8.74373197740033e-06,0.00029801654251290945,1.505290817125868e-07,0.00029816707159462206
125.3125,0.00016380056085473732,0.000298015395566366,1.5075544295938185e-07,0.00029816615100932537
125.34375,0.00020486511591657618,0.0002980142486198226,1.5098231490781076e-07,0.0002981652309347304
125.375,0.00015256914713630902,0.0002980131016732792,1.5120969909448031e-07,0.0002981643113723737
125.40625,4.803407558067448e-05,0.00029801195472673576,1.5143759706177766e-07,0.0002981633923237975
125.4375,8.746431147800803e-05,0.0002980108077801923,1.5166601035789645e-07,0.00029816247379055023
125.46875,0.00012377897176895158,0.0002980096608336489,1.5189494053686316e-07,0.00029816155577418575
125.5,0.00011228531466695962,0.00029800851388710545,1.5212438915856335e-07,0.000298160638276264
125.53125,0.0003559012374781988,0.000298007366940562,1.5235435778876813e-07,0.0002981597212983508
125.5625,0.000497457901429015,0.0002980062199940186,1.525848479991611e-07,0.0002981588048420177
125.59375,0.0001643679866103514,0.00029800507304747514,1.5281586136736476e-07,0.0002981578889088425
125.625,0.00015290248065759219,0.0002980039261009317,1.5304739947696775e-07,0.00029815697350040865
125.65625,0.0004984812551488964,0.00029800277915438826,1.532794639175517e-07,0.0002981560586183058
125.6875,0.0006063443807314124,0.0002980016322078448,1.5351205628471877e-07,0.00029815514426412954
125.71875,0.0006214357984121715,0.0002980004852613014,1.5374517818011858e-07,0.00029815423043948153
125.75,0.00034240139655779885,0.00029799933831475795,1.5397883121147607e-07,0.00029815331714596943
125.78125,0.0003098156668306268,0.0002979981913682145,1.5421301699261913e-07,0.0002981524043852071
125.8125,0.00020154002364173782,0.0002979970444216711,1.5444773714350615e-07,0.0002981514921588146
125.84375,0.00030672596637044584,0.00029799589747512764,1.5468299329025425e-07,0.0002981505804684179
125.875,0.0009103129596335108,0.0002979947505285842,1.5491878706516728e-07,0.0002981496693156494
125.90625,0.0007981139810348201,0.0002979936035820408,1.5515512010676395e-07,0.0002981487587021476
125.9375,4.3033715585151795e-05,0.0002979924566354974,1.5539199405980656e-07,0.0002981478486295572
125.96875,0.0003491599211942136,0.00029799130968895395,1.5562941057532903e-07,0.00029814693909952926
126.0,0.0002495798695861868,0.0002979901627424105,1.558673713106663e-07,0.0002981460301137212
126.03125,0.00046422391553846957,0.0002979890157958671,1.561058779294825e-07,0.00029814512167379657
126.0625,0.0011897487919104496,0.00029798786884932364,1.5634493210180034e-07,0.0002981442137814254
126.09375,0.0008596040691660864,0.0002979867219027802,1.5658453550403037e-07,0.00029814330643828426
126.125,0.00018163678187278474,0.00029798557495623677,1.568246898189999e-07,0.00029814239964605577
126.15625,9.144031564785737e-05,0.00029798442800969333,1.570653967359829e-07,0.0002981414934064293
126.1875,0.00011645457994453796,0.0002979832810631499,1.5730665795072944e-07,0.00029814058772110064
126.21875,0.00021745894976438836,0.00029798213411660646,1.5754847516549542e-07,0.00029813968259177195
126.25,0.0005217279311678863,0.000297980987170063,1.5779085008907266e-07,0.0002981387780201521
126.28125,0.0005936982452036247,0.0002979798402235196,1.5803378443681903e-07,0.0002981378740079564
126.3125,0.0005322000413449134,0.00029797869327697615,1.5827727993068872e-07,0.0002981369705569068
126.34375,0.00038186498021742333,0.0002979775463304327,1.5852133829926249e-07,0.00029813606766873195
126.375,0.0002764300231611504,0.0002979763993838893,1.5876596127777852e-07,0.0002981351653451671
126.40625,5.145935761169476e-05,0.0002979752524373459,1.5901115060816318e-07,0.00029813426358795406
126.4375,3.4588514216960545e-05,0.00029797410549080246,1.592569080390618e-07,0.0002981333623988415
126.46875,4.6966266950002756e-05,0.000297972958544259,1.5950323532586983e-07,0.0002981324617795849
126.5,0.00026326895024353397,0.0002979718115977156,1.5975013423076427e-07,0.00029813156173194637
126.53125,0.00028124686818590573,0.00029797066465117215,1.5999760652273492e-07,0.0002981306622576949
126.5625,0.0015143022782805342,0.0002979695177046287,1.60245653977616e-07,0.0002981297633586063
126.59375,0.0012830335727036333,0.0002979683707580853,1.6049427837811816e-07,0.0002981288650364634
126.625,0.00033727093700702056,0.00029796722381154184,1.6074348151386024e-07,0.0002981279672930557
126.65625,0.00021677948173677117,0.0002979660768649984,1.609932651814013e-07,0.0002981270701301798
126.6875,0.000202584120541041,0.00029796492991845497,1.6124363118427318e-07,0.00029812617354963924
126.71875,0.0006689971721333818,0.00029796378297191153,1.6149458133301288e-07,0.00029812527755324454
126.75,0.0006495830693599901,0.0002979626360253681,1.6174611744519525e-07,0.0002981243821428133
126.78125,6.74630907825459e-05,0.00029796148907882466,1.6199824134546556e-07,0.00029812348732017013
126.8125,5.138966670671782e-05,0.0002979603421322812,1.6225095486557302e-07,0.0002981225930871468
126.84375,0.00043449390170356543,0.0002979591951857378,1.625042598444035e-07,0.00029812169944558217
126.875,0.00025540636193970316,0.00029795804823919435,1.6275815812801307e-07,0.00029812080639732237
126.90625,0.00033322385803702035,0.0002979569012926509,1.6301265156966172e-07,0.00029811991394422055
126.9375,0.0005837010429181343,0.0002979557543461075,1.6326774202984684e-07,0.00029811902208813737
126.96875,0.00010065510682852125,0.0002979546073995641,1.635234313763373e-07,0.0002981181308309404
127.0,0.00023976511746064583,0.00029795346045302065,1.637797214842075e-07,0.0002981172401745049
127.03125,0.0008579814961986334,0.0002979523135064772,1.6403661423587176e-07,0.0002981163501207131
127.0625,0.001175505031684743,0.0002979511665599338,1.6429411152111858e-07,0.0002981154606714549
127.09375,0.0001788763970746632,0.00029795001961339034,1.6455221523714563e-07,0.0002981145718286275
127.125,0.0004697087953737003,0.0002979488726668469,1.648109272885943e-07,0.0002981136835941355
127.15625,0.00013951650236862991,0.00029794772572030347,1.6507024958758505e-07,0.0002981127959698911
127.1875,0.00014190029733301813,0.00029794657877376003,1.653301840537523e-07,0.0002981119089578138
127.21875,0.00013467756161696914,0.0002979454318272166,1.6559073261428036e-07,0.0002981110225598309
127.25,0.00015617162233406984,0.00029794428488067316,1.6585189720393855e-07,0.0002981101367778771
127.28125,0.00046040900167665095,0.0002979431379341297,1.6611367976511735e-07,0.00029810925161389483
127.3125,0.00015329634460495647,0.0002979419909875863,1.6637608224786438e-07,0.00029810836706983416
127.34375,0.0004306078751928202,0.00029794084404104285,1.6663910660992055e-07,0.0002981074831476528
127.375,0.0006123634795275975,0.0002979396970944994,1.669027548167566e-07,0.0002981065998493162
127.40625,0.00020478724854515256,0.000297938550147956,1.6716702884160953e-07,0.0002981057171767976
127.4375,9.617641699938463e-05,0.0002979374032014126,1.6743193066551977e-07,0.0002981048351320781
127.46875,9.279545769326513e-05,0.00029793625625486916,1.6769746227736788e-07,0.0002981039537171465
127.5,0.000342479815467422,0.0002979351093083257,1.6796362567391185e-07,0.00029810307293399963
127.53125,0.0001753002364527863,0.0002979339623617823,1.6823042285982493e-07,0.0002981021927846421
127.5625,0.00012103680200673407,0.00029793281541523885,1.684978558477327e-07,0.0002981013132710866
127.59375,0.00015890516329309076,0.0002979316684686954,1.6876592665825126e-07,0.00029810043439535365
127.625,0.00021701898455330832,0.000297930521522152,1.690346373200254e-07,0.000298099556159472
127.65625,0.00024592476594316643,0.00029792937457560854,1.6930398986976663e-07,0.0002980986785654783
127.6875,4.732876147503347e-05,0.0002979282276290651,1.6957398635229184e-07,0.00029809780161541737
127.71875,0.0008804399686338485,0.00029792708068252167,1.698446288205619e-07,0.0002980969253113422
127.75,0.0004534616401695755,0.00029792593373597823,1.7011591933572083e-07,0.00029809604965531396
127.78125,0.00030235133998647416,0.0002979247867894348,1.7038785996713467e-07,0.00029809517464940194
127.8125,0.0004177196659116704,0.00029792363984289136,1.7066045279243092e-07,0.00029809430029568377
127.84375,0.0002774245917233477,0.0002979224928963479,1.7093369989753827e-07,0.00029809342659624545
127.875,0.0001500659970889402,0.0002979213459498045,1.712076033767263e-07,0.00029809255355318123
127.90625,2.7137816093344965e-05,0.00029792019900326105,1.7148216533264537e-07,0.0002980916811685937
127.9375,0.00020940496441486107,0.0002979190520567176,1.7175738787636715e-07,0.00029809080944459397
127.96875,0.0003450119023885394,0.00029791790511017423,1.72033273127425e-07,0.00029808993838330164
128.0,0.0002630150161340938,0.0002979167581636308,1.7230982321385446e-07,0.00029808906798684464
128.03125,3.354199418950658e-05,0.00029791561121708736,1.725870402722345e-07,0.0002980881982573596
128.0625,1.8423054092934802e-05,0.0002979144642705439,1.728649264477286e-07,0.00029808732919699165
128.09375,5.0805988407927356e-05,0.0002979133173240005,1.7314348389412606e-07,0.0002980864608078946
128.125,0.00022722659162894546,0.00029791217037745705,1.7342271477388347e-07,0.00029808559309223094
128.15625,0.00029197895939636083,0.0002979110234309136,1.7370262125816715e-07,0.0002980847260521718
128.1875,0.0002744340774296233,0.0002979098764843702,1.7398320552689457e-07,0.00029808385968989705
128.21875,0.0005283332465516714,0.00029790872953782674,1.7426446976877712e-07,0.0002980829940075955
128.25,0.0001708621687359666,0.0002979075825912833,1.7454641618136257e-07,0.0002980821290074647
128.28125,9.52947073917397e-05,0.00029790643564473986,1.7482904697107784e-07,0.00029808126469171094
128.3125,0.00014918762189824962,0.0002979052886981964,1.7511236435327201e-07,0.0002980804010625497
128.34375,0.0004425785281545935,0.000297904141751653,1.753963705522599e-07,0.00029807953812220525
128.375,0.0010895397278299027,0.00029790299480510955,1.756810678013653e-07,0.00029807867587291093
128.40625,0.0006118955906779301,0.0002979018478585661,1.7596645834296488e-07,0.0002980778143169091
128.4375,9.145838744690132e-05,0.0002979007009120227,1.7625254442853226e-07,0.0002980769534564512
128.46875,0.0003400686748981119,0.00029789955396547924,1.7653932831868237e-07,0.0002980760932937979
128.5,6.144229597855752e-07,0.00029789840701893586,1.7682681228321585e-07,0.00029807523383121906
128.53125,0.00031489591741818405,0.0002978972600723924,1.7711499860116382e-07,0.0002980743750709936
128.5625,0.0004463111960626363,0.000297896113125849,1.7740388956083329e-07,0.0002980735170154098
128.59375,5.0995731456461795e-05,0.00029789496617930555,1.7769348745985188e-07,0.0002980726596667654
128.625,0.00029659028983951405,0.0002978938192327621,1.7798379460521384e-07,0.0002980718030273673
128.65625,0.00029206295910523474,0.0002978926722862187,1.7827481331332591e-07,0.000298070947099532
128.6875,0.00019741929720225017,0.00029789152533967524,1.7856654591005302e-07,0.0002980700918855853
128.71875,0.0001933336916242788,0.0002978903783931318,1.7885899473076503e-07,0.00029806923738786255
128.75,0.00013715585028429027,0.00029788923144658837,1.79152162120383e-07,0.00029806838360870873
128.78125,8.999723742204835e-06,0.00029788808450004493,1.7944605043342657e-07,0.00029806753055047834
128.8125,0.00024118623596574887,0.0002978869375535015,1.7974066203406053e-07,0.00029806667821553553
128.84375,0.000624279591150594,0.00029788579060695806,1.8003599929614263e-07,0.0002980658266062542
128.875,0.00038071832431246945,0.0002978846436604146,1.803320646032712e-07,0.0002980649757250179
128.90625,0.0008401631261782802,0.0002978834967138712,1.8062886034883312e-07,0.00029806412557422003
128.9375,0.0008368076516121071,0.00029788234976732775,1.809263889360518e-07,0.0002980632761562638
128.96875,0.00032804004501530706,0.0002978812028207843,1.8122465277803628e-07,0.00029806242747356233
129.0,0.0002435615010049365,0.00029788005587424093,1.8152365429782948e-07,0.0002980615795285388
129.03125,0.00030123387707922547,0.0002978789089276975,1.8182339592845746e-07,0.00029806073232362595
129.0625,0.0005481876943338963,0.00029787776198115406,1.8212388011297896e-07,0.00029805988586126703
129.09375,0.000486392567429727,0.0002978766150346106,1.8242510930453489e-07,0.00029805904014391514
129.125,0.00018494811790482088,0.0002978754680880672,1.8272708596639814e-07,0.0002980581951740336
129.15625,9.239956797300877e-06,0.00029787432114152375,1.8302981257202406e-07,0.00029805735095409576
129.1875,8.217791192320193e-05,0.0002978731741949803,1.8333329160510095e-07,0.0002980565074865854
129.21875,0.000229491096805229,0.0002978720272484369,1.8363752555960067e-07,0.00029805566477399646
129.25,8.149014918783722e-05,0.00029787088030189344,1.8394251693982987e-07,0.00029805482281883327
129.28125,0.00021325914211140046,0.00029786973335535,1.8424826826048147e-07,0.00029805398162361047
129.3125,0.00010794459693827447,0.00029786858640880657,1.845547820466862e-07,0.0002980531411908532
129.34375,0.00014059919626012047,0.00029786743946226313,1.848620608340647e-07,0.0002980523015230972
129.375,0.00015669900165941005,0.0002978662925157197,1.8517010716877979e-07,0.0002980514626228885
129.40625,2.86639938945872e-05,0.00029786514556917626,1.854789236075891e-07,0.00029805062449278383
129.4375,0.00018547142084811635,0.0002978639986226328,1.8578851271789788e-07,0.0002980497871353507
129.46875,9.679296171412304e-05,0.0002978628516760894,1.8609887707781232e-07,0.0002980489505531672
129.5,0.0005272704484218436,0.00029786170472954595,1.8641001927619323e-07,0.00029804811474882213
129.53125,0.00012157009514644314,0.00029786055778300256,1.867219419127095e-07,0.0002980472797249153
129.5625,9.793215167900521e-05,0.0002978594108364591,1.8703464759789247e-07,0.00029804644548405703
129.59375,1.3283110842600328e-05,0.0002978582638899157,1.8734813895319065e-07,0.00029804561202886887
129.625,0.0001424199677991674,0.00029785711694337225,1.8766241861102398e-07,0.0002980447793619833
129.65625,7.52517686961119e-05,0.0002978559699968288,1.8797748921483928e-07,0.0002980439474860437
129.6875,0.00012973729614975817,0.0002978548230502854,1.882933534191659e-07,0.00029804311640370455
129.71875,7.588076092974636e-05,0.00029785367610374194,1.8861001388967088e-07,0.00029804228611763164
129.75,0.00015479776585804119,0.0002978525291571985,1.8892747330321556e-07,0.0002980414566305017
129.78125,0.00036100500065800936,0.00029785138221065507,1.892457343479117e-07,0.000298040627945003
129.8125,0.0004039409711429998,0.00029785023526411163,1.8956479972317855e-07,0.0002980398000638348
129.84375,0.00042400516325928183,0.0002978490883175682,1.8988467213979954e-07,0.000298038972989708
129.875,0.0007577360575411249,0.00029784794137102476,1.9020535431997987e-07,0.00029803814672534475
129.90625,0.0003435916465046466,0.0002978467944244813,1.9052684899740454e-07,0.0002980373212734787
129.9375,4.62617905428452e-05,0.0002978456474779379,1.908491589172959e-07,0.0002980364966368552
129.96875,0.0002790885906999908,0.00029784450053139445,1.9117228683647256e-07,0.0002980356728182309
130.0,0.0006859346682335169,0.000297843353584851,1.9149623552340804e-07,0.0002980348498203744
130.03125,0.0008775385486824522,0.00029784220663830763,1.918210077582898e-07,0.0002980340276460659
130.0625,0.0007830293989625086,0.0002978410596917642,1.9214660633307875e-07,0.00029803320629809727
130.09375,0.00031721951213939886,0.00029783991274522076,1.9247303405156937e-07,0.00029803238577927235
130.125,0.00014489572334348908,0.0002978387657986773,1.9280029372944943e-07,0.00029803156609240676
130.15625,0.0003230657550549482,0.0002978376188521339,1.9312838819436096e-07,0.0002980307472403282
130.1875,0.000306271931556095,0.00029783647190559045,1.9345732028596084e-07,0.0002980299292258764
130.21875,0.0007035073994298125,0.000297835324959047,1.9378709285598244e-07,0.00029802911205190297
130.25,0.0005410857331621537,0.0002978341780125036,1.9411770876829686e-07,0.0002980282957212719
130.28125,0.0004425252385214675,0.00029783303106596014,1.944491708989751e-07,0.0002980274802368591
130.3125,0.00024124460556779022,0.0002978318841194167,1.9478148213635066e-07,0.00029802666560155305
130.34375,4.8696876984591605e-05,0.00029783073717287327,1.9511464538108192e-07,0.0002980258518182543
130.375,0.00022379839005804583,0.00029782959022632983,1.954486635462153e-07,0.00029802503888987607
130.40625,0.00012151968873462926,0.0002978284432797864,1.9578353955724923e-07,0.00029802422681934367
130.4375,0.00038733388465471235,0.00029782729633324296,1.961192763521974e-07,0.00029802341560959515
130.46875,0.0005129035161454713,0.0002978261493866995,1.9645587688165332e-07,0.00029802260526358117
130.5,0.0004068952887075965,0.0002978250024401561,1.96793344108855e-07,0.00029802179578426497
130.53125,0.00012907375812263054,0.00029782385549361265,1.9713168100974996e-07,0.0002980209871746224
130.5625,0.00016205424507043824,0.00029782270854706927,1.9747089057306057e-07,0.00029802017943764234
130.59375,0.0005451149961993873,0.00029782156160052583,1.9781097580034988e-07,0.0002980193725763262
130.625,0.00016795414396450774,0.0002978204146539824,1.9815193970608797e-07,0.00029801856659368846
130.65625,3.302787786969484e-05,0.00029781926770743896,1.9849378531771837e-07,0.0002980177614927567
130.6875,0.00022988970550193174,0.0002978181207608955,1.9883651567572512e-07,0.00029801695727657123
130.71875,0.00037999391796334446,0.0002978169738143521,1.9918013383370038e-07,0.00029801615394818576
130.75,0.0001268658473894028,0.00029781582686780865,1.9952464285841202e-07,0.00029801535151066704
130.78125,6.250386032228236e-05,0.0002978146799212652,1.9987004582987178e-07,0.00029801454996709507
130.8125,0.00016198248704715545,0.0002978135329747218,2.0021634584140437e-07,0.0002980137493205632
130.84375,0.00042352801771357567,0.00029781238602817834,2.0056354599971594e-07,0.00029801294957417803
130.875,0.0007148165439713008,0.0002978112390816349,2.00911649424964e-07,0.00029801215073105985
130.90625,0.0008966044537156046,0.00029781009213509146,2.0126065925082697e-07,0.0002980113527943423
130.9375,0.00013633788323792395,0.000297808945188548,2.01610578624575e-07,0.0002980105557671726
130.96875,4.649020469518758e-05,0.0002978077982420046,2.0196141070714016e-07,0.00029800975965271173
131.0,0.0002971361318336894,0.00029780665129546115,2.0231315867318784e-07,0.00029800896445413434
131.03125,0.00027395942230755833,0.0002978055043489177,2.026658257111886e-07,0.0002980081701746289
131.0625,0.0006011794137339822,0.00029780435740237433,2.0301941502348983e-07,0.00029800737681739785
131.09375,0.0004903296682810217,0.0002978032104558309,2.0337392982638838e-07,0.0002980065843856573
131.125,3.627203097695548e-05,0.00029780206350928746,2.0372937335020367e-07,0.00029800579288263764
131.15625,9.343507438499157e-06,0.000297800916562744,2.040857488393508e-07,0.0002980050023115834
131.1875,7.025476830098443e-06,0.0002977997696162006,2.044430595524145e-07,0.00029800421267575303
131.21875,0.00034531569694496095,0.00029779862266965715,2.0480130876222328e-07,0.0002980034239784194
131.25,0.000639387015423185,0.0002977974757231137,2.051604997559245e-07,0.00029800263622286965
131.28125,0.0001977132993358615,0.0002977963287765703,2.0552063583505903e-07,0.0002980018494124053
131.3125,0.0006937543289796238,0.00029779518183002684,2.058817203156372e-07,0.0002980010635503425
131.34375,0.00033802551176495164,0.0002977940348834834,2.0624375652821516e-07,0.0002980002786400116
131.375,5.412405401639745e-05,0.00029779288793693997,2.0660674781797088e-07,0.00029799949468475796
131.40625,5.6378271418864856e-05,0.00029779174099039653,2.0697069754478144e-07,0.00029799871168794133
131.4375,4.941572166270607e-05,0.0002977905940438531,2.0733560908330086e-07,0.0002979979296529364
131.46875,0.00045133079019104167,0.00029778944709730966,2.0770148582303767e-07,0.0002979971485831327
131.5,0.00049373513745046,0.0002977883001507662,2.0806833116843347e-07,0.00029799636848193466
131.53125,0.0002536305047911178,0.0002977871532042228,2.0843614853894206e-07,0.00029799558935276175
131.5625,2.0354802879009904e-05,0.00029778600625767935,2.0880494136910881e-07,0.00029799481119904847
131.59375,0.0002567927386079475,0.00029778485931113597,2.0917471310865051e-07,0.0002979940340242446
131.625,0.0003148412487043556,0.00029778371236459253,2.0954546722253582e-07,0.00029799325783181507
131.65625,0.0003404674345595165,0.0002977825654180491,2.0991720719106644e-07,0.00029799248262524014
131.6875,5.6579225141153586e-05,0.00029778141847150566,2.1028993650995814e-07,0.0002979917084080156
131.71875,0.0002738229653604847,0.0002977802715249622,2.1066365869042284e-07,0.00029799093518365267
131.75,0.0006355543194895852,0.0002977791245784188,2.1103837725925146e-07,0.000297990162955678
131.78125,0.0001785641758900494,0.00029777797763187535,2.1141409575889617e-07,0.00029798939172763424
131.8125,8.361728244532854e-05,0.0002977768306853319,2.117908177475543e-07,0.0002979886215030795
131.84375,0.0003608584055144726,0.0002977756837387885,2.1216854679925237e-07,0.00029798785228558774
131.875,0.0003051074471415403,0.00029777453679224504,2.1254728650393035e-07,0.00029798708407874895
131.90625,0.00038953666805884544,0.0002977733898457016,2.1292704046752687e-07,0.00029798631688616914
131.9375,0.0003931273481187356,0.00029777224289915817,2.133078123120646e-07,0.00029798555071147026
131.96875,6.2385378612434e-05,0.00029777109595261473,2.1368960567573679e-07,0.00029798478555829045
132.0,0.00019539664110904885,0.0002977699490060713,2.1407242421299333e-07,0.0002979840214302843
132.03125,0.00031148799750275796,0.00029776880205952786,2.1445627159462822e-07,0.0002979832583311225
132.0625,0.00019889482497238904,0.0002977676551129844,2.1484115150786756e-07,0.0002979824962644923
132.09375,3.897302094399958e-05,0.000297766508166441,2.152270676564573e-07,0.00029798173523409746
132.125,0.0002842593517656238,0.0002977653612198976,2.1561402376075228e-07,0.00029798097524365833
132.15625,0.00035238761703902584,0.00029776421427335416,2.1600202355780593e-07,0.00029798021629691196
132.1875,0.00013821432697223607,0.00029776306732681073,2.1639107080145975e-07,0.00029797945839761216
132.21875,0.00042109146067125945,0.0002977619203802673,2.1678116926243404e-07,0.00029797870154952974
132.25,9.354775298139386e-05,0.00029776077343372385,2.171723227284189e-07,0.00029797794575645226
132.28125,0.0001998424580077036,0.0002977596264871804,2.1756453500416625e-07,0.00029797719102218456
132.3125,0.0002795666931337271,0.000297758479540637,2.1795780991158143e-07,0.00029797643735054855
132.34375,0.00032605586114113226,0.00029775733259409354,2.183521512898164e-07,0.00029797568474538335
132.375,0.0003906465020787123,0.0002977561856475501,2.1874756299536342e-07,0.00029797493321054546
132.40625,0.0003813504818221383,0.00029775503870100667,2.1914404890214828e-07,0.0002979741827499088
132.4375,0.00011236314978749403,0.00029775389175446323,2.1954161290162548e-07,0.0002979734333673649
132.46875,6.007149270401551e-05,0.0002977527448079198,2.1994025890287347e-07,0.0002979726850668227
132.5,0.00020982359905844043,0.00029775159786137636,2.2033999083268997e-07,0.00029797193785220904
132.53125,0.00015109064304396087,0.0002977504509148329,2.2074081263568866e-07,0.0002979711917274686
132.5625,0.0007782197492864744,0.0002977493039682895,2.2114272827439611e-07,0.0002979704466965639
132.59375,0.00061866574152407,0.00029774815702174605,2.2154574172934974e-07,0.0002979697027634754
132.625,6.430643008017105e-05,0.00029774701007520267,2.2194985699919546e-07,0.0002979689599322019
132.65625,0.00010459065502725364,0.00029774586312865923,2.2235507810078684e-07,0.00029796821820676
132.6875,0.0002266701140557444,0.0002977447161821158,2.2276140906928488e-07,0.0002979674775911851
132.71875,4.8048438039812246e-05,0.00029774356923557236,2.2316885395825766e-07,0.0002979667380895306
132.75,1.4241981536862592e-05,0.0002977424222890289,2.2357741683978133e-07,0.00029796599970586873
132.78125,8.635248017027507e-05,0.0002977412753424855,2.2398710180454178e-07,0.00029796526244429
132.8125,0.00013296361521047829,0.00029774012839594205,2.2439791296193614e-07,0.00029796452630890397
132.84375,1.0086570320889693e-05,0.0002977389814493986,2.2480985444017596e-07,0.0002979637913038388
132.875,0.0004257122421318443,0.0002977378345028552,2.2522293038639058e-07,0.0002979630574332416
132.90625,0.0011182700801273672,0.00029773668755631174,2.2563714496673084e-07,0.0002979623247012785
132.9375,0.0009103340560131683,0.0002977355406097683,2.2605250236647403e-07,0.0002979615931121348
132.96875,0.0007228430930900546,0.00029773439366322487,2.2646900679012915e-07,0.000297960862670015
133.0,0.0008919831582963217,0.00029773324671668143,2.2688666246154333e-07,0.00029796013337914296
133.03125,0.000765218206697364,0.000297732099770138,2.2730547362400796e-07,0.000297959405243762
133.0625,0.00027581610827091607,0.00029773095282359456,2.2772544454036645e-07,0.00029795867826813493
133.09375,0.0004316710777068692,0.0002977298058770511,2.2814657949312264e-07,0.00029795795245654425
133.125,0.0006612622628528848,0.0002977286589305077,2.2856888278454898e-07,0.0002979572278132922
133.15625,0.0004637398666491537,0.0002977275119839643,2.2899235873679644e-07,0.0002979565043427011
133.1875,2.706869969347937e-05,0.00029772636503742087,2.2941701169200488e-07,0.0002979557820491129
133.21875,8.606177673172225e-05,0.00029772521809087743,2.2984284601241358e-07,0.00029795506093688984
133.25,6.015985049594007e-05,0.000297724071144334,2.3026986608047319e-07,0.0002979543410104145
133.28125,1.2825729398229681e-05,0.00029772292419779056,2.3069807629895793e-07,0.0002979536222740895
133.3125,8.039196694592452e-05,0.0002977217772512471,2.31127481091079e-07,0.0002979529047323382
133.34375,0.00026368768452868615,0.0002977206303047037,2.3155808490059807e-07,0.0002979521883896043
133.375,0.00024282831701065552,0.00029771948335816025,2.3198989219194201e-07,0.0002979514732503522
133.40625,0.00021672418651541982,0.0002977183364116168,2.324229074503184e-07,0.00029795075931906715
133.4375,0.00015677338407397087,0.0002977171894650734,2.3285713518183128e-07,0.0002979500466002552
133.46875,0.00011605479335315605,0.00029771604251852994,2.3329257991359815e-07,0.00029794933509844356
133.5,0.0003731161863904024,0.0002977148955719865,2.3372924619386785e-07,0.00029794862481818035
133.53125,0.0004975433009949934,0.00029771374862544306,2.3416713859213832e-07,0.0002979479157640352
133.5625,2.9651663139807807e-05,0.0002977126016788996,2.346062616992762e-07,0.0002979472079405989
133.59375,0.00017511072856170586,0.0002977114547323562,2.3504662012763683e-07,0.00029794650135248383
133.625,9.806859373197069e-05,0.00029771030778581275,2.3548821851118443e-07,0.00029794579600432396
133.65625,0.0008990697545090602,0.00029770916083926937,2.359310615056142e-07,0.000297945091900775
133.6875,0.0009242040420401847,0.00029770801389272593,2.3637515378847412e-07,0.0002979443890465144
133.71875,0.00036660139665939926,0.0002977068669461825,2.368205000592886e-07,0.0002979436874462418
133.75,1.8975382505574537e-05,0.00029770571999963906,2.3726710503968176e-07,0.00029794298710467875
133.78125,0.0003953754256297856,0.0002977045730530956,2.377149734735025e-07,0.0002979422880265691
133.8125,0.002011297149238745,0.0002977034261065522,2.381641101269503e-07,0.00029794159021667916
133.84375,0.0015784116464262958,0.00029770227916000875,2.3861451978870094e-07,0.00029794089367979744
133.875,0.0002720428298480079,0.0002977011322134653,2.390662072700341e-07,0.00029794019842073536
133.90625,0.00010630292015258711,0.0002976999852669219,2.3951917740496163e-07,0.00029793950444432685
133.9375,0.00010376272769793908,0.00029769883832037844,2.39973435050356e-07,0.0002979388117554288
133.96875,0.00028639539817184006,0.000297697691373835,2.404289850860802e-07,0.0002979381203589211
134.0,0.000720648988853789,0.00029769654442729157,2.408858324151183e-07,0.0002979374302597067
134.03125,1.1520919171414609e-05,0.00029769539748074813,2.4134398196370735e-07,0.0002979367414627118
134.0625,0.000487877539431082,0.0002976942505342047,2.4180343868146896e-07,0.00029793605397288617
134.09375,0.0003514530204493828,0.00029769310358766126,2.4226420754154296e-07,0.0002979353677952028
134.125,0.00015188733937101316,0.0002976919566411178,2.4272629354072175e-07,0.00029793468293465856
134.15625,0.0007779406004108313,0.0002976908096945744,2.4318970169958486e-07,0.00029793399939627397
134.1875,0.00019877425895828803,0.000297689662748031,2.4365443706263474e-07,0.00029793331718509363
134.21875,0.0004787091776487491,0.00029768851580148757,2.441205046984343e-07,0.000297932636306186
134.25,0.0006106389188636805,0.00029768736885494413,2.445879096997439e-07,0.0002979319567646439
134.28125,3.426305445047083e-05,0.0002976862219084007,2.4505665718366014e-07,0.00029793127856558437
134.3125,0.0005311498837937305,0.00029768507496185726,2.455267522917556e-07,0.000297930601714149
134.34375,0.0001643282961814038,0.0002976839280153138,2.4599820019021945e-07,0.00029792992621550403
134.375,0.0007188690409228654,0.0002976827810687704,2.464710060699984e-07,0.0002979292520748404
134.40625,0.0012442244482730523,0.00029768163412222695,2.469451751469394e-07,0.0002979285792973739
134.4375,0.001301781289957364,0.0002976804871756835,2.4742071266193334e-07,0.00029792790788834547
134.46875,0.0001993230536761936,0.0002976793402291401,2.478976238810584e-07,0.00029792723785302116
134.5,0.00028976433518638106,0.00029767819328259664,2.483759140957263e-07,0.0002979265691966924
134.53125,0.00035637328260474657,0.0002976770463360532,2.4885558862282804e-07,0.00029792590192467605
134.5625,0.0002916110939363636,0.00029767589938950977,2.493366528048812e-07,0.00029792523604231465
134.59375,0.0003109865599731614,0.00029767475244296633,2.498191120101781e-07,0.0002979245715549765
134.625,6.729377826936999e-05,0.0002976736054964229,2.5030297163293546e-07,0.00029792390846805584
134.65625,0.0003383288568672493,0.00029767245854987946,2.5078823709344403e-07,0.0002979232467869729
134.6875,0.00047778775672772326,0.0002976713116033361,2.512749138382202e-07,0.0002979225865171743
134.71875,0.00034599381283431944,0.00029767016465679264,2.5176300734015814e-07,0.0002979219276641328
134.75,0.0003840230060497126,0.0002976690177102492,2.5225252309868335e-07,0.0002979212702333479
134.78125,0.00034008457503513707,0.00029766787076370576,2.5274346663990676e-07,0.0002979206142303457
134.8125,0.00021501760363847915,0.00029766672381716233,2.5323584351678006e-07,0.0002979199596606791
134.84375,0.00023199519913899526,0.0002976655768706189,2.5372965930925243e-07,0.0002979193065299281
134.875,0.00021919426843721931,0.00029766442992407545,2.5422491962442794e-07,0.00029791865484369987
134.90625,0.00025858572872635474,0.000297663282977532,2.5472163009672383e-07,0.0002979180046076287
134.9375,0.000223981251376571,0.0002976621360309886,2.552197963880309e-07,0.0002979173558273766
134.96875,0.00020208042577714996,0.00029766098908444514,2.557194241878735e-07,0.000297916708508633
135.0,5.2772920884352256e-05,0.0002976598421379017,2.5622051921357176e-07,0.0002979160626571153
135.03125,5.4394136833885797e-05,0.00029765869519135827,2.5672308721040443e-07,0.0002979154182785687
135.0625,2.0223789176056612e-05,0.00029765754824481483,2.5722713395177335e-07,0.0002979147753787666
135.09375,0.0003819601981840445,0.0002976564012982714,2.5773266523936796e-07,0.0002979141339635108
135.125,0.0005069813169482442,0.00029765525435172796,2.5823968690333204e-07,0.0002979134940386313
135.15625,0.00010919015857338525,0.0002976541074051845,2.5874820480243143e-07,0.00029791285560998694
135.1875,5.910082999095166e-05,0.0002976529604586411,2.5925822482422206e-07,0.00029791221868346533
135.21875,0.0001912904140187136,0.0002976518135120977,2.5976975288521995e-07,0.0002979115832649829
135.25,8.776721688257538e-05,0.00029765066656555427,2.602827949310726e-07,0.0002979109493604853
135.28125,0.0004076825786806529,0.00029764951961901083,2.607973569367305e-07,0.0002979103169759476
135.3125,0.0005180391610029766,0.0002976483726724674,2.613134449066206e-07,0.000297909686117374
135.34375,0.00032405875077767647,0.00029764722572592396,2.618310648748213e-07,0.0002979090567907988
135.375,0.00020357798033514843,0.0002976460787793805,2.6235022290523737e-07,0.0002979084290022858
135.40625,1.788128016361702e-05,0.0002976449318328371,2.6287092509177744e-07,0.00029790780275792885
135.4375,0.00013603261569339198,0.00029764378488629365,2.633931775585319e-07,0.00029790717806385216
135.46875,0.0001532989411751067,0.0002976426379397502,2.639169864599528e-07,0.00029790655492621014
135.5,6.659937062941989e-05,0.0002976414909932068,2.644423579810335e-07,0.0002979059333511878
135.53125,2.6912694394309935e-05,0.00029764034404666334,2.6496929833749135e-07,0.0002979053133450008
135.5625,5.127805277094865e-05,0.0002976391971001199,2.654978137759509e-07,0.00029790469491389584
135.59375,0.00023688705477371488,0.00029763805015357647,2.6602791057412756e-07,0.0002979040780641506
135.625,0.00016678032671389379,0.00029763690320703303,2.66559595041014e-07,0.00029790346280207403
135.65625,0.00012498127037573377,0.0002976357562604896,2.6709287351706706e-07,0.00029790284913400666
135.6875,3.45208001313292e-05,0.00029763460931394616,2.6762775237439573e-07,0.0002979022370663206
135.71875,0.0004518877359752126,0.0002976334623674027,2.681642380169511e-07,0.00029790162660541967
135.75,0.000306981409615798,0.00029763231542085934,2.687023368807169e-07,0.00029790101775774004
135.78125,9.238635999277544e-05,0.0002976311684743159,2.692420554339025e-07,0.0002979004105297498
135.8125,4.103572699321563e-05,0.00029763002152777247,2.6978340017713573e-07,0.0002978998049279496
135.84375,6.148303090431748e-05,0.00029762887458122903,2.703263776436583e-07,0.0002978992009588727
135.875,0.0002543299162951585,0.0002976277276346856,2.7087099439952246e-07,0.0002978985986290851
135.90625,0.0005226594341074453,0.00029762658068814216,2.7141725704378767e-07,0.00029789799794518594
135.9375,0.0004860534419705396,0.0002976254337415987,2.719651722087209e-07,0.00029789739891380746
135.96875,0.0007884063797540009,0.0002976242867950553,2.7251474655999657e-07,0.0002978968015416153
136.0,0.0003764007144219291,0.00029762313984851185,2.730659867968985e-07,0.0002978962058353087
136.03125,0.00015328874819706622,0.0002976219929019684,2.736188996525234e-07,0.0002978956118016209
136.0625,0.000693694080797231,0.000297620845955425,2.741734918939854e-07,0.000297895019447319
136.09375,0.0007411253353072094,0.00029761969900888154,2.7472977032262314e-07,0.00029789442877920414
136.125,3.902768271102037e-05,0.0002976185520623381,2.75287741774206e-07,0.0002978938398041123
136.15625,0.0005026785410686582,0.00029761740511579466,2.7584741311914467e-07,0.0002978932525289138
136.1875,0.00021482720321983076,0.0002976162581692512,2.7640879126270127e-07,0.0002978926669605139
136.21875,9.740276077417796e-05,0.0002976151112227078,2.769718831452011e-07,0.000297892083105853
136.25,0.0007130780526610318,0.0002976139642761644,2.7753669574224694e-07,0.00029789150097190664
136.28125,0.0005971472850410337,0.00029761281732962097,2.7810323606493404e-07,0.0002978909205656859
136.3125,4.151530886890765e-05,0.00029761167038307754,2.786715111600666e-07,0.0002978903418942376
136.34375,1.3263610897996812e-05,0.0002976105234365341,2.7924152811037606e-07,0.0002978897649646445
136.375,0.00016012665975016527,0.00029760937648999066,2.798132940347414e-07,0.00029788918978402543
136.40625,0.00025132331411971333,0.0002976082295434472,2.8038681608840983e-07,0.0002978886163595356
136.4375,6.611642485626664e-05,0.0002976070825969038,2.8096210146322013e-07,0.00029788804469836703
136.46875,9.408974525243933e-06,0.00029760593565036035,2.81539157387827e-07,0.0002978874748077482
136.5,9.078111114211833e-05,0.0002976047887038169,2.8211799112792766e-07,0.00029788690669494485
136.53125,4.668138057233333e-06,0.0002976036417572735,2.8269860998648913e-07,0.00029788634036725996
136.5625,0.00041254163156736215,0.00029760249481073004,2.8328102130397766e-07,0.00029788577583203405
136.59375,8.031111403981718e-05,0.0002976013478641866,2.8386523245859044e-07,0.0002978852130966452
136.625,1.472785178562409e-05,0.00029760020091764317,2.844512508664873e-07,0.0002978846521685097
136.65625,0.00010366561819583173,0.00029759905397109973,2.8503908398202594e-07,0.00029788409305508176
136.6875,5.70280749289141e-05,0.0002975979070245563,2.8562873929799787e-07,0.00029788353576385427
136.71875,0.0001876733297489891,0.00029759676007801286,2.8622022434586573e-07,0.00029788298030235873
136.75,0.00014862347504575915,0.0002975956131314694,2.868135466960034e-07,0.0002978824266781654
136.78125,0.00037162185676322936,0.00029759446618492604,2.8740871395793677e-07,0.000297881874898884
136.8125,0.0004349718620770938,0.0002975933192383826,2.880057337805871e-07,0.00029788132497216317
136.84375,0.0002301813724485384,0.00029759217229183917,2.8860461385251546e-07,0.0002978807769056917
136.875,0.00025100832213995874,0.00029759102534529573,2.892053619021693e-07,0.0002978802307071979
136.90625,0.00024482532983337643,0.0002975898783987523,2.8980798569813104e-07,0.00029787968638445044
136.9375,0.0005922804598970249,0.00029758873145220886,2.9041249304936774e-07,0.00029787914394525825
136.96875,2.4714999943618058e-05,0.0002975875845056654,2.9101889180548314e-07,0.0002978786033974709
137.0,3.084530905577358e-05,0.000297586437559122,2.916271898569719e-07,0.000297878064748979
137.03125,0.00024686499976800716,0.00029758529061257855,2.9223739513547456e-07,0.00029787752800771404
137.0625,0.0004184012138580295,0.0002975841436660351,2.9284951561403506e-07,0.00029787699318164915
137.09375,1.0414321427968086e-05,0.0002975829967194917,2.934635593073607e-07,0.00029787646027879905
137.125,0.0001811764340132974,0.00029758184977294824,2.940795342720828e-07,0.00029787592930722033
137.15625,0.00016978290260646342,0.0002975807028264048,2.9469744860702e-07,0.00029787540027501183
137.1875,0.0005735881090140867,0.00029757955587986137,2.953173104534432e-07,0.0002978748731903148
137.21875,1.0317970431186882e-05,0.00029757840893331793,2.9593912799534333e-07,0.0002978743480613133
137.25,0.00035285063203177364,0.0002975772619867745,2.9656290945969925e-07,0.0002978738248962342
137.28125,0.0002852018937045445,0.0002975761150402311,2.971886631167492e-07,0.0002978733037033479
137.3125,0.00027757460953260776,0.0002975749680936877,2.9781639728026426e-07,0.0002978727844909679
137.34375,0.0002201590949162775,0.00029757382114714424,2.9844612030782245e-07,0.00029787226726745206
137.375,6.3150277713061e-05,0.0002975726742006008,2.9907784060108613e-07,0.0002978717520412019
137.40625,8.225497705922548e-05,0.00029757152725405736,2.9971156660608123e-07,0.00029787123882066345
137.4375,4.095733337896219e-05,0.00029757038030751393,3.00347306813478e-07,0.0002978707276143274
137.46875,6.257053438505745e-05,0.0002975692333609705,3.0098506975887413e-07,0.0002978702184307294
137.5,1.769771949729484e-05,0.00029756808641442705,3.0162486402308026e-07,0.0002978697112784501
137.53125,0.00019118373802408487,0.0002975669394678836,3.0226669823240774e-07,0.000297869206166116
137.5625,0.000401012812341979,0.0002975657925213402,3.029105810589571e-07,0.0002978687031023991
137.59375,0.00030611237741414604,0.00029756464557479674,3.035565212209104e-07,0.00029786820209601767
137.625,5.683273482316486e-05,0.0002975634986282533,3.042045274828254e-07,0.0002978677031557361
137.65625,0.0001414803800871687,0.00029756235168170987,3.0485460865593053e-07,0.0002978672062903658
137.6875,4.51121330209056e-05,0.00029756120473516643,3.0550677359842405e-07,0.00029786671150876487
137.71875,0.00010408175067874126,0.000297560057788623,3.061610312157741e-07,0.00029786621881983875
137.75,0.0003437859240788075,0.00029755891084207956,3.0681739046102145e-07,0.0002978657282325406
137.78125,2.901589782023458e-05,0.0002975577638955361,3.074758603350843e-07,0.0002978652397558712
137.8125,0.0001375069600052464,0.00029755661694899274,3.0813644988706546e-07,0.0002978647533988798
137.84375,2.6404315829773182e-05,0.0002975554700024493,3.087991682145625e-07,0.00029786426917066385
137.875,6.1005906770847526e-05,0.00029755432305590587,3.094640244639789e-07,0.00029786378708036984
137.90625,0.00014977800418768285,0.00029755317610936243,3.1013102783083816e-07,0.0002978633071371933
137.9375,0.0005258526391347725,0.000297552029162819,3.1080018756010117e-07,0.0002978628293503791
137.96875,0.0002876785243876383,0.00029755088221627556,3.1147151294648415e-07,0.00029786235372922205
138.0,0.00015855313084178695,0.0002975497352697321,3.1214501333478047e-07,0.0002978618802830669
138.03125,0.0005908709740904771,0.0002975485883231887,3.1282069812018477e-07,0.00029786140902130886
138.0625,9.501710225409767e-05,0.00029754744137664525,3.134985767486181e-07,0.00029786093995339387
138.09375,1.5221770359362449e-05,0.0002975462944301018,3.141786587170574e-07,0.0002978604730888189
138.125,0.0006723489951236314,0.0002975451474835584,3.1486095357386675e-07,0.00029786000843713223
138.15625,0.0005017429501258555,0.00029754400053701494,3.1554547091913014e-07,0.00029785954600793405
138.1875,0.00013802640748078216,0.0002975428535904715,3.1623222040498845e-07,0.0002978590858108765
138.21875,0.0003347627630270726,0.00029754170664392807,3.1692121173597767e-07,0.000297858627855664
138.25,1.9863385464153824e-05,0.00029754055969738463,3.1761245466937065e-07,0.000297858172152054
138.28125,0.0004297504985148468,0.0002975394127508412,3.1830595901552035e-07,0.0002978577187098567
138.3125,0.00011499512657615167,0.0002975382658042978,3.1900173463820685e-07,0.000297857267538936
138.34375,0.00010722150879890151,0.0002975371188577544,3.1969979145498647e-07,0.00029785681864920934
138.375,0.00026132983343663533,0.00029753597191121094,3.204001394375431e-07,0.00029785637205064847
138.40625,0.0003553312283662746,0.0002975348249646675,3.2110278861204296e-07,0.00029785592775327956
138.4375,1.3677780670419122e-05,0.00029753367801812407,3.218077490594923e-07,0.00029785548576718356
138.46875,4.1677523783776904e-05,0.00029753253107158063,3.2251503091609607e-07,0.00029785504610249674
138.5,0.0003763043618001233,0.0002975313841250372,3.2322464437362196e-07,0.0002978546087694108
138.53125,0.0001089123124135877,0.00029753023717849376,3.2393659967976456e-07,0.0002978541737781735
138.5625,5.609992519613314e-05,0.0002975290902319503,3.2465090713851513e-07,0.00029785374113908884
138.59375,0.000431236321661719,0.0002975279432854069,3.253675771105311e-07,0.0002978533108625174
138.625,0.0007799303622930964,0.00029752679633886345,3.260866200135108e-07,0.00029785288295887695
138.65625,0.0003713014432415257,0.00029752564939232,3.2680804632257085e-07,0.00029785245743864255
138.6875,0.00016937213298321156,0.0002975245024457766,3.275318665706245e-07,0.0002978520343123472
138.71875,0.0007405233737461928,0.00029752335549923314,3.2825809134876514e-07,0.0002978516135905819
138.75,0.0006366589445138159,0.0002975222085526897,3.289867313066522e-07,0.00029785119528399635
138.78125,0.00037402798908044914,0.00029752106160614626,3.29717797152899e-07,0.0002978507794032992
138.8125,0.00012106940872946788,0.00029751991465960283,3.304512996554646e-07,0.0002978503659592583
138.84375,0.0005703094865324077,0.00029751876771305944,3.311872496420484e-07,0.0002978499549627015
138.875,0.00014312222704992902,0.000297517620766516,3.319256580004884e-07,0.0002978495464245165
138.90625,0.0005661009843240983,0.00029751647381997257,3.3266653567916087e-07,0.00029784914035565173
138.9375,0.000681521291708152,0.00029751532687342914,3.334098936873852e-07,0.0002978487367671165
138.96875,0.0002242508727676909,0.0002975141799268857,3.3415574309583065e-07,0.00029784833566998153
139.0,0.0001252140758666004,0.00029751303298034226,3.3490409503692624e-07,0.00029784793707537916
139.03125,7.049473614201168e-05,0.0002975118860337988,3.356549607052745e-07,0.0002978475409945041
139.0625,0.00010123076717600239,0.0002975107390872554,3.364083513580682e-07,0.00029784714743861347
139.09375,0.0001687414878621668,0.00029750959214071195,3.371642783155098e-07,0.00029784675641902745
139.125,0.00011881865838404491,0.0002975084451941685,3.379227529612349e-07,0.00029784636794712974
139.15625,0.0004039669020434049,0.0002975072982476251,3.3868378674273903e-07,0.0002978459820343678
139.1875,0.0010026126939486524,0.00029750615130108164,3.3944739117180676e-07,0.00029784559869225347
139.21875,0.0010094921989594993,0.0002975050043545382,3.402135778249456e-07,0.00029784521793236316
139.25,0.0003163529499163708,0.00029750385740799477,3.40982358343822e-07,0.00029784483976633857
139.28125,4.574242096868966e-05,0.00029750271046145133,3.417537444357023e-07,0.000297844464205887
139.3125,0.00016628565209733347,0.0002975015635149079,3.4252774787389534e-07,0.0002978440912627818
139.34375,0.0004551831877481721,0.00029750041656836446,3.4330438049819954e-07,0.0002978437209488627
139.375,0.0007083565954663258,0.0002974992696218211,3.4408365421535444e-07,0.0002978433532760364
139.40625,0.001004061052587355,0.00029749812267527764,3.4486558099949363e-07,0.00029784298825627714
139.4375,0.0007260075099481136,0.0002974969757287342,3.4565017289260275e-07,0.0002978426259016268
139.46875,0.0001789618258665571,0.00029749582878219077,3.4643744200498173e-07,0.0002978422662241957
139.5,4.252290518121838e-05,0.00029749468183564733,3.4722740051570835e-07,0.00029784190923616305
139.53125,3.0158802934713812e-05,0.0002974935348891039,3.4802006067310783e-07,0.000297841554949777
139.5625,4.8349326354221026e-05,0.00029749238794256046,3.4881543479522495e-07,0.00029784120337735567
139.59375,8.427670221610643e-05,0.000297491240996017,3.4961353527030063e-07,0.0002978408545312873
139.625,0.00012218365037003316,0.0002974900940494736,3.5041437455725113e-07,0.00029784050842403086
139.65625,3.52998733227883e-05,0.00029748894710293015,3.5121796518615235e-07,0.0002978401650681163
139.6875,0.0001355602904380761,0.0002974878001563867,3.5202431975872753e-07,0.00029783982447614544
139.71875,0.0002982891772956032,0.0002974866532098433,3.528334509488385e-07,0.0002978394866607921
139.75,0.0010221953849581505,0.00029748550626329984,3.536453715029811e-07,0.0002978391516348028
139.78125,0.0001739196073048494,0.0002974843593167564,3.544600942407854e-07,0.0002978388194109972
139.8125,8.960551309634011e-05,0.00029748321237021297,3.552776320555181e-07,0.0002978384900022685
139.84375,9.482408868793251e-05,0.00029748206542366953,3.5609799791459045e-07,0.00029783816342158413
139.875,3.4279556516134894e-05,0.00029748091847712615,3.5692120486007045e-07,0.00029783783968198623
139.90625,4.1594448592651356e-05,0.0002974797715305827,3.5774726600919737e-07,0.0002978375187965919
139.9375,4.760193176518795e-05,0.0002974786245840393,3.585761945549026e-07,0.0002978372007785942
139.96875,3.492539957877386e-05,0.00029747747763749584,3.5940800376633296e-07,0.00029783688564126215
140.0,2.9960095324004788e-05,0.0002974763306909524,3.602427069893798e-07,0.00029783657339794176
140.03125,0.0007959782934619412,0.00029747518374440896,3.6108031764721093e-07,0.0002978362640620562
140.0625,0.0004673326965371862,0.00029747403679786553,3.619208492408072e-07,0.00029783595764710635
140.09375,1.3464837484177514e-05,0.0002974728898513221,3.627643153495048e-07,0.0002978356541666716
140.125,6.76621623393761e-06,0.00029747174290477865,3.636107296315397e-07,0.0002978353536344102
140.15625,6.869855714154439e-05,0.0002974705959582352,3.6446010582459836e-07,0.0002978350560640598
140.1875,0.0002531357198479621,0.0002974694490116918,3.6531245774637203e-07,0.00029783476146943814
140.21875,0.0006364254701388502,0.00029746830206514834,3.6616779929511603e-07,0.00029783446986444344
140.25,0.0004449285274456227,0.0002974671551186049,3.670261444502127e-07,0.0002978341812630551
140.28125,0.00022924239813622838,0.00029746600817206147,3.6788750727274006e-07,0.0002978338956793342
140.3125,0.00014485592596327008,0.00029746486122551803,3.687519019060448e-07,0.00029783361312742405
140.34375,0.0003327449609133545,0.0002974637142789746,3.6961934257631915e-07,0.0002978333336215509
140.375,0.000564712022342182,0.00029746256733243116,3.7048984359318373e-07,0.00029783305717602434
140.40625,0.0003836372163382644,0.0002974614203858878,3.7136341935027404e-07,0.00029783278380523804
140.4375,0.00018420996597716966,0.00029746027343934434,3.7224008432583276e-07,0.0002978325135236702
140.46875,0.00036411180804086666,0.0002974591264928009,3.7311985308330616e-07,0.0002978322463458842
140.5,0.00022988364808379063,0.00029745797954625747,3.7400274027194546e-07,0.00029783198228652943
140.53125,0.0005597178745948138,0.00029745683259971403,3.748887606274141e-07,0.00029783172136034144
140.5625,0.0005475894703908397,0.0002974556856531706,3.7577792897239837e-07,0.00029783146358214297
140.59375,6.473896957650878e-05,0.00029745453870662716,3.7667026021722466e-07,0.0002978312089668444
140.625,0.00013342674480938931,0.0002974533917600837,3.7756576936048115e-07,0.0002978309575294442
140.65625,5.829461255575171e-05,0.0002974522448135403,3.7846447148964405e-07,0.0002978307092850299
140.6875,0.00039354749987726323,0.00029745109786699685,3.793663817817104e-07,0.00029783046424877854
140.71875,0.00011032878602184186,0.0002974499509204534,3.802715155038345e-07,0.00029783022243595725
140.75,1.1203892087960835e-05,0.00029744880397391,3.8117988801397143e-07,0.00029782998386192395
140.78125,4.316995986095698e-05,0.00029744765702736654,3.820915147615242e-07,0.0002978297485421281
140.8125,0.00016568033242515923,0.0002974465100808231,3.8300641128799723e-07,0.0002978295164921111
140.84375,0.0003619236890960361,0.00029744536313427967,3.839245932276554e-07,0.00029782928772750734
140.875,7.549282404404023e-05,0.00029744421618773623,3.8484607630818766e-07,0.0002978290622640444
140.90625,0.0001648577878762825,0.00029744306924119285,3.857708763513775e-07,0.00029782884011754425
140.9375,1.4976345631634633e-05,0.0002974419222946494,3.86699009273778e-07,0.00029782862130392317
140.96875,4.3600504253519124e-05,0.000297440775348106,3.876304910873926e-07,0.00029782840583919334
141.0,0.00014366343097579,0.00029743962840156254,3.885653379003626e-07,0.0002978281937394629
141.03125,0.00022666385203007211,0.0002974384814550191,3.8950356591765856e-07,0.00029782798502093674
141.0625,0.000927591140744419,0.00029743733450847567,3.9044519144177986e-07,0.00029782777969991744
141.09375,0.0016491076728748484,0.00029743618756193223,3.9139023087345805e-07,0.0002978275777928057
141.125,0.0009987721654075071,0.0002974350406153888,3.923387007123671e-07,0.00029782737931610117
141.15625,0.00014652885547920737,0.00029743389366884536,3.9329061755784e-07,0.0002978271842864032
141.1875,0.0002350833231919022,0.0002974327467223019,3.942459981095902e-07,0.0002978269927204115
141.21875,0.0014573644530931117,0.0002974315997757585,3.952048591684404e-07,0.00029782680463492694
141.25,0.0012780266892401576,0.00029743045282921505,3.961672176370569e-07,0.0002978266200468521
141.28125,6.947903578015231e-05,0.0002974293058826716,3.971330905206901e-07,0.0002978264389731923
141.3125,7.550130011860954e-05,0.0002974281589361282,3.9810249492792157e-07,0.0002978262614310561
141.34375,0.0004897084976805214,0.00029742701198958474,3.990754480714173e-07,0.00029782608743765613
141.375,0.0007128070407938505,0.0002974258650430413,4.000519672686872e-07,0.00029782591701031
141.40625,0.0003871081197977658,0.00029742471809649786,4.0103206994285167e-07,0.00029782575016644073
141.4375,0.00015995828188709318,0.0002974235711499545,4.020157736234136e-07,0.00029782558692357787
141.46875,0.0003871326074544083,0.00029742242420341104,4.0300309594703863e-07,0.0002978254272993581
141.5,0.00013029079768198955,0.0002974212772568676,4.039940546583401e-07,0.00029782527131152597
141.53125,0.0001561267252716134,0.00029742013031032417,4.049886676106722e-07,0.00029782511897793486
141.5625,0.0002603141730372017,0.00029741898336378074,4.059869527669296e-07,0.0002978249703165477
141.59375,0.000647522999487452,0.0002974178364172373,4.0698892820035293e-07,0.00029782482534543764
141.625,0.00037297131598528773,0.00029741668947069386,4.079946120953432e-07,0.0002978246840827892
141.65625,3.463832752700177e-05,0.0002974155425241504,4.090040227482809e-07,0.0002978245465468987
141.6875,0.00021946622373330158,0.000297414395577607,4.1001717856835397e-07,0.00029782441275617535
141.71875,0.0003631253426727158,0.00029741324863106355,4.1103409807839193e-07,0.00029782428272914194
141.75,0.00011889559232935075,0.0002974121016845201,4.120547999157073e-07,0.00029782415648443584
141.78125,0.00038260887945678885,0.0002974109547379767,4.13079302832945e-07,0.00029782403404080964
141.8125,0.00047019412538610125,0.00029740980779143324,4.1410762569893814e-07,0.0002978239154171322
141.84375,3.487805521045785e-05,0.0002974086608448898,4.151397874995715e-07,0.0002978238006323894
141.875,0.00010100206424423568,0.00029740751389834637,4.161758073386532e-07,0.00029782368970568505
141.90625,0.0007857936693833381,0.00029740636695180293,4.172157044387927e-07,0.00029782358265624173
141.9375,0.0001094903710774295,0.00029740522000525955,4.1825949814228774e-07,0.00029782347950340184
141.96875,7.061168998515258e-05,0.0002974040730587161,4.193072079120181e-07,0.00029782338026662815
142.0,2.8318449426537248e-05,0.0002974029261121727,4.203588533323469e-07,0.00029782328496550503
142.03125,0.00011520389513379478,0.00029740177916562924,4.214144541100312e-07,0.0002978231936197393
142.0625,0.00013156828582534,0.0002974006322190858,4.2247403007513903e-07,0.00029782310624916096
142.09375,0.00035232359167786695,0.00029739948527254237,4.2353760118197494e-07,0.00029782302287372436
142.125,0.00048196505999504723,0.00029739833832599893,4.246051875100143e-07,0.00029782294351350896
142.15625,0.00018936036720757654,0.0002973971913794555,4.256768092648444e-07,0.00029782286818872035
142.1875,0.0001586731425196009,0.00029739604443291206,4.2675248677911557e-07,0.00029782279691969115
142.21875,7.669213484759136e-05,0.0002973948974863686,4.2783224051349923e-07,0.0002978227297268821
142.25,0.0003747839044838464,0.0002973937505398252,4.289160910576544e-07,0.0002978226666308828
142.28125,0.00014676992327709344,0.00029739260359328175,4.300040591312045e-07,0.000297822607652413
142.3125,4.7368415882215104e-05,0.0002973914566467383,4.310961655847199e-07,0.00029782255281232304
142.34375,0.00012860550408398037,0.0002973903097001949,4.3219243140071195e-07,0.0002978225021315956
142.375,0.00015034472542201235,0.00029738916275365144,4.332928776946339e-07,0.00029782245563134607
142.40625,0.00020993042540574697,0.000297388015807108,4.343975257158914e-07,0.0002978224133328239
142.4375,0.0004622507871265815,0.00029738686886056457,4.355063968488623e-07,0.0002978223752574134
142.46875,0.00032063701191637346,0.0002973857219140212,4.366195126139244e-07,0.0002978223414266351
142.5,0.0003483738181774074,0.00029738457496747775,4.377368946684935e-07,0.00029782231186214624
142.53125,0.0010761637274490092,0.0002973834280209343,4.388585648080705e-07,0.0002978222865857424
142.5625,0.0008123677703735099,0.0002973822810743909,4.399845449672966e-07,0.00029782226561935816
142.59375,5.6697217243548925e-05,0.00029738113412784744,4.4111485722101996e-07,0.00029782224898506845
142.625,3.7247940864383905e-05,0.000297379987181304,4.4224952378536963e-07,0.0002978222367050894
142.65625,4.8640921739724506e-05,0.00029737884023476056,4.4338856701884134e-07,0.0002978222288017794
142.6875,4.858630020114857e-05,0.00029737769328821713,4.4453200942339133e-07,0.0002978222252976405
142.71875,4.4725158559159756e-05,0.0002973765463416737,4.456798736455403e-07,0.0002978222262153192
142.75,0.0002391487746370205,0.00029737539939513025,4.4683218247748826e-07,0.0002978222315776077
142.78125,1.4441737202115485e-07,0.0002973742524485868,4.4798895885823804e-07,0.0002978222414074451
142.8125,0.0002443872448190919,0.0002973731055020434,4.4915022587472986e-07,0.0002978222557279181
142.84375,0.000442807808505574,0.00029737195855549994,4.503160067629859e-07,0.00029782227456226295
142.875,0.0004603350585967529,0.0002973708116089565,4.514863249092644e-07,0.0002978222979338658
142.90625,0.00014538141050836838,0.00029736966466241307,4.5266120385122597e-07,0.0002978223258662643
142.9375,1.7701690867607123e-05,0.00029736851771586964,4.5384066727910866e-07,0.00029782235838314873
142.96875,0.0004138167212896282,0.0002973673707693262,4.550247390369143e-07,0.0002978223955083631
143.0,0.0003290390938075191,0.0002973662238227828,4.562134431236063e-07,0.0002978224372659064
143.03125,0.00016010658838758985,0.0002973650768762394,4.574068036943168e-07,0.0002978224836799337
143.0625,3.405372609776087e-05,0.00029736392992969594,4.586048450615667e-07,0.0002978225347747575
143.09375,0.00032345924030789295,0.0002973627829831525,4.5980759169649506e-07,0.000297822590574849
143.125,0.0004237226611077167,0.00029736163603660907,4.610150682301006e-07,0.00029782265110483915
143.15625,0.0010937880552121843,0.00029736048909006563,4.622272994544949e-07,0.00029782271638952013
143.1875,0.0007208729557894234,0.0002973593421435222,4.6344431032416527e-07,0.0002978227864538464
143.21875,0.0007013263363563408,0.00029735819519697876,4.64666125957252e-07,0.00029782286132293604
143.25,0.0008586775842140812,0.0002973570482504353,4.6589277163683467e-07,0.00029782294102207216
143.28125,0.0005593691974249767,0.0002973559013038919,4.671242728122316e-07,0.0002978230255767041
143.3125,0.0001541117666788801,0.00029735475435734845,4.6836065510031103e-07,0.00029782311501244874
143.34375,0.0003422218481074425,0.000297353607410805,4.6960194428681423e-07,0.0002978232093550918
143.375,0.00033695897984317475,0.0002973524604642616,4.7084816632769103e-07,0.00029782330863058925
143.40625,0.00042794685517532835,0.00029735131351771814,4.720993473504473e-07,0.0002978234128650686
143.4375,0.0001743945564202843,0.0002973501665711747,4.7335551365550495e-07,0.0002978235220848302
143.46875,0.00012259075721886772,0.00029734901962463127,4.7461669171757514e-07,0.00029782363631634885
143.5,1.7846817495596748e-05,0.0002973478726780879,4.75882908187043e-07,0.00029782375558627493
143.53125,0.0005085502308510936,0.00029734672573154445,4.771541898913664e-07,0.0002978238799214358
143.5625,0.0010034173219198059,0.000297345578785001,4.784305638364872e-07,0.0002978240093488375
143.59375,0.000986392894327002,0.0002973444318384576,4.797120572082549e-07,0.0002978241438956658
143.625,0.000744277626134473,0.00029734328489191414,4.809986973738652e-07,0.000297824283589288
143.65625,0.0005774022778132679,0.0002973421379453707,4.8229051188331e-07,0.000297824428457254
143.6875,0.00044158343763956803,0.00029734099099882727,4.835875284708428e-07,0.0002978245785272981
143.71875,0.0003706155807457503,0.00029733984405228383,4.848897750564567e-07,0.0002978247338273403
143.75,0.00012620600134865336,0.0002973386971057404,4.861972797473757e-07,0.0002978248943854878
143.78125,7.957345364309827e-05,0.00029733755015919696,4.875100708395616e-07,0.0002978250602300365
143.8125,0.0003155693877911365,0.0002973364032126535,4.88828176819234e-07,0.00029782523138947273
143.84375,0.00042912237892162014,0.0002973352562661101,4.901516263644042e-07,0.0002978254078924745
143.875,0.0004375480450703915,0.00029733410931956665,4.914804483464248e-07,0.0002978255897679131
143.90625,0.00040759766269081037,0.0002973329623730232,4.928146718315522e-07,0.0002978257770448548
143.9375,3.1372545035168064e-05,0.0002973318154264798,4.941543260825257e-07,0.0002978259697525623
143.96875,7.872631880811399e-05,0.00029733066847993634,4.954994405601601e-07,0.0002978261679204965
144.0,0.00014517916958507794,0.0002973295215333929,4.96850044924954e-07,0.00029782637157831787
144.03125,2.3774199377124294e-05,0.0002973283745868495,4.982061690387129e-07,0.0002978265807558882
144.0625,0.00035351147116876864,0.0002973272276403061,4.995678429661881e-07,0.00029782679548327225
144.09375,0.00020052091981067393,0.00029732608069376264,5.009350969767314e-07,0.0002978270157907394
144.125,0.0002045165643495947,0.0002973249337472192,5.023079615459644e-07,0.00029782724170876516
144.15625,0.000603122993042604,0.00029732378680067577,5.03686467357465e-07,0.00029782747326803324
144.1875,0.0005519159683929072,0.00029732263985413234,5.050706453044693e-07,0.0002978277104994368
144.21875,5.918092914818067e-05,0.0002973214929075889,5.064605264915895e-07,0.0002978279534340805
144.25,0.0004740404214713482,0.00029732034596104546,5.078561422365491e-07,0.000297828202103282
144.28125,0.00023063689519210766,0.000297319199014502,5.092575240719335e-07,0.00029782845653857396
144.3125,0.000281498899284087,0.0002973180520679586,5.106647037469587e-07,0.00029782871677170556
144.34375,7.271993670620997e-05,0.00029731690512141515,5.12077713229256e-07,0.00029782898283464443
144.375,4.008500776412993e-05,0.0002973157581748717,5.13496584706674e-07,0.0002978292547595784
144.40625,6.906895942804712e-05,0.0002973146112283283,5.149213505890985e-07,0.0002978295325789174
144.4375,0.0001151734856486451,0.00029731346428178484,5.163520435102891e-07,0.0002978298163252951
144.46875,5.470309364939097e-05,0.0002973123173352414,5.177886963297343e-07,0.0002978301060315711
144.5,2.1220977693869915e-05,0.00029731117038869797,5.192313421345238e-07,0.0002978304017308325
144.53125,6.825899806090353e-05,0.0002973100234421546,5.206800142412395e-07,0.00029783070345639585
144.5625,0.00018801289751294123,0.00029730887649561115,5.221347461978648e-07,0.000297831011241809
144.59375,8.352064017334938e-05,0.0002973077295490677,5.235955717857119e-07,0.00029783132512085345
144.625,7.161374865392658e-05,0.0002973065826025243,5.250625250213679e-07,0.00029783164512754565
144.65625,0.0002829686276649855,0.00029730543565598084,5.265356401586608e-07,0.0002978319712961395
144.6875,8.330270371290914e-06,0.0002973042887094374,5.280149516906429e-07,0.000297832303661128
144.71875,3.406970092839894e-05,0.00029730314176289397,5.295004943515959e-07,0.0002978326422572456
144.75,8.119015502143465e-05,0.00029730199481635053,5.309923031190531e-07,0.0002978329871194696
144.78125,0.0005249035460947678,0.0002973008478698071,5.324904132158428e-07,0.0002978333382830229
144.8125,0.0007266148853319575,0.00029729970092326366,5.339948601121514e-07,0.0002978336957833758
144.84375,0.00035776218877921857,0.0002972985539767202,5.355056795276071e-07,0.00029783405965624785
144.875,9.723427986833654e-05,0.0002972974070301768,5.370229074333837e-07,0.00029783442993761017
144.90625,0.00011576144093947426,0.00029729626008363335,5.385465800543242e-07,0.0002978348066636877
144.9375,0.00018543340697139486,0.0002972951131370899,5.400767338710874e-07,0.000297835189870961
144.96875,0.0003550331610808998,0.0002972939661905465,5.416134056223141e-07,0.0002978355795961688
145.0,0.0005830867806072269,0.00029729281924400304,5.431566323068148e-07,0.00029783597587630987
145.03125,0.0007011244393175106,0.0002972916722974596,5.44706451185779e-07,0.0002978363787486454
145.0625,0.0007262026842381654,0.0002972905253509162,5.462628997850082e-07,0.0002978367882507012
145.09375,4.45349034170745e-05,0.0002972893784043728,5.478260158971675e-07,0.00029783720442026995
145.125,0.0002780776122470955,0.00029728823145782935,5.49395837584063e-07,0.00029783762729541344
145.15625,0.00031098604204234294,0.0002972870845112859,5.509724031789405e-07,0.00029783805691446487
145.1875,0.0003729593942178095,0.0002972859375647425,5.525557512888054e-07,0.0002978384933160313
145.21875,0.00014947585018203457,0.00029728479061819904,5.5414592079677e-07,0.0002978389365389958
145.25,0.00023404567654650366,0.0002972836436716556,5.557429508644184e-07,0.00029783938662252
145.28125,0.0003842109786412722,0.00029728249672511216,5.573468809342014e-07,0.00029783984360604634
145.3125,3.778301387768972e-05,0.00029728134977856873,5.589577507318501e-07,0.0002978403075293006
145.34375,1.861943133673509e-05,0.0002972802028320253,5.605756002688166e-07,0.0002978407784322941
145.375,0.0002652237858368272,0.00029727905588548185,5.622004698447385e-07,0.0002978412563553266
145.40625,0.0008341227231189262,0.0002972779089389384,5.638324000499276e-07,0.0002978417413389883
145.4375,0.0010472200832783482,0.000297276761992395,5.654714317678848e-07,0.00029784223342416285
145.46875,0.0009530764178101883,0.00029727561504585154,5.671176061778399e-07,0.00029784273265202936
145.5,0.00016792060414310347,0.0002972744680993081,5.687709647573155e-07,0.0002978432390640654
145.53125,0.0005415797223413038,0.00029727332115276467,5.704315492847205e-07,0.0002978437527020494
145.5625,0.0005738745663103678,0.0002972721742062213,5.720994018419648e-07,0.00029784427360806325
145.59375,0.00012600023572562855,0.00029727102725967785,5.737745648171063e-07,0.00029784480182449495
145.625,2.7134634919853273e-05,0.0002972698803131344,5.754570809070197e-07,0.00029784533739404145
145.65625,0.0005475658989940304,0.000297268733366591,5.771469931200947e-07,0.00029784588035971105
145.6875,0.0005624257593704999,0.00029726758642004754,5.788443447789628e-07,0.0002978464307648265
145.71875,0.0006262237310567104,0.0002972664394735041,5.805491795232496e-07,0.00029784698865302733
145.75,0.00046898726684340986,0.00029726529252696067,5.822615413123558e-07,0.00029784755406827304
145.78125,5.372809264190007e-05,0.00029726414558041723,5.839814744282689e-07,0.0002978481270548455
145.8125,0.00013054780023958945,0.0002972629986338738,5.857090234783996e-07,0.0002978487076573522
145.84375,0.00022246451028424334,0.00029726185168733036,5.874442333984517e-07,0.0002978492959207288
145.875,0.00036401366788404885,0.0002972607047407869,5.891871494553183e-07,0.00029784989189024226
145.90625,0.00020898592049184623,0.0002972595577942435,5.909378172500084e-07,0.00029785049561149347
145.9375,2.1335323632106535e-05,0.00029725841084770005,5.926962827206056e-07,0.00029785110713042066
145.96875,0.00022958005819344654,0.0002972572639011566,5.944625921452542e-07,0.00029785172649330184
146.0,0.00024222115020569896,0.0002972561169546132,5.962367921451796e-07,0.0002978523537467584
146.03125,8.493206167923578e-05,0.00029725497000806974,5.980189296877367e-07,0.00029785298893775746
146.0625,4.664088370839818e-05,0.0002972538230615263,5.998090520894919e-07,0.0002978536321136158
146.09375,0.00018506612121176714,0.0002972526761149829,6.016072070193366e-07,0.00029785428332200226
146.125,0.0001333439845481829,0.0002972515291684395,6.034134425016331e-07,0.00029785494261094114
146.15625,0.00012893207866272486,0.00029725038222189605,6.052278069193929e-07,0.00029785561002881547
146.1875,0.0001770436089781557,0.0002972492352753526,6.07050349017489e-07,0.0002978562856243701
146.21875,4.1042477209480215e-05,0.0002972480883288092,6.088811179058996e-07,0.00029785696944671506
146.25,1.305199744405898e-05,0.00029724694138226574,6.107201630629897e-07,0.0002978576615453287
146.28125,2.341665555781223e-06,0.0002972457944357223,6.125675343388221e-07,0.00029785836197006115
146.3125,0.0002148241882103288,0.00029724464748917887,6.144232819585069e-07,0.00029785907077113736
146.34375,0.0003282318384623677,0.00029724350054263543,6.162874565255853e-07,0.000297859787999161
146.375,6.076035638506993e-06,0.000297242353596092,6.181601090254472e-07,0.00029786051370511745
146.40625,0.0007912245875972441,0.00029724120664954856,6.200412908287873e-07,0.00029786124794037734
146.4375,0.0009151930267116006,0.0002972400597030051,6.219310536950959e-07,0.0002978619907567002
146.46875,7.392052766467747e-05,0.0002972389127564617,6.238294497761877e-07,0.00029786274220623785
146.5,0.0007434194706618397,0.00029723776580991825,6.257365316197671e-07,0.00029786350234153804
146.53125,0.0012626997837188098,0.0002972366188633748,6.276523521730311e-07,0.00029786427121554786
146.5625,0.0003456464476689473,0.0002972354719168314,6.295769647863121e-07,0.0002978650488816177
146.59375,0.000161849913747843,0.00029723432497028794,6.315104232167572e-07,0.0002978658353935047
146.625,0.00022978064285912052,0.00029723317802374455,6.334527816320481e-07,0.0002978666308053766
146.65625,0.000644420678675479,0.0002972320310772011,6.354040946141603e-07,0.0002978674351718153
146.6875,0.00043597775481977574,0.0002972308841306577,6.373644171631615e-07,0.00029786824854782085
146.71875,4.8294709923903025e-05,0.00029722973718411425,6.39333804701053e-07,0.0002978690709888153
146.75,0.0004961619495967744,0.0002972285902375708,6.413123130756495e-07,0.00029786990255064645
146.78125,0.0003432584080761087,0.00029722744329102737,6.432999985645017e-07,0.00029787074328959187
146.8125,9.742265304838734e-05,0.00029722629634448394,6.452969178788616e-07,0.0002978715932623628
146.84375,0.00012787431360227117,0.0002972251493979405,6.473031281676891e-07,0.0002978724525261082
146.875,3.236899003112102e-05,0.00029722400245139706,6.493186870217034e-07,0.00029787332113841874
146.90625,0.00023367514981112615,0.0002972228555048536,6.513436524774765e-07,0.0002978741991573311
146.9375,0.0001963891154760238,0.0002972217085583102,6.533780830215713e-07,0.00029787508664133177
146.96875,0.0002928700340730131,0.00029722056161176675,6.554220375947256e-07,0.00029787598364936147
147.0,9.490654521927587e-05,0.0002972194146652233,6.574755755960802e-07,0.0002978768902408194
147.03125,0.00023578052391172354,0.0002972182677186799,6.595387568874532e-07,0.0002978778064755673
147.0625,0.00024390490616258396,0.00029721712077213644,6.616116417976615e-07,0.0002978787324139341
147.09375,0.0002997739823604266,0.000297215973825593,6.636942911268872e-07,0.0002978796681167199
147.125,0.0004749346209445893,0.0002972148268790496,6.657867661510948e-07,0.0002978806136452007
147.15625,0.0002712583653173983,0.0002972136799325062,6.678891286264937e-07,0.0002978815690611327
147.1875,0.00024230286631443958,0.00029721253298596275,6.700014407940513e-07,0.00029788253442675683
147.21875,0.00024577898459995993,0.0002972113860394193,6.721237653840554e-07,0.0002978835098048034
147.25,0.00011494855151586509,0.0002972102390928759,6.742561656207243e-07,0.0002978844952584966
147.28125,9.228969104575223e-05,0.00029720909214633244,6.763987052268719e-07,0.00029788549085155933
147.3125,1.645310459647445e-05,0.000297207945199789,6.785514484286198e-07,0.00029788649664821764
147.34375,0.00017065099101272127,0.00029720679825324557,6.807144599601638e-07,0.00029788751271320576
147.375,0.0005408775567855054,0.00029720565130670213,6.828878050685928e-07,0.00029788853911177075
147.40625,0.0012626301038723032,0.0002972045043601587,6.850715495187599e-07,0.00029788957590967744
147.4375,0.0008384124602269122,0.00029720335741361526,6.872657595982083e-07,0.0002978906231732135
147.46875,0.0005194820103218955,0.0002972022104670718,6.894705021221516e-07,0.00029789168096919395
147.5,0.0008191024339349238,0.0002972010635205284,6.916858444385095e-07,0.0002978927493649669
147.53125,0.0006027385311334527,0.00029719991657398495,6.939118544329992e-07,0.00029789382842841796
147.5625,0.0001154746046327646,0.0002971987696274415,6.961486005342834e-07,0.0002978949182279758
147.59375,0.00021823482854990895,0.0002971976226808981,6.983961517191773e-07,0.00029789601883261724
147.625,0.0004588678961509599,0.00029719647573435464,7.006545775179112e-07,0.00029789713031187255
147.65625,0.0005808462500361431,0.00029719532878781126,7.029239480194534e-07,0.0002978982527358307
147.6875,0.0003778384821982379,0.0002971941818412678,7.052043338768939e-07,0.0002978993861751447
147.71875,0.0002262613414932176,0.0002971930348947244,7.074958063128859e-07,0.0002979005307010373
147.75,0.0003312551234055813,0.00029719188794818095,7.097984371251508e-07,0.0002979016863853061
147.78125,0.0005920615062560725,0.0002971907410016375,7.121122986920443e-07,0.00029790285330032955
147.8125,4.3169728776750196e-05,0.0002971895940550941,7.144374639781846e-07,0.0002979040315190723
147.84375,0.0008441297214595893,0.00029718844710855064,7.167740065401461e-07,0.00029790522111509076
147.875,0.00030368997765094197,0.0002971873001620072,7.191220005322146e-07,0.0002979064221625394
147.90625,2.96431219560253e-05,0.00029718615321546376,7.214815207122113e-07,0.000297907634736176
147.9375,6.715198846910015e-05,0.00029718500626892033,7.238526424473804e-07,0.0002979088589113677
147.96875,6.413040847757785e-05,0.0002971838593223769,7.262354417203427e-07,0.00029791009476409726
148.0,0.00016350746563548863,0.00029718271237583345,7.286299951351217e-07,0.0002979113423709686
148.03125,0.0002943463772148017,0.00029718156542929,7.310363799232326e-07,0.00029791260180921325
148.0625,0.00014071033828027123,0.0002971804184827466,7.334546739498449e-07,0.00029791387315669643
148.09375,0.0001410349391778393,0.00029717927153620314,7.358849557200143e-07,0.00029791515649192315
148.125,0.0007423808375008823,0.0002971781245896597,7.383273043849849e-07,0.0002979164518940447
148.15625,0.0005999528921202689,0.0002971769776431163,7.407817997485659e-07,0.0002979177594428649
148.1875,0.00041666964469145874,0.0002971758306965729,7.432485222735795e-07,0.0002979190792188465
148.21875,0.00016749665240873288,0.00029717468375002945,7.457275530883853e-07,0.00029792041130311783
148.25,2.0055163857206975e-05,0.000297173536803486,7.482189739934773e-07,0.0002979217557774795
148.28125,0.00016998474352517912,0.0002971723898569426,7.507228674681591e-07,0.00029792311272441077
148.3125,0.0005418988022140053,0.00029717124291039914,7.532393166772963e-07,0.00029792448222707644
148.34375,0.0009285003170642971,0.0002971700959638557,7.557684054781457e-07,0.00029792586436933386
148.375,0.0007372446483118423,0.00029716894901731227,7.583102184272649e-07,0.00029792725923573956
148.40625,0.0006780163604148267,0.00029716780207076883,7.608648407875027e-07,0.00029792866691155635
148.4375,0.00020400897415086044,0.0002971666551242254,7.63432358535069e-07,0.00029793008748276047
148.46875,0.00011260976350872066,0.00029716550817768196,7.660128583666899e-07,0.00029793152103604865
148.5,0.0006843563958866415,0.0002971643612311385,7.686064277068441e-07,0.00029793296765884535
148.53125,0.00023793398286925605,0.0002971632142845951,7.712131547150843e-07,0.00029793442743931015
148.5625,0.0002205085017558677,0.00029716206733805165,7.738331282934465e-07,0.0002979359004663451
148.59375,0.00031318483633344866,0.0002971609203915082,7.764664380939427e-07,0.00029793738682960217
148.625,0.0002486765901753868,0.0002971597734449648,7.791131745261461e-07,0.0002979388866194909
148.65625,0.0001493132562234551,0.00029715862649842134,7.817734287648614e-07,0.0002979403999271862
148.6875,5.1913963621278463e-05,0.00029715747955187796,7.844472927578883e-07,0.00029794192684463584
148.71875,0.0001310502132412677,0.0002971563326053345,7.871348592338767e-07,0.0002979434674645684
148.75,0.0005433913294712754,0.0002971551856587911,7.898362217102724e-07,0.00029794502188050135
148.78125,0.00023781497508801498,0.00029715403871224765,7.925514745013608e-07,0.000297946590186749
148.8125,4.018168849908726e-05,0.0002971528917657042,7.952807127264033e-07,0.0002979481724784306
148.84375,0.00035651250500442523,0.0002971517448191608,7.980240323178709e-07,0.0002979497688514786
148.875,0.00031815033001597376,0.00029715059787261734,8.007815300297775e-07,0.0002979513794026471
148.90625,0.00044809848070179376,0.0002971494509260739,8.035533034461103e-07,0.00029795300422952
148.9375,0.0005204786298230196,0.00029714830397953047,8.063394509893638e-07,0.0002979546434305198
148.96875,2.9286062784237448e-05,0.00029714715703298703,8.091400719291736e-07,0.0002979562971049162
149.0,0.0001668778916878278,0.0002971460100864436,8.119552663910542e-07,0.0002979579653528346
149.03125,0.0002940838550603189,0.00029714486313990016,8.147851353652437e-07,0.0002979596482752654
149.0625,9.549578808675305e-05,0.0002971437161933567,8.176297807156519e-07,0.0002979613459740724
149.09375,0.00011780364735024251,0.0002971425692468133,8.204893051889202e-07,0.0002979630585520022
149.125,5.416304216025985e-05,0.00029714142230026985,8.233638124235863e-07,0.00029796478611269345
149.15625,9.503255336782825e-05,0.0002971402753537264,8.262534069593633e-07,0.0002979665287606858
149.1875,5.806716236207105e-06,0.00029713912840718303,8.291581942465305e-07,0.00029796828660142956
149.21875,0.00022402418313482195,0.0002971379814606396,8.320782806554376e-07,0.000297970059741295
149.25,9.293618614571049e-05,0.00029713683451409615,8.350137734861235e-07,0.0002979718482875823
149.28125,4.026747876967248e-06,0.0002971356875675527,8.379647809780555e-07,0.00029797365234853076
149.3125,6.5087859920475984e-06,0.0002971345406210093,8.409314123199831e-07,0.00029797547203332927
149.34375,3.808774266672653e-05,0.00029713339367446585,8.439137776599168e-07,0.00029797730745212577
149.375,7.043042575739761e-05,0.0002971322467279224,8.46911988115225e-07,0.00029797915871603763
149.40625,1.6181668749002823e-05,0.00029713109978137897,8.499261557828561e-07,0.0002979810259371618
149.4375,2.9710216149741116e-05,0.00029712995283483554,8.529563937496885e-07,0.00029798290922858524
149.46875,2.8870359279104476e-05,0.0002971288058882921,8.560028161030032e-07,0.0002979848087043951
149.5,5.073972350870532e-06,0.00029712765894174866,8.59065537941091e-07,0.00029798672447968976
149.53125,7.501173141602911e-06,0.0002971265119952052,8.621446753839865e-07,0.0002979886566705892
149.5625,2.3593299380660602e-07,0.0002971253650486618,8.652403455843356e-07,0.0002979906053942461
149.59375,2.3363480540982092e-06,0.00029712421810211835,8.683526667384002e-07,0.00029799257076885673
149.625,3.860790289252012e-06,0.0002971230711555749,8.714817580971955e-07,0.0002979945529136721
149.65625,6.77937386329767e-06,0.0002971219242090315,8.746277399777698e-07,0.00029799655194900925
149.6875,3.977029913631736e-06,0.00029712077726248804,8.777907337746227e-07,0.00029799856799626266
149.71875,7.920809717844451e-06,0.00029711963031594466,8.809708619712634e-07,0.0002980006011779159
149.75,9.002011082795724e-06,0.0002971184833694012,8.841682481519202e-07,0.00029800265161755317
149.78125,1.1950888969310667e-05,0.0002971173364228578,8.873830170133883e-07,0.00029800471943987116
149.8125,5.450292738653695e-06,0.00029711618947631435,8.906152943770332e-07,0.0002980068047706914
149.84375,2.3320105671028206e-05,0.0002971150425297709,8.938652072009413e-07,0.00029800890773697185
149.875,1.0232224145927528e-05,0.0002971138955832275,8.971328835922225e-07,0.0002980110284668197
149.90625,5.271952701749404e-06,0.00029711274863668404,9.004184528194719e-07,0.0002980131670895035
149.9375,7.367904258155569e-07,0.0002971116016901406,9.037220453253848e-07,0.000298015323735466
149.96875,0.0006659749608616635,0.00029711045474359717,9.07043792739534e-07,0.0002980174985363367
150.0,0.0032728304067360663,0.00029710930779705373,9.103838278913078e-07,0.00029801969162494504
150.03125,0.0010678664517441362,0.0002971081608505103,9.137422848230115e-07,0.0002980219031353333
150.0625,2.8142917734554823e-05,0.00029710701390396686,9.171192988031386e-07,0.00029802413320276997
150.09375,1.2820842769862773e-05,0.0002971058669574234,9.205150063398076e-07,0.00029802638196376325
150.125,2.2846943737854466e-06,0.00029710472001088,9.239295451943713e-07,0.00029802864955607433
150.15625,1.2679514702371679e-06,0.00029710357306433655,9.273630543952022e-07,0.00029803093611873176
150.1875,3.119159645459815e-05,0.0002971024261177931,9.308156742516512e-07,0.0002980332417920448
150.21875,3.150711790286722e-05,0.0002971012791712497,9.342875463681887e-07,0.00029803556671761786
150.25,4.6316556194337863e-07,0.0002971001322247063,9.377788136587243e-07,0.000298037911038365
150.28125,1.4334974396059223e-05,0.00029709898527816286,9.41289620361113e-07,0.000298040274898524
150.3125,3.848168420833601e-05,0.0002970978383316194,9.448201120518487e-07,0.00029804265844367127
150.34375,4.324335381133278e-06,0.000297096691385076,9.483704356609456e-07,0.00029804506182073694
150.375,3.0620606123080216e-05,0.00029709554443853255,9.519407394870146e-07,0.0002980474851780196
150.40625,1.4552661921756004e-05,0.0002970943974919891,9.555311732125344e-07,0.00029804992866520164
150.4375,2.9979697831464735e-07,0.0002970932505454457,9.591418879193188e-07,0.000298052392433365
150.46875,5.107052712887399e-05,0.00029709210359890224,9.627730361041905e-07,0.0002980548766350064
150.5,7.619623759377336e-05,0.0002970909566523588,9.66424771694853e-07,0.00029805738142405365
150.53125,1.7773932642776668e-05,0.00029708980970581536,9.700972500659758e-07,0.0002980599069558813
150.5625,5.0183967205398255e-05,0.00029708866275927193,9.73790628055486e-07,0.0002980624533873274
150.59375,3.659528863556286e-05,0.0002970875158127285,9.775050639810736e-07,0.00029806502087670957
150.625,2.552824660043669e-06,0.00029708636886618505,9.812407176569183e-07,0.00029806760958384196
150.65625,4.431414434826462e-05,0.0002970852219196416,9.84997750410629e-07,0.0002980702196700523
150.6875,0.00021935490258382837,0.0002970840749730982,9.88776325100414e-07,0.0002980728512981986
150.71875,0.00044148591905731564,0.00029708292802655474,9.925766061324727e-07,0.0002980755046326872
150.75,0.00018514879032858767,0.00029708178108001136,9.963987594786187e-07,0.00029807817983949
150.78125,5.696606510830749e-05,0.0002970806341334679,1.0002429526941402e-06,0.00029808087708616205
150.8125,0.00011381377673973497,0.0002970794871869245,1.0041093549358906e-06,0.0002980835965418604
150.84375,3.264098914975229e-05,0.00029707834024038105,1.0079981369806267e-06,0.0002980863383773617
150.875,5.985249445095297e-05,0.0002970771932938376,1.0119094712435871e-06,0.0002980891027650812
150.90625,2.50241223434572e-05,0.0002970760463472942,1.0158435317973197e-06,0.0002980918898790915
150.9375,4.126647562294061e-05,0.00029707489940075074,1.0198004943907622e-06,0.0002980946998951415
150.96875,0.00024699805094139765,0.0002970737524542073,1.0237805364685765e-06,0.0002980975329906759
151.0,0.0015936893567836765,0.00029707260550766387,1.0277838371907447e-06,0.0002981003893448546
151.03125,0.0008537740463919718,0.00029707145856112043,1.031810577452428e-06,0.00029810326913857284
151.0625,0.00011246573981507198,0.000297070311614577,1.0358609399040905e-06,0.0002981061725544811
151.09375,3.902346098731838e-05,0.00029706916466803356,1.0399351089719005e-06,0.00029810909977700547
151.125,0.0004154656365032396,0.0002970680177214901,1.0440332708784033e-06,0.00029811205099236854
151.15625,0.00038376109594050124,0.0002970668707749467,1.048155613663474e-06,0.00029811502638861016
151.1875,0.00011143565178369332,0.00029706572382840325,1.052302327205559e-06,0.0002981180261556088
151.21875,0.00012888286561930557,0.0002970645768818598,1.0564736032432012e-06,0.000298121050485103
151.25,0.00019118323966247472,0.0002970634299353164,1.0606696353968635e-06,0.00029812409957071325
151.28125,3.6186926741098065e-06,0.000297062282988773,1.0648906191910467e-06,0.000298127173607964
151.3125,4.616621481915433e-06,0.00029706113604222956,1.0691367520767109e-06,0.00029813027279430626
151.34375,0.00027343600351369764,0.0002970599890956861,1.0734082334540063e-06,0.00029813339732914014
151.375,0.0003569496653498184,0.0002970588421491427,1.0777052646953127e-06,0.000298136547413838
151.40625,7.252296394293413e-05,0.00029705769520259925,1.0820280491685998e-06,0.00029813972325176783
151.4375,0.0002315257149739916,0.0002970565482560558,1.0863767922611068e-06,0.0002981429250483169
151.46875,0.00022719002754265235,0.0002970554013095124,1.0907517014033486e-06,0.00029814615301091573
151.5,1.029622903341415e-05,0.00029705425436296894,1.095152986093459e-06,0.0002981494073490624
151.53125,0.00033417127255747303,0.0002970531074164255,1.0995808579218638e-06,0.0002981526882743474
151.5625,0.0006704217157034968,0.00029705196046988207,1.1040355305963043e-06,0.00029815599600047836
151.59375,0.00046175361277138086,0.00029705081352333863,1.108517219967204e-06,0.00029815933074330583
151.625,3.9361221231097845e-05,0.0002970496665767952,1.11302614405339e-06,0.0002981626927208486
151.65625,0.000202075287045828,0.00029704851963025176,1.1175625230681775e-06,0.00029816608215331995
151.6875,0.00021907600884264446,0.0002970473726837083,1.122126579445812e-06,0.00029816949926315413
151.71875,2.8216962505586133e-05,0.0002970462257371649,1.126718537868291e-06,0.0002981729442750332
151.75,0.0001417174239493062,0.00029704507879062145,1.131338625292556e-06,0.000298176417415914
151.78125,0.00018962834239353088,0.00029704393184407806,1.13598707097807e-06,0.0002981799189150561
151.8125,0.00046221730678970877,0.00029704278489753463,1.1406641065147857e-06,0.0002981834490040494
151.84375,0.0006356069726439666,0.0002970416379509912,1.145369965851504e-06,0.0002981870079168427
151.875,0.0001761438978106151,0.00029704049100444775,1.1501048853246409e-06,0.0002981905958897724
151.90625,4.665500389866072e-07,0.0002970393440579043,1.1548691036873973e-06,0.00029819421316159173
151.9375,6.246189923594211e-05,0.0002970381971113609,1.1596628621393444e-06,0.0002981978599735002
151.96875,0.00023804650775538402,0.00029703705016481745,1.1644864043564336e-06,0.00029820153656917386
152.0,0.0003909458484219192,0.000297035903218274,1.169339976521432e-06,0.0002982052431947954
152.03125,0.000560205409939097,0.00029703475627173057,1.1742238273547919e-06,0.0002982089800990854
152.0625,0.00030815162856480686,0.00029703360932518714,1.1791382081459687e-06,0.0002982127475333331
152.09375,5.731991380260856e-05,0.0002970324623786437,1.1840833727851797e-06,0.0002982165457514289
152.125,3.925118887149443e-05,0.00029703131543210026,1.1890595777956282e-06,0.0002982203750098959
152.15625,0.000341104126099533,0.0002970301684855568,1.1940670823661882e-06,0.000298224235567923
152.1875,0.00022490364978110992,0.0002970290215390134,1.1991061483845578e-06,0.00029822812768739797
152.21875,0.0006191516412537152,0.00029702787459246995,1.204177040470901e-06,0.00029823205163294087
152.25,0.0007128913884850427,0.0002970267276459265,1.2092800260119688e-06,0.0002982360076719385
152.28125,9.233425550182532e-05,0.0002970255806993831,1.2144153751957222e-06,0.0002982399960745788
152.3125,0.00023369099672993106,0.0002970244337528397,1.219583361046456e-06,0.0002982440171138861
152.34375,0.00016097645636005056,0.00029702328680629626,1.2247842594604339e-06,0.00029824807106575667
152.375,5.557526998015413e-05,0.0002970221398597528,1.2300183492420514e-06,0.0002982521582089949
152.40625,0.00013159397719088788,0.0002970209929132094,1.2352859121405168e-06,0.0002982562788253499
152.4375,0.00020893063597877674,0.00029701984596666595,1.2405872328870841e-06,0.00029826043319955306
152.46875,2.145893193496776e-05,0.0002970186990201225,1.245922599232822e-06,0.00029826462161935534
152.5,7.695251879577589e-05,0.0002970175520735791,1.2512923019869445e-06,0.000298268844375566
152.53125,8.278686565257114e-05,0.00029701640512703564,1.2566966350557104e-06,0.00029827310176209137
152.5625,3.411173888736662e-05,0.0002970152581804922,1.2621358954818902e-06,0.0002982773940759741
152.59375,2.39683402356634e-05,0.00029701411123394877,1.2676103834848275e-06,0.00029828172161743357
152.625,1.3286238516563931e-05,0.00029701296428740533,1.2731204025010882e-06,0.00029828608468990644
152.65625,0.0005219971217501493,0.0002970118173408619,1.278666259225718e-06,0.0002982904836000876
152.6875,0.0018797857521476963,0.00029701067039431846,1.2842482636541165e-06,0.00029829491865797256
152.71875,0.00035690631791004664,0.000297009523447775,1.2898667291245338e-06,0.00029829939017689955
152.75,0.000214221275657701,0.0002970083765012316,1.2955219723612068e-06,0.0002983038984735928
152.78125,8.134558471819945e-05,0.00029700722955468815,1.3012143135181422e-06,0.0002983084438682063
152.8125,0.00047899833299789007,0.00029700608260814477,1.3069440762235546e-06,0.00029831302668436834
152.84375,0.0011028911235049193,0.00029700493566160133,1.31271158762498e-06,0.0002983176472492263
152.875,0.00030722316335511434,0.0002970037887150579,1.3185171784350677e-06,0.00029832230589349294
152.90625,0.00023679228948979408,0.00029700264176851446,1.3243611829780626e-06,0.00029832700295149254
152.9375,0.000372333400652906,0.000297001494821971,1.3302439392369984e-06,0.000298331738761208
152.96875,0.00038739522171246844,0.0002970003478754276,1.336165788901601e-06,0.0002983365136643292
153.0,0.00029087008356955436,0.00029699920092888415,1.3421270774169284e-06,0.0002983413280063011
153.03125,0.00011137791245729124,0.0002969980539823407,1.348128154032747e-06,0.0002983461821363735
153.0625,0.00014555717885567679,0.0002969969070357973,1.354169371853666e-06,0.00029835107640765096
153.09375,0.00038343650069383293,0.00029699576008925384,1.3602510878900386e-06,0.0002983560111771439
153.125,0.00028077928562093634,0.0002969946131427104,1.3663736631096461e-06,0.00029836098680582006
153.15625,0.00010345469226139982,0.00029699346619616696,1.372537462490177e-06,0.00029836600365865714
153.1875,3.607461994583403e-05,0.00029699231924962353,1.3787428550725147e-06,0.000298371062104696
153.21875,0.00027355967381607004,0.0002969911723030801,1.3849902140148465e-06,0.00029837616251709493
153.25,3.0442684895975763e-05,0.00029699002535653665,1.3912799166476172e-06,0.0002983813052731843
153.28125,6.879993972750221e-06,0.0002969888784099932,1.3976123445293275e-06,0.00029838649075452256
153.3125,1.9196229488266332e-05,0.0002969877314634498,1.4039878835032058e-06,0.000298391719346953
153.34375,0.0002733508043607204,0.0002969865845169064,1.4104069237547596e-06,0.00029839699144066116
153.375,0.0006626360934670219,0.00029698543757036296,1.416869859870228e-06,0.0002984023074302332
153.40625,0.00017123185594978174,0.0002969842906238195,1.4233770908959482e-06,0.0002984076677147155
153.4375,0.00011144150424354542,0.0002969831436772761,1.4299290203986515e-06,0.00029841307269767473
153.46875,0.00024341282746863287,0.00029698199673073265,1.4365260565267103e-06,0.00029841852278725934
153.5,9.724863513769225e-05,0.0002969808497841892,1.4431686120723481e-06,0.00029842401839626155
153.53125,0.0001174123314303494,0.0002969797028376458,1.4498571045348292e-06,0.00029842955994218063
153.5625,0.0007541316315125361,0.00029697855589110234,1.4565919561846509e-06,0.000298435147847287
153.59375,0.000569886205275865,0.0002969774089445589,1.4633735941287545e-06,0.0002984407825386877
153.625,0.0001039510677336123,0.00029697626199801547,1.4702024503767665e-06,0.00029844646444839224
153.65625,0.0003695967461950623,0.00029697511505147203,1.4770789619083014e-06,0.00029845219401338033
153.6875,3.590038903606091e-05,0.0002969739681049286,1.4840035707413344e-06,0.00029845797167566996
153.71875,2.2734366389164806e-05,0.00029697282115838516,1.4909767240016668e-06,0.00029846379788238685
153.75,2.4734047148959647e-05,0.0002969716742118417,1.4979988739935075e-06,0.0002984696730858352
153.78125,2.2399394204491322e-06,0.0002969705272652983,1.5050704782711855e-06,0.00029847559774356946
153.8125,2.3553141484271676e-05,0.00029696938031875485,1.5121919997120184e-06,0.0002984815723184669
153.84375,6.661867320104476e-05,0.0002969682333722114,1.5193639065903554e-06,0.0002984875972788018
153.875,8.218924044046063e-05,0.00029696708642566803,1.5265866726528164e-06,0.00029849367309832083
153.90625,0.0004108184379655366,0.0002969659394791246,1.5338607771947523e-06,0.00029849980025631936
153.9375,0.0005482295967287246,0.00029696479253258116,1.5411867051379445e-06,0.0002985059792377191
153.96875,0.00012790591391496916,0.0002969636455860377,1.548564947109571e-06,0.0002985122105331473
154.0,0.00010796439432453786,0.0002969624986394943,1.555995999522458e-06,0.00029851849463901676
154.03125,3.5406439557758375e-05,0.00029696135169295085,1.5634803646566448e-06,0.0002985248320576075
154.0625,0.00026192488461279406,0.0002969602047464074,1.5710185507422836e-06,0.0002985312232971497
154.09375,7.524384465257729e-05,0.000296959057799864,1.578611072043902e-06,0.00029853766887190787
154.125,0.0008189592003432607,0.00029695791085332054,1.586258448946052e-06,0.0002985441693022666
154.15625,0.0004541128115826837,0.0002969567639067771,1.5939612080403668e-06,0.0002985507251148175
154.1875,7.396634225918184e-05,0.00029695561696023367,1.6017198822140632e-06,0.00029855733684244773
154.21875,0.0005771747191764863,0.00029695447001369023,1.6095350107399059e-06,0.0002985640050244301
154.25,0.0008601892814026281,0.0002969533230671468,1.6174071393676654e-06,0.00029857073020651446
154.28125,0.0007619722469193967,0.00029695217612060336,1.6253368204170999e-06,0.00029857751294102045
154.3125,0.00054039949915128,0.0002969510291740599,1.6333246128724852e-06,0.0002985843537869324
154.34375,0.0001664860317994382,0.0002969498822275165,1.6413710824787265e-06,0.00029859125330999523
154.375,0.000187091436101537,0.0002969487352809731,1.6494768018390783e-06,0.00029859821208281216
154.40625,1.9906396361311748e-05,0.00029694758833442966,1.6576423505145087e-06,0.00029860523068494415
154.4375,0.00028615292277231057,0.00029694644138788623,1.6658683151247306e-06,0.000298612309703011
154.46875,2.680402894436406e-05,0.0002969452944413428,1.6741552894509403e-06,0.00029861944973079375
154.5,0.0001770103759104092,0.00029694414749479936,1.6825038745402932e-06,0.0002986266513693397
154.53125,0.0002577864050201447,0.0002969430005482559,1.6909146788121467e-06,0.00029863391522706804
154.5625,0.0003771919610432701,0.0002969418536017125,1.6993883181661116e-06,0.0002986412419198786
154.59375,2.6731322726591094e-07,0.00029694070665516905,1.7079254160919377e-06,0.000298648632071261
154.625,0.00010764079008848039,0.0002969395597086256,1.7165266037812772e-06,0.0002986560863124069
154.65625,2.2103846490595692e-05,0.00029693841276208217,1.725192520241359e-06,0.0002986636052823235
154.6875,0.0003407606192400602,0.00029693726581553874,1.73392381241061e-06,0.00029867118962794933
154.71875,0.00042284683838980517,0.0002969361188689953,1.7427211352762638e-06,0.0002986788400042716
154.75,0.0003512209806106859,0.00029693497192245186,1.7515851519939924e-06,0.00029868655707444586
154.78125,0.0002858886895623804,0.0002969338249759084,1.7605165340096045e-06,0.000298694341509918
154.8125,6.922112895517108e-05,0.000296932678029365,1.7695159611828472e-06,0.00029870219399054783
154.84375,0.0005280245403808894,0.00029693153108282155,1.7785841219133579e-06,0.0002987101152047349
154.875,0.0003685373097186,0.0002969303841362781,1.7877217132687982e-06,0.0002987181058495469
154.90625,0.00016888404353656731,0.00029692923718973473,1.7969294411152256e-06,0.00029872616663085
154.9375,0.0005505576344312368,0.0002969280902431913,1.8062080202497403e-06,0.00029873429826344106
154.96875,0.00048468667494803416,0.00029692694329664786,1.8155581745354505e-06,0.0002987425014711833
155.0,0.0003588915930663779,0.0002969257963501044,1.8249806370388107e-06,0.0002987507769871432
155.03125,9.877779618210462e-06,0.000296924649403561,1.834476150169367e-06,0.00029875912555373034
155.0625,0.0001876552039670679,0.00029692350245701755,1.8440454658219736e-06,0.0002987675479228395
155.09375,8.868860734222205e-05,0.0002969223555104741,1.8536893455215158e-06,0.00029877604485599565
155.125,5.8744557604686625e-05,0.0002969212085639307,1.8634085605701973e-06,0.0002987846171245009
155.15625,1.1370312980896286e-05,0.00029692006161738724,1.873203892197446e-06,0.0002987932655095847
155.1875,2.59124617665757e-06,0.0002969189146708438,1.8830761317124783e-06,0.0002988019908025563
155.21875,0.00026405717057110227,0.00029691776772430037,1.8930260806595916e-06,0.00029881079380495996
155.25,0.00010419985964149671,0.00029691662077775693,1.903054550976231e-06,0.0002988196753287332
155.28125,0.00013989215757461896,0.0002969154738312135,1.913162365153888e-06,0.0002988286361963674
155.3125,0.00034813993073206734,0.00029691432688467006,1.9233503564018883e-06,0.00029883767724107196
155.34375,2.1643714762266124e-05,0.0002969131799381266,1.933619368814129e-06,0.00029884679930694075
155.375,5.4451967807002654e-05,0.0002969120329915832,1.9439702575388306e-06,0.000298856003249122
155.40625,0.00017553420738406313,0.0002969108860450398,1.9544038889513484e-06,0.00029886528993399114
155.4375,0.0003695654260185091,0.00029690973909849637,1.9649211408301334e-06,0.0002988746602393265
155.46875,0.00036172911781183427,0.00029690859215195293,1.9755229025358773e-06,0.0002988841150544888
155.5,0.00022253072257972563,0.0002969074452054095,1.9862100751939324e-06,0.00029889365528060343
155.53125,0.0005766896165693042,0.00029690629825886606,1.996983571880059e-06,0.0002989032818307461
155.5625,0.000810925343706593,0.0002969051513123226,2.0078443178095765e-06,0.0002989129956301322
155.59375,7.550335300264087e-05,0.0002969040043657792,2.018793250529987e-06,0.0002989227976163092
155.625,7.796920862098504e-05,0.00029690285741923575,2.0298313201171423e-06,0.0002989326887393529
155.65625,0.0004114868564625874,0.0002969017104726923,2.0409594893750267e-06,0.00029894266996206733
155.6875,0.001040897651061628,0.0002969005635261489,2.052178734039242e-06,0.0002989527422601881
155.71875,0.000887163526003519,0.00029689941657960544,2.063490042984259e-06,0.0002989629066225897
155.75,0.0007625737830163875,0.000296898269633062,2.07489441843452e-06,0.0002989731640514965
155.78125,0.00047992643067538477,0.00029689712268651856,2.086392876179475e-06,0.00029898351556269806
155.8125,0.00014168874670131282,0.00029689597573997513,2.0979864457926385e-06,0.00029899396218576775
155.84375,0.00033480831184320845,0.0002968948287934317,2.1096761708547368e-06,0.00029900450496428643
155.875,0.0002646577968197062,0.00029689368184688825,2.1214631091810557e-06,0.0002990151449560693
155.90625,0.0004757956036389251,0.0002968925349003448,2.1333483330530538e-06,0.0002990258832333979
155.9375,9.530028231999647e-05,0.00029689138795380144,2.1453329294543535e-06,0.0002990367208832558
155.96875,0.0002697268360629268,0.000296890241007258,2.157418000311189e-06,0.0002990476590075692
156.0,0.00020441173189153457,0.00029688909406071456,2.169604662737413e-06,0.000299058698723452
156.03125,0.0001307917752088049,0.0002968879471141711,2.1818940492841628e-06,0.0002990698411634553
156.0625,0.0003365653882067585,0.0002968868001676277,2.194287308194275e-06,0.000299081087475822
156.09375,4.037095430193014e-05,0.00029688565322108425,2.2067856036615668e-06,0.00029909243882474584
156.125,8.425441115945948e-05,0.0002968845062745408,2.219390116095077e-06,0.00029910389639063587
156.15625,0.000674122563219348,0.0002968833593279974,2.232102042388383e-06,0.00029911546137038577
156.1875,0.0011182033966824648,0.00029688221238145394,2.244922596194094e-06,0.00029912713497764803
156.21875,0.0003615921171703232,0.0002968810654349105,2.257853008203645e-06,0.00029913891844311416
156.25,7.471065889170089e-05,0.00029687991848836707,2.270894526432503e-06,0.00029915081301479956
156.28125,0.0006347702630329138,0.00029687877154182363,2.2840484165108976e-06,0.0002991628199583345
156.3125,0.0007297539425554127,0.0002968776245952802,2.297315961980209e-06,0.0002991749405572604
156.34375,0.000462869702818045,0.00029687647764873676,2.3106984645951284e-06,0.0002991871761133319
156.375,0.00020661005863244485,0.0002968753307021933,2.3241972446317242e-06,0.00029919952794682503
156.40625,0.00040919228749073305,0.0002968741837556499,2.3378136412015427e-06,0.00029921199739685144
156.4375,0.0009679515463264757,0.0002968730368091065,2.351549012571875e-06,0.0002992245858216784
156.46875,0.00012671107225260502,0.00029687188986256307,2.3654047364923363e-06,0.00029923729459905543
156.5,8.441352283218174e-05,0.00029687074291601963,2.379382210527882e-06,0.0002992501251265475
156.53125,1.94314595163146e-05,0.0002968695959694762,2.3934828523984232e-06,0.0002992630788218746
156.5625,1.956328347593604e-05,0.00029686844902293276,2.407708100325176e-06,0.00029927615712325794
156.59375,0.0001286174326358478,0.0002968673020763893,2.4220594133839013e-06,0.00029928936148977323
156.625,6.028952258349336e-05,0.0002968661551298459,2.4365382718651975e-06,0.0002993026934017111
156.65625,2.1822154509335795e-05,0.00029686500818330245,2.451146177641981e-06,0.00029931615436094443
156.6875,0.00024703946634640984,0.000296863861236759,2.4658846545443546e-06,0.00029932974589130335
156.71875,0.0005646358293051369,0.0002968627142902156,2.480755248741993e-06,0.00029934346953895756
156.75,0.00025375470231253107,0.00029686156734367214,2.495759529134253e-06,0.00029935732687280637
156.78125,5.167637733322275e-05,0.0002968604203971287,2.5108990877481467e-06,0.00029937131948487686
156.8125,0.00017691669482220154,0.00029685927345058527,2.526175540144392e-06,0.0002993854489907297
156.84375,5.459735888476589e-05,0.00029685812650404183,2.5415905258317078e-06,0.0002993997170298735
156.875,9.996719047370049e-05,0.0002968569795574984,2.5571457086895414e-06,0.00029941412526618796
156.90625,0.000159405819256079,0.00029685583261095496,2.5728427773994347e-06,0.00029942867538835437
156.9375,0.00016618629314657223,0.0002968546856644115,2.58868344588522e-06,0.00029944336911029673
156.96875,0.0003815432753905311,0.00029685353871786814,2.604669453762247e-06,0.0002994582081716304
157.0,0.00033445597542934694,0.0002968523917713247,2.6208025667958626e-06,0.00029947319433812054
157.03125,0.00019617658874355738,0.00029685124482478126,2.6370845773693512e-06,0.0002994883294021506
157.0625,0.00019811407314423301,0.00029685009787823783,2.653517304961555e-06,0.00029950361518319937
157.09375,0.0008260069842836849,0.0002968489509316944,2.6701025966344024e-06,0.0002995190535283288
157.125,0.0007663428437616182,0.00029684780398515096,2.6868423275305825e-06,0.00029953464631268155
157.15625,0.00012040753122577153,0.0002968466570386075,2.7037384013815963e-06,0.0002995503954399891
157.1875,7.488342279796956e-05,0.0002968455100920641,2.720792751026438e-06,0.00029956630284309053
157.21875,4.970849038576118e-05,0.00029684436314552065,2.738007338941142e-06,0.0002995823704844618
157.25,6.0500371774626784e-05,0.0002968432161989772,2.755384157779479e-06,0.0002995986003567567
157.28125,5.0884579970919525e-05,0.00029684206925243377,2.7729252309250404e-06,0.0002996149944833588
157.3125,0.00023653485915213523,0.00029684092230589034,2.7906326130549958e-06,0.00029963155491894534
157.34375,0.0001454242946300688,0.0002968397753593469,2.8085083907158056e-06,0.0002996482837500627
157.375,0.000997963986703072,0.00029683862841280346,2.826554682911162e-06,0.0002996651830957146
157.40625,0.0008933654858491097,0.00029683748146626,2.8447736417024654e-06,0.0002996822551079625
157.4375,0.00033610423858548204,0.0002968363345197166,2.863167452822127e-06,0.00029969950197253874
157.46875,0.0004447473813983715,0.00029683518757317315,2.8817383363000216e-06,0.00029971692590947317
157.5,0.00030662916454523545,0.00029683404062662977,2.9004885471033944e-06,0.00029973452917373317
157.53125,2.2400010331247328e-06,0.00029683289368008633,2.919420375790551e-06,0.00029975231405587687
157.5625,6.078591632905154e-06,0.0002968317467335429,2.938536149178674e-06,0.00029977028288272157
157.59375,5.837930100382899e-05,0.00029683059978699946,2.9578382310261074e-06,0.00029978843801802555
157.625,0.00023722806238741042,0.000296829452840456,2.97732902272946e-06,0.0002998067818631855
157.65625,0.0002676363893429209,0.0002968283058939126,2.9970109640358844e-06,0.0002998253168579485
157.6875,0.00039290877905358306,0.00029682715894736915,3.0168865337709262e-06,0.0002998440454811401
157.71875,7.581015094002339e-05,0.0002968260120008257,3.036958250582305e-06,0.000299862970251408
157.75,0.0001443990348126207,0.0002968248650542823,3.0572286737000315e-06,0.0002998820937279823
157.78125,0.0005756676662856623,0.00029682371810773884,3.0777004037132683e-06,0.0002999014185114521
157.8125,0.00025212054642874583,0.0002968225711611954,3.098376083364338e-06,0.00029992094724455977
157.84375,0.000588580813303298,0.00029682142421465197,3.1192583983603223e-06,0.0002999406826130123
157.875,0.0007133306583059996,0.00029682027726810853,3.140350078202674e-06,0.00029996062734631123
157.90625,0.0004746071111613963,0.0002968191303215651,3.1616538970353125e-06,0.0002999807842186004
157.9375,0.00020501739531312286,0.00029681798337502166,3.1831726745116503e-06,0.0003000011560495333
157.96875,3.4450447484711013e-06,0.0002968168364284782,3.2049092766810304e-06,0.0003000217457051593
158.0,8.65058600090382e-05,0.00029681568948193484,3.2268666168950716e-06,0.0003000425560988299
158.03125,0.00021278448429696957,0.0002968145425353914,3.249047656734423e-06,0.00030006359019212585
158.0625,0.0002495503372370384,0.00029681339558884797,3.2714554069564414e-06,0.0003000848509958044
158.09375,0.00017198715022414827,0.00029681224864230453,3.294092928464322e-06,0.00030010634157076886
158.125,2.5499301150451928e-05,0.0002968111016957611,3.31696333329824e-06,0.0003001280650290593
158.15625,0.00025774623383566567,0.00029680995474921766,3.3400697856490614e-06,0.0003001500245348667
158.1875,0.00011425007067527948,0.0002968088078026742,3.3634155028951893e-06,0.00030017222330556943
158.21875,0.00023357165905291548,0.0002968076608561308,3.3870037566631688e-06,0.00030019466461279394
158.25,0.00047257729032735066,0.00029680651390958735,3.410837873912625e-06,0.0003002173517835
158.28125,9.690863171411758e-05,0.0002968053669630439,3.434921238046201e-06,0.0003002402882010901
158.3125,0.0010261390342203864,0.0002968042200165005,3.4592572900451176e-06,0.0003002634773065456
158.34375,0.00020248892125596953,0.00029680307306995704,3.483849529631029e-06,0.00030028692259958807
158.375,9.865562749123387e-05,0.0002968019261234136,3.5087015164548664e-06,0.0003003106276398685
158.40625,0.0005190932009244075,0.00029680077917687016,3.5338168713133576e-06,0.00030033459604818355
158.4375,0.0004197780227444462,0.00029679963223032673,3.559199277393961e-06,0.00030035883150772067
158.46875,0.0001156113018076441,0.0002967984852837833,3.5848524815489626e-06,0.00030038333776533224
158.5,0.0002071148849934309,0.00029679733833723985,3.6107802955994922e-06,0.00030040811863283934
158.53125,0.00038205644791364777,0.00029679619139069647,3.6369865976702475e-06,0.00030043317798836674
158.5625,6.630732991161364e-05,0.00029679504444415304,3.663475333555758e-06,0.0003004585197777088
158.59375,4.6332098801152335e-05,0.0002967938974976096,3.690250518119003e-06,0.0003004841480157286
158.625,0.00013025399295796858,0.00029679275055106616,3.717316236723255e-06,0.0003005100667877894
158.65625,5.4952282338349245e-05,0.0002967916036045227,3.7446766466980433e-06,0.0003005362802512208
158.6875,0.0001423752602990616,0.0002967904566579793,3.7723359788401234e-06,0.0003005627926368194
158.71875,0.0004472482442761961,0.00029678930971143585,3.8002985389504225e-06,0.0003005896082503863
158.75,0.00018574275873687733,0.0002967881627648924,3.828568709407907e-06,0.0003006167314743003
158.78125,6.81571241204735e-05,0.000296787015818349,3.857150950781379e-06,0.0003006441667691304
158.8125,0.00014288492828574043,0.00029678586887180554,3.886049803480215e-06,0.00030067191867528577
158.84375,0.0002793081873802945,0.0002967847219252621,3.915269889445112e-06,0.0003006999918147072
158.875,0.00041912284946159586,0.00029678357497871867,3.94481591387993e-06,0.0003007283908925986
158.90625,0.000615004140032225,0.00029678242803217523,3.974692667025728e-06,0.000300757120699201
158.9375,0.000596494241308344,0.0002967812810856318,4.004905025978186e-06,0.00030078618611161
158.96875,0.0005052663993312331,0.00029678013413908836,4.035457956549557e-06,0.00030081559209563794
159.0,0.0004119029201964502,0.0002967789871925449,4.066356515176398e-06,0.0003008453437077213
159.03125,0.0001499534486718331,0.00029677784024600154,4.097605850874336e-06,0.0003008754460968759
159.0625,8.28844673805927e-06,0.0002967766932994581,4.12921120724116e-06,0.00030090590450669927
159.09375,0.00014004710963360612,0.00029677554635291467,4.161177924509584e-06,0.00030093672427742424
159.125,0.00034869244469262967,0.00029677439940637123,4.193511441651046e-06,0.0003009679108480223
159.15625,9.407515855990217e-05,0.0002967732524598278,4.22621729853197e-06,0.00030099946975835974
159.1875,0.00010130362437116297,0.00029677210551328436,4.259301138123968e-06,0.00030103140665140835
159.21875,0.00012786289426717874,0.0002967709585667409,4.292768708769456e-06,0.0003010637272755104
159.25,0.0003224059694533889,0.0002967698116201975,4.3266258665042665e-06,0.00030109643748670175
159.28125,0.0012448351830538884,0.00029676866467365405,4.3608785774388365e-06,0.0003011295432510929
159.3125,0.0004658993128394421,0.0002967675177271106,4.395532920199643e-06,0.00030116305064731026
159.34375,0.00018777969567021334,0.0002967663707805672,4.43059508843256e-06,0.00030119696586899974
159.375,3.099962998332124e-05,0.00029676522383402374,4.46607139336992e-06,0.00030123129522739364
159.40625,6.051076043412907e-05,0.0002967640768874803,4.501968266463054e-06,0.00030126604515394337
159.4375,7.694105589790967e-05,0.00029676292994093687,4.5382922620822e-06,0.0003013012222030191
159.46875,7.140059814307142e-05,0.00029676178299439343,4.5750500602856815e-06,0.0003013368330546791
159.5,0.00022777064157543256,0.00029676063604785,4.612248469660353e-06,0.00030137288451751034
159.53125,8.249731615239947e-05,0.00029675948910130656,4.649894430235338e-06,0.0003014093835315419
159.5625,0.00012313309155846764,0.0002967583421547632,4.687995016471172e-06,0.0003014463371712343
159.59375,0.0003183016530730087,0.00029675719520821974,4.726557440326522e-06,0.00030148375264854626
159.625,0.000370114308433088,0.0002967560482616763,4.765589054404724e-06,0.000301521637316081
159.65625,0.00015498156696690742,0.00029675490131513286,4.805097355182434e-06,0.0003015599986703153
159.6875,0.0001130390140867681,0.00029675375436858943,4.845089986322797e-06,0.00030159884435491225
159.71875,0.0005083240684313312,0.000296752607422046,4.885574742075564e-06,0.00030163818216412153
159.75,0.00010935185288976804,0.00029675146047550256,4.926559570766709e-06,0.00030167802004626927
159.78125,2.3131682435094067e-06,0.0002967503135289591,4.9680525783801506e-06,0.0003017183661073393
159.8125,4.239645279875089e-05,0.0002967491665824157,5.010062032234291e-06,0.00030175922861464997
159.84375,0.00018615738961458837,0.00029674801963587225,5.052596364756115e-06,0.00030180061600062834
159.875,0.00012206710146408007,0.0002967468726893288,5.095664177355764e-06,0.00030184253686668455
159.90625,8.537609248630934e-06,0.00029674572574278537,5.139274244404519e-06,0.0003018849999871899
159.9375,0.00038872805644882453,0.00029674457879624194,5.183435517319246e-06,0.00030192801431356116
159.96875,0.00047981625807057575,0.0002967434318496985,5.228157128756484e-06,0.000301971588978455
160.0,0.00036220837839121017,0.00029674228490315506,5.273448396919373e-06,0.00030201573330007446
160.03125,6.152429411974946e-05,0.0002967411379566116,5.319318829980841e-06,0.0003020604567865925
160.0625,0.00018225059203015722,0.00029673999101006824,5.36577813062647e-06,0.0003021057691406947
160.09375,0.0009600456347656631,0.0002967388440635248,5.412836200720628e-06,0.00030215168026424545
160.125,0.0006764111218296455,0.00029673769711698137,5.460503146099568e-06,0.00030219820026308096
160.15625,1.0198691352456779e-05,0.00029673655017043793,5.5087892814952645e-06,0.0003022453394519332
160.1875,2.744932653040797e-05,0.0002967354032238945,5.55770513559396e-06,0.00030229310835948846
160.21875,0.0005586349156923312,0.00029673425627735106,5.607261456233455e-06,0.0003023415177335845
160.25,0.0007504648183649015,0.0002967331093308076,5.657469215743312e-06,0.00030239057854655093
160.28125,0.0001274097855720656,0.0002967319623842642,5.708339616432327e-06,0.0003024403020006965
160.3125,3.942661340885678e-05,0.00029673081543772075,5.759884096227691e-06,0.00030249069953394844
160.34375,0.0001972873779629906,0.0002967296684911773,5.812114334470474e-06,0.0003025417828256478
160.375,0.00012735491855010283,0.0002967285215446339,5.865042257872166e-06,0.000302593563802506
160.40625,0.0002847604333663725,0.00029672737459809044,5.9186800466371784e-06,0.0003026460546447276
160.4375,6.783553182219501e-05,0.000296726227651547,5.973040140756373e-06,0.0003026992677923034
160.46875,0.00030971612615491673,0.00029672508070500357,6.0281352464768364e-06,0.0003027532159514804
160.5,0.0003833291067872767,0.00029672393375846013,6.083978342953303e-06,0.00030280791210141343
160.53125,3.2488748462048915e-05,0.0002967227868119167,6.14058268908679e-06,0.0003028633695010035
160.5625,0.000207205827350552,0.00029672163986537326,6.197961830556181e-06,0.0003029196016959294
160.59375,0.0004366173355704408,0.0002967204929188299,6.256129607048709e-06,0.0003029766225258786
160.625,0.00027492509290685216,0.00029671934597228644,6.3151001596954405e-06,0.0003030344461319819
160.65625,0.00012641876202384856,0.000296718199025743,6.374887938718111e-06,0.0003030930869644611
160.6875,3.585826039920454e-05,0.00029671705207919957,6.435507711293792e-06,0.00030315255979049337
160.71875,0.0001663057254983745,0.00029671590513265613,6.496974569644176e-06,0.0003032128797023003
160.75,0.00048438483440800973,0.0002967147581861127,6.559303939356393e-06,0.00030327406212546907
160.78125,0.0003427507680452092,0.00029671361123956926,6.6225115879425345e-06,0.0003033361228275118
160.8125,5.9316199825049095e-06,0.0002967124642930258,6.686613633645311e-06,0.0003033990779266711
160.84375,0.00026608627978883225,0.0002967113173464824,6.751626554497463e-06,0.00030346294390097984
160.875,0.0003574186612014328,0.00029671017039993895,6.817567197642824e-06,0.00030352773759758175
160.90625,0.000538139818853657,0.0002967090234533955,6.884452788927158e-06,0.00030359347624232266
160.9375,0.0002159817345692203,0.0002967078765068521,6.952300942767185e-06,0.00030366017744961926
160.96875,0.00012513844825862882,0.00029670672956030864,7.021129672306451e-06,0.00030372785923261507
161.0,9.319210173609324e-05,0.0002967055826137652,7.090957399866963e-06,0.0003037965400136322
161.03125,0.0004162975700499438,0.00029670443566722176,7.161802967705855e-06,0.0003038662386349276
161.0625,0.0012494632907244906,0.00029670328872067833,7.233685649086528e-06,0.00030393697436976487
161.09375,0.0006206015496479319,0.0002967021417741349,7.30662515967415e-06,0.00030400876693380903
161.125,0.00022676561865240264,0.0002967009948275915,7.380641669265571e-06,0.00030408163649685706
161.15625,0.0001706105672633617,0.00029669984788104807,7.455755813864114e-06,0.00030415560369491217
161.1875,0.00039192353983142416,0.00029669870093450464,7.53198870811001e-06,0.00030423068964261467
161.21875,6.885279964637954e-07,0.0002966975539879612,7.609361958077528e-06,0.00030430691594603875
161.25,7.840758659123163e-05,0.00029669640704141776,7.687897674450269e-06,0.00030438430471586804
161.28125,4.097973140417187e-05,0.0002966952600948743,7.767618486086373e-06,0.0003044628785809607
161.3125,0.00017963073047876294,0.0002966941131483309,7.848547553985817e-06,0.0003045426607023167
161.34375,0.00013857984539069465,0.00029669296620178745,7.930708585672238e-06,0.0003046236747874597
161.375,3.9390286756723226e-05,0.000296691819255244,8.014125850002233e-06,0.00030470594510524624
161.40625,7.99726014547208e-05,0.0002966906723087006,8.09882419241538e-06,0.00030478949650111596
161.4375,0.00025049897416991296,0.00029668952536215714,8.184829050638571e-06,0.0003048743544127957
161.46875,3.741431439462401e-05,0.0002966883784156137,8.272166470858814e-06,0.00030496054488647254
161.5,0.00012442731231675173,0.00029668723146907027,8.36086312437887e-06,0.00030504809459344916
161.53125,0.0006507164275933754,0.00029668608452252683,8.450946324770663e-06,0.0003051370308472975
161.5625,0.0009248261697637099,0.0002966849375759834,8.54244404554171e-06,0.0003052273816215251
161.59375,0.0008213129075630675,0.00029668379062943996,8.635384938330336e-06,0.0003053191755677703
161.625,0.00017836339488408915,0.0002966826436828966,8.72979835164581e-06,0.0003054124420345424
161.65625,1.2142955267424484e-05,0.00029668149673635314,8.82571435016998e-06,0.0003055072110865231
161.6875,8.422109376025724e-05,0.0002966803497898097,8.923163734637501e-06,0.0003056035135244472
161.71875,7.806772616153568e-05,0.00029667920284326627,9.02217806231207e-06,0.00030570138090557837
161.75,0.00010918344032508011,0.00029667805589672283,9.122789668076685e-06,0.0003058008455647995
161.78125,0.00029890705575570247,0.0002966769089501794,9.225031686156258e-06,0.00030590194063633567
161.8125,0.0012063695391503568,0.00029667576200363596,9.328938072491455e-06,0.0003060047000761274
161.84375,0.0009844536550890506,0.0002966746150570925,9.434543627783075e-06,0.0003061091586848756
161.875,0.0003579975537421791,0.0002966734681105491,9.541884021226656e-06,0.00030621535213177576
161.90625,0.000285757833330348,0.00029667232116400565,9.650995814957598e-06,0.00030632331697896326
161.9375,0.00037303713633074286,0.0002966711742174622,9.761916489227326e-06,0.00030643309070668955
161.96875,8.274317446667432e-05,0.0002966700272709188,9.874684468331677e-06,0.00030654471173925045
162.0,3.0109887331190772e-05,0.00029666888032437534,9.989339147312888e-06,0.00030665821947168824
162.03125,0.00014212466963699422,0.0002966677333778319,1.0105920919457172e-05,0.0003067736542972891
162.0625,0.0010554400464406087,0.00029666658643128847,1.0224471204610128e-05,0.0003068910576358986
162.09375,0.0005529245949956269,0.00029666543948474503,1.0345032478332637e-05,0.00030701047196307765
162.125,9.923795447433916e-05,0.0002966642925382016,1.0467648301920326e-05,0.00030713194084012194
162.15625,0.0009350453037015492,0.0002966631455916582,1.059236335330982e-05,0.000307255508944968
162.1875,0.0001925096110664045,0.0002966619986451148,1.071922345889554e-05,0.00030738122210401033
162.21875,3.956891916489876e-05,0.00029666085169857134,1.0848275626280815e-05,0.00030750912732485213
162.25,3.3078987427274776e-06,0.0002966597047520279,1.0979568077987453e-05,0.0003076392728300154
162.28125,3.057646614995588e-05,0.00029665855780548446,1.1113150286148033e-05,0.0003077717080916325
162.3125,5.537767733632842e-05,0.00029665741085894103,1.1249073008205233e-05,0.00030790648386714626
162.34375,0.0002533194834757337,0.0002966562639123976,1.1387388323642639e-05,0.0003080436522360402
162.375,0.00023759541335511262,0.00029665511696585416,1.152814967177137e-05,0.0003081832666376255
162.40625,0.00010404528700659038,0.0002966539700193107,1.1671411890596851e-05,0.0003083253819099076
162.4375,3.063268984677493e-05,0.0002966528230727673,1.1817231256789716e-05,0.000308470054329557
162.46875,0.0006243959108445361,0.00029665167612622385,1.1965665526784708e-05,0.0003086173416530086
162.5,0.00019749749219754881,0.0002966505291796804,1.2116773979030906e-05,0.0003087673031587113
162.53125,0.00022640625781521125,0.00029664938223313697,1.2270617457416042e-05,0.000308919999690553
162.5625,0.00036505041578116363,0.00029664823528659354,1.242725841588721e-05,0.00030907549370248077
162.59375,0.0003671058963233506,0.0002966470883400501,1.2586760964289116e-05,0.0003092338493043392
162.625,0.0003455722548419691,0.00029664594139350666,1.2749190915440354e-05,0.000309395132308947
162.65625,0.0007822905425994218,0.0002966447944469633,1.2914615833466667e-05,0.00030955941028042996
162.6875,0.0006013523863771058,0.00029664364750041984,1.308310508340904e-05,0.0003097267525838289
162.71875,0.00032487628450307484,0.0002966425005538764,1.3254729882122649e-05,0.00030989723043599906
162.75,0.00032714149157968297,0.00029664135360733297,1.342956335048076e-05,0.00031007091695781373
162.78125,0.0004836758817373939,0.00029664020666078953,1.360768056689571e-05,0.00031024788722768524
162.8125,0.0004895815295426714,0.0002966390597142461,1.3789158622166286e-05,0.0003104282183364124
162.84375,7.017627525902263e-05,0.00029663791276770266,1.3974076675658248e-05,0.00031061198944336093
162.875,3.801811953140257e-05,0.0002966367658211592,1.4162516012821288e-05,0.00031079928183398053
162.90625,0.00016654668575204155,0.0002966356188746158,1.4354560104042238e-05,0.00031099017897865804
162.9375,0.00017522009662560375,0.00029663447192807235,1.4550294664830118e-05,0.0003111847665929025
162.96875,7.307147536467311e-05,0.0002966333249815289,1.4749807717323973e-05,0.00031138313269885287
163.0,3.808462071548874e-05,0.0002966321780349855,1.4953189653109409e-05,0.0003115853676880949
163.03125,1.0778247582504885e-05,0.00029663103108844204,1.5160533297323747e-05,0.0003117915643857658
163.0625,7.546970941780699e-05,0.0002966298841418986,1.5371933974023486e-05,0.0003120018181159221
163.09375,0.00028793826519842063,0.00029662873719535517,1.5587489572780334e-05,0.0003122162267681355
163.125,0.0002270288601157675,0.00029662759024881173,1.580730061646431e-05,0.000312434890865276
163.15625,0.0003314344114467912,0.0002966264433022683,1.603147033016343e-05,0.00031265791363243174
163.1875,0.00046594830537700265,0.0002966252963557249,1.6260104711179604e-05,0.0003128854010669045
163.21875,0.0002478788667189195,0.0002966241494091815,1.649331260002984e-05,0.0003131174620092113
163.25,2.941058934362731e-05,0.00029662300246263804,1.6731205752369318e-05,0.00031335420821500736
163.28125,0.0002524058618540324,0.0002966218555160946,1.6973898911740323e-05,0.00031359575442783494
163.3125,8.62562019007621e-07,0.00029662070856955117,1.7221509883035804e-05,0.00031384221845258696
163.34375,0.0006029134284517444,0.00029661956162300773,1.7474159606550746e-05,0.0003140937212295585
163.375,0.00033041519804137494,0.0002966184146764643,1.7731972232476692e-05,0.000314350386908941
163.40625,2.204325196387136e-05,0.00029661726772992086,1.7995075195675275e-05,0.00031461234292559615
163.4375,0.0002691308475909638,0.0002966161207833774,1.8263599290545602e-05,0.000314879720073923
163.46875,0.0005152686349646616,0.000296614973836834,1.853767874577668e-05,0.00031515265258261064
163.5,0.00012821390868593074,0.00029661382689029055,1.881745129875084e-05,0.0003154312781890414
163.53125,0.0003298084759235177,0.0002966126799437471,1.910305826933575e-05,0.00031571573821308283
163.5625,0.00010227946366213674,0.0002966115329972037,1.9394644632772442e-05,0.0003160061776299761
163.59375,1.9723436306924025e-05,0.00029661038605066024,1.969235909133304e-05,0.00031630274514199327
163.625,0.00015737411180341212,0.0002966092391041168,1.9996354144385454e-05,0.00031660559324850227
163.65625,0.000717825149602602,0.00029660809215757336,2.0306786156462637e-05,0.000316914878314036
163.6875,0.00045053563544485023,0.00029660694521103,2.0623815422890474e-05,0.0003172307606339205
163.71875,0.00044279055386286213,0.00029660579826448655,2.094760623248132e-05,0.00031755340449696786
163.75,0.0007141384468422603,0.0002966046513179431,2.1278326926748624e-05,0.00031788297824469176
163.78125,0.0005821004089243159,0.00029660350437139967,2.161614995504253e-05,0.0003182196543264422
163.8125,7.489956075241411e-05,0.00029660235742485624,2.1961251924945496e-05,0.00031856360934980174
163.84375,6.869059844920943e-05,0.0002966012104783128,2.231381364720146e-05,0.00031891502412551427
163.875,9.770864749635077e-05,0.00029660006353176936,2.2674020174380545e-05,0.0003192740837061499
163.90625,0.00014192220866689334,0.0002965989165852259,2.30420608324045e-05,0.00031964097741763044
163.9375,0.00043485385156811335,0.0002965977696386825,2.3418129243974384e-05,0.0003200158988826569
163.96875,6.733443393919408e-05,0.00029659662269213905,2.3802423342852104e-05,0.00032039904603499116
164.0,7.009722820733204e-05,0.0002965954757455956,2.4195145377850015e-05,0.00032079062112344564
164.03125,0.0002612538867483393,0.0002965943287990522,2.4596501905278253e-05,0.0003211908307043304
164.0625,0.0007826930502861082,0.00029659318185250874,2.5006703768486512e-05,0.00032159988562099526
164.09375,0.00024077104681128686,0.0002965920349059653,2.5425966063015955e-05,0.0003220180009689813
164.125,0.000398810032914949,0.00029659088795942187,2.5854508085746968e-05,0.00032244539604516886
164.15625,0.00044517814629293546,0.00029658974101287843,2.629255326628897e-05,0.0003228822942791674
164.1875,0.00018393567318159183,0.000296588594066335,2.6740329078709783e-05,0.0003233289231450448
164.21875,2.017619866145124e-06,0.0002965874471197916,2.7198066931542814e-05,0.0003237855140513344
164.25,1.8958269041844267e-05,0.0002965863001732482,2.766600203384099e-05,0.0003242523022070892
164.28125,0.00010744826182763931,0.00029658515322670474,2.8144373234866174e-05,0.0003247295264615709
164.3125,0.00011175999220876232,0.0002965840062801613,2.8633422834811857e-05,0.00032521742911497314
164.34375,0.000689753534244296,0.00029658285933361787,2.91333963637547e-05,0.00032571625569737255
164.375,0.0007668610321676262,0.00029658171238707443,2.9644542325817548e-05,0.000326226254712892
164.40625,1.639983853880256e-05,0.000296580565440531,3.016711190530223e-05,0.00032674767734583324
164.4375,6.710431014130986e-05,0.00029657941849398756,3.070135863131599e-05,0.00032728077712530356
164.46875,0.0002561174193900778,0.0002965782715474441,3.1247537997170076e-05,0.0003278258095446142
164.5,0.00014625791686808287,0.0002965771246009007,3.18059070305747e-05,0.0003283830316314754
164.53125,0.00010451532676600565,0.00029657597765435725,3.23767238103916e-05,0.00032895270146474884
164.5625,5.6665584979434745e-05,0.0002965748307078138,3.296024692543484e-05,0.0003295350776332487
164.59375,0.0013932257972948964,0.0002965736837612704,3.3556734870534964e-05,0.0003301304186318053
164.625,0.0014982431238307154,0.00029657253681472694,3.416644537480178e-05,0.00033073898218952873
164.65625,0.00046305942777738354,0.0002965713898681835,3.478963465674129e-05,0.0003313610245249248
164.6875,0.00014806019702758982,0.00029657024292164007,3.542655660060387e-05,0.00033199679952224397
164.71875,0.0001107363040808432,0.00029656909597509663,3.607746184806931e-05,0.00033264655782316594
164.75,0.0003807123404678389,0.00029656794902855325,3.674259679911309e-05,0.00033331054582766634
164.78125,0.00026921244340620277,0.0002965668020820098,3.742220251565331e-05,0.0003339890045976631
164.8125,0.0003310900018283001,0.0002965656551354664,3.811651352135537e-05,0.00033468216865682174
164.84375,0.0004585594162241697,0.00029656450818892294,3.8825756490778855e-05,0.0003353902646797018
164.875,0.00039363584681723193,0.0002965633612423795,3.955014882089702e-05,0.0003361135100632765
164.90625,0.00025634695402772885,0.00029656221429583607,4.0289897077913635e-05,0.0003368521113737497
164.9375,6.497786520535778e-05,0.00029656106734929263,4.1045195312255156e-05,0.0003376062626615478
164.96875,9.41375334551544e-06,0.0002965599204027492,4.181622323464262e-05,0.0003383761436373918
165.0,0.00030985845108846,0.00029655877345620576,4.260314424625899e-05,0.00033916191770246473
165.03125,0.00037428702395822863,0.0002965576265096623,4.340610331624283e-05,0.00033996372982590515
165.0625,2.6684410958746787e-05,0.0002965564795631189,4.422522470007267e-05,0.00034078170426319156
165.09375,2.0414076225848385e-05,0.00029655533261657545,4.506060949288057e-05,0.000341615942109456
165.125,0.00013291495066608145,0.000296554185670032,4.5912333012366845e-05,0.0003424665186823988
165.15625,0.000687813880642128,0.00029655303872348857,4.678044200680512e-05,0.0003433334807302937
165.1875,0.0005463098895237873,0.00029655189177694514,4.7664951684651965e-05,0.0003442168434615971
165.21875,0.0004937859174779219,0.0002965507448304017,4.8565842563532893e-05,0.0003451165873939346
165.25,0.0004006090372896465,0.0002965495978838583,4.948305713789653e-05,0.00034603265502175485
165.28125,0.0009610838063753417,0.0002965484509373149,5.041649636643448e-05,0.00034696494730374934
165.3125,0.00039256628290357357,0.00029654730399077144,5.136601598248844e-05,0.0003479133199732599
165.34375,0.00010677835208332067,0.000296546157044228,5.233142263313247e-05,0.00034887757967736046
165.375,0.00025569477800618416,0.00029654501009768457,5.331246985545507e-05,0.00034985747995313964
165.40625,8.519690379452915e-05,0.00029654386315114113,5.430885390179544e-05,0.0003508527170529366
165.4375,0.0002170393454502692,0.0002965427162045977,5.5320209429333094e-05,0.0003518629256339308
165.46875,0.00014627180345055984,0.00029654156925805426,5.634610507350279e-05,0.00035288767433155704
165.5,0.00045342989531226593,0.0002965404223115108,5.7386038929217945e-05,0.0003539264612407288
165.53125,0.0002547104398598928,0.0002965392753649674,5.843943396883496e-05,0.00035497870933380235
165.5625,5.3341692360690545e-05,0.00029653812841842395,5.950563343116636e-05,0.0003560437618495903
165.59375,0.00018234922384418418,0.0002965369814718805,6.0583896221629644e-05,0.00035712087769351015
165.625,0.00023463742067991893,0.0002965358345253371,6.167339236976147e-05,0.00035820922689509853
165.65625,0.0001341039504627941,0.00029653468757879364,6.277319859677451e-05,0.00035930788617556816
165.6875,0.0001317884954645055,0.0002965335406322502,6.388229405251045e-05,0.00036041583468476065
165.71875,0.0006974521957060708,0.00029653239368570677,6.499955628794319e-05,0.00036153194997365
165.75,0.0007739093844948124,0.00029653124673916333,6.612375753618573e-05,0.0003626550042753491
165.78125,0.0008918280874662833,0.00029653009979261995,6.725356138159652e-05,0.00036378366117421646
165.8125,0.000332299957124131,0.0002965289528460765,6.838751990288299e-05,0.0003649164727489595
165.84375,2.381931557032229e-05,0.0002965278058995331,6.952407138184966e-05,0.00036605187728138273
165.875,0.00022639397734937298,0.00029652665895298964,7.066153867439362e-05,0.00036718819762738327
165.90625,0.00014156442656648523,0.0002965255120064462,7.179812834424552e-05,0.00036832364035069173
165.9375,0.00040553877638091826,0.00029652436505990277,7.293193066249813e-05,0.0003694562957224009
165.96875,0.0009949403946712444,0.00029652321811335933,7.406092057685328e-05,0.0003705841386902126
166.0,0.00023796037871708716,0.0002965220711668159,7.518295975343246e-05,0.00037170503092024836
166.03125,9.57029703681356e-05,0.00029652092422027246,7.629579979062515e-05,0.0003728167240108976
166.0625,0.0005649445415334738,0.000296519777273729,7.739708669848741e-05,0.00037391686397221643
166.09375,0.0005290563114547412,0.0002965186303271856,7.848436672837932e-05,0.0003750029970555649
166.125,0.0001343524223983748,0.00029651748338064215,7.955509362561126e-05,0.0003760725770062534
166.15625,0.000791887625685954,0.0002965163364340987,8.060663736268839e-05,0.0003771229737967871
166.1875,0.0007606673039208809,0.0002965151894875553,8.163629439221146e-05,0.00037815148387976673
166.21875,0.0005237815411040889,0.00029651404254101184,8.264129943662087e-05,0.0003791553419776327
166.25,0.000511493336384248,0.0002965128955944684,8.361883880689005e-05,0.00038013173440135843
166.28125,0.0005801441216968712,0.000296511748647925,8.456606521424205e-05,0.00038107781386216707
166.3125,8.582284078518128e-05,0.0002965106017013816,8.548011400838756e-05,0.00038199071570976914
166.34375,5.214626223411723e-05,0.00029650945475483815,8.635812074321862e-05,0.00038286757549805677
166.375,4.469701147301367e-05,0.0002965083078082947,8.719723993704714e-05,0.00038370554774534184
166.40625,0.0002400450115527828,0.00029650716086175127,8.799466486020255e-05,0.0003845018257219538
166.4375,0.00046128546826559885,0.00029650601391520784,8.874764814907622e-05,0.00038525366206428404
166.46875,0.0008049904440083929,0.0002965048669686644,8.945352301360042e-05,0.00038595838998226484
166.5,0.0007636306347458687,0.00029650372002212096,9.010972477582249e-05,0.00038661344479794344
166.53125,0.0009635392382094045,0.0002965025730755775,9.071381245185142e-05,0.00038721638552742895
166.5625,0.0006300711111966308,0.0002965014261290341,9.126349006915455e-05,0.00038776491619818863
166.59375,0.00016079056452503716,0.00029650027918249065,9.175662739703152e-05,0.0003882569065795222
166.625,0.00046553821229612007,0.0002964991322359472,9.219127976101089e-05,0.0003886904119969581
166.65625,4.50203029555391e-05,0.0002964979852894038,9.256570661263409e-05,0.0003890636919020379
166.6875,0.0003575535752053902,0.00029649683834286034,9.287838853509642e-05,0.00038937522687795676
166.71875,0.0005492013800320323,0.0002964956913963169,9.312804238270452e-05,0.00038962373377902145
166.75,0.00041828439079571046,0.00029649454444977347,9.331363427797282e-05,0.0003898081787277463
166.78125,0.0003642944234618246,0.00029649339750323003,9.343439022396882e-05,0.0003899277877271989
166.8125,2.8186806600972857e-05,0.00029649225055668665,9.34898041304656e-05,0.00038998205468715225
166.84375,0.00014133387910651992,0.0002964911036101432,9.347964309948786e-05,0.0003899707467096311
166.875,0.000622239457403683,0.0002964899566635998,9.340394986761149e-05,0.00038989390653121125
166.90625,0.00021575463137006866,0.00029648880971705634,9.326304235733473e-05,0.00038975185207439105
166.9375,0.00028742107386403284,0.0002964876627705129,9.305751034629241e-05,0.0003895451731168053
166.96875,5.133309332284277e-05,0.00029648651582396947,9.278820931925951e-05,0.000389274725143229
167.0,0.00022243297250934983,0.00029648536887742603,9.245625162204047e-05,0.0003889416204994665
167.03125,0.00030099044811063606,0.0002964842219308826,9.206299508679962e-05,0.0003885472170176822
167.0625,0.0005495690629277386,0.00029648307498433916,9.161002934366618e-05,0.0003880931043280053
167.09375,0.00035491813629436367,0.0002964819280377957,9.109916007227734e-05,0.00038758108811007307
167.125,2.270773187906421e-07,0.0002964807810912523,9.05323914783242e-05,0.0003870131725695765
167.15625,4.881989419187854e-06,0.00029647963414470885,8.991190730346523e-05,0.0003863915414481741
167.1875,1.8088332062575886e-05,0.0002964784871981654,8.924005069183133e-05,0.0003857185378899967
167.21875,0.0005031049564974725,0.000296477340251622,8.851930324274894e-05,0.00038499664349437093
167.25,0.0008132055179344052,0.00029647619330507854,8.775226357754607e-05,0.00038422845688262464
167.28125,0.0006577629393170989,0.0002964750463585351,8.69416257389472e-05,0.0003834166720974823
167.3125,0.0014339197929865754,0.0002964738994119917,8.609015772540022e-05,0.00038256405713739194
167.34375,0.001569151430913794,0.0002964727524654483,8.520068044068662e-05,0.0003816734329061349
167.375,0.001034964750507584,0.00029647160551890485,8.42760473124365e-05,0.00038074765283134136
167.40625,0.0002874998609567849,0.0002964704585723614,8.331912480285836e-05,0.0003797895833752198
167.4375,2.144397414650372e-05,0.000296469311625818,8.23327740022706e-05,0.0003788020856280886
167.46875,0.00022651505965340786,0.00029646816467927454,8.131983346201318e-05,0.0003777879981412877
167.5,0.00023855826641038257,0.0002964670177327311,8.028310338907748e-05,0.00037675012112180857
167.53125,8.100488266101268e-05,0.00029646587078618767,7.922533129125964e-05,0.0003756912020774473
167.5625,0.0001205479591849121,0.00029646472383964423,7.814919912962594e-05,0.00037461392296927017
167.59375,0.0003221138714203371,0.0002964635768931008,7.70573120052385e-05,0.0003735208888983393
167.625,0.000264365531436155,0.00029646242994655736,7.595218837993565e-05,0.00037241461832649304
167.65625,0.0002625876620287203,0.0002964612830000139,7.48362518068528e-05,0.0003712975348068667
167.6875,0.00025986290169433896,0.0002964601360534705,7.37118241255257e-05,0.0003701719601789962
167.71875,2.0664614152371212e-05,0.00029645898910692705,7.258112005892792e-05,0.00036904010916585496
167.75,0.00015232407594525997,0.0002964578421603836,7.144624313563811e-05,0.0003679040852960217
167.78125,0.00020354134832182397,0.00029645669521384017,7.030918284939424e-05,0.00036676587806323444
167.8125,0.0008835886121325665,0.00029645554826729674,6.917181296038119e-05,0.0003656273612276779
167.84375,0.00013537695618626316,0.00029645440132075335,6.803589083747015e-05,0.0003644902921582235
167.875,0.00023281823262899835,0.0002964532543742099,6.690305773799862e-05,0.00036335631211220854
167.90625,0.0002654285623529549,0.0002964521074276665,6.577483992123922e-05,0.0003622269473489057
167.9375,0.00011479778526368301,0.00029645096048112304,6.465265049314073e-05,0.0003611036109742638
167.96875,0.00017239071830310674,0.0002964498135345796,6.353779188291964e-05,0.00035998760541749926
168.0,7.251494607195959e-05,0.00029644866658803617,6.243145885633373e-05,0.0003588801254443699
168.03125,0.00032903534908389486,0.00029644751964149273,6.133474197569892e-05,0.0003577822616171916
168.0625,0.00013904745928783,0.0002964463726949493,6.024863142265452e-05,0.0003566950041176038
168.09375,0.0001221998705477896,0.00029644522574840586,5.9174021106112185e-05,0.00035561924685451805
168.125,0.0003502551205241272,0.0002964440788018624,5.8111712984531996e-05,0.0003545557917863944
168.15625,0.0005863763816262906,0.000296442931855319,5.706242153848482e-05,0.0003535053533938038
168.1875,0.0008847791482055611,0.00029644178490877555,5.6026778336234096e-05,0.00035246856324500965
168.21875,0.0007266678725405598,0.0002964406379622321,5.5005336641685495e-05,0.0003514459746039176
168.25,8.230242371189165e-05,0.0002964394910156887,5.399857602041372e-05,0.00035043806703610237
168.28125,2.4949280664368365e-05,0.00029643834406914524,5.300690690551035e-05,0.0003494452509746556
168.3125,0.00020584128274953232,0.0002964371971226018,5.2030675090655024e-05,0.00034846787221325684
168.34375,0.0002340306392209199,0.00029643605017605837,5.1070166123056755e-05,0.00034750621629911515
168.375,0.00023735886531650222,0.000296434903229515,5.012560957372688e-05,0.00034656051280324186
168.40625,0.00037333726097385847,0.00029643375628297155,4.9197183166919705e-05,0.00034563093944989123
168.4375,0.00010234924892102326,0.0002964326093364281,4.828501675451624e-05,0.00034471762609094436
168.46875,0.0010669197037333064,0.0002964314623898847,4.7389196124640525e-05,0.0003438206585145252
168.5,0.0007143039455403347,0.00029643031544334124,4.650976663690344e-05,0.0003429400820802447
168.53125,2.2005803673408136e-06,0.0002964291684967978,4.564673667938885e-05,0.00034207590517618667
168.5625,0.00015635828687646615,0.00029642802155025437,4.480008094485364e-05,0.000341228102495108
168.59375,0.00013702191723196082,0.00029642687460371093,4.3969743525636187e-05,0.0003403966181293471
168.625,0.00017357310093862982,0.0002964257276571675,4.3155640828481794e-05,0.00033958136848564926
168.65625,0.0008382239048584162,0.00029642458071062406,4.2357664311929326e-05,0.0003387822450225534
168.6875,0.0009784203052259077,0.0002964234337640806,4.1575683050086335e-05,0.00033799911681416697
168.71875,0.00039294312514645275,0.0002964222868175372,4.080954612757732e-05,0.0003372318329451145
168.75,0.0005094602069833405,0.00029642113987099375,4.0059084871208217e-05,0.00033648022474220196
168.78125,0.00038821567273941243,0.0002964199929244503,3.932411492447152e-05,0.0003357441078489218
168.8125,0.0001905937922077351,0.0002964188459779069,3.860443817144473e-05,0.0003350232841493516
168.84375,0.00018590496936837236,0.00029641769903136344,3.789984451693026e-05,0.0003343175435482937
168.875,0.0005842282353475399,0.00029641655208482006,3.721011352986519e-05,0.00033362666561468523
168.90625,0.00022586086200695235,0.0002964154051382766,3.6535015957113765e-05,0.00033295042109539037
168.9375,0.000185224760674769,0.0002964142581917332,3.587431511475677e-05,0.00033228857330649
168.96875,0.00036473553297813817,0.00029641311124518975,3.522776816392645e-05,0.0003316408794091162
169.0,0.00034292398300200165,0.0002964119642986463,3.4595127278113304e-05,0.0003310070915767596
169.03125,0.0002539143104750682,0.0002964108173521029,3.397614070870448e-05,0.00033038695806080734
169.0625,0.0002681174073997817,0.00029640967040555944,3.337055375531052e-05,0.00032978022416086994
169.09375,0.0005121058280943549,0.000296408523459016,3.277810964720724e-05,0.00032918663310622324
169.125,1.5623209570967455e-05,0.00029640737651247256,3.219855034196906e-05,0.0003286059268544416
169.15625,6.250433558293871e-05,0.0002964062295659291,3.16316172471047e-05,0.00032803784681303386
169.1875,2.9187484437288685e-05,0.0002964050826193857,3.1077051870232706e-05,0.00032748213448961837
169.21875,0.00029415313607587644,0.00029640393567284225,3.053459640305438e-05,0.0003269385320758966
169.25,0.0002435924258631711,0.0002964027887262988,3.000399424410216e-05,0.000326406782970401
169.28125,3.101062090351297e-05,0.0002964016417797554,2.948499046496241e-05,0.0003258866322447178
169.3125,0.00023676397171696988,0.00029640049483321194,2.8977332224397444e-05,0.00032537782705760937
169.34375,0.0003726156601580096,0.0002963993478866685,2.8480769134523288e-05,0.0003248801170211918
169.375,0.0004725281261216255,0.00029639820094012507,2.799505358293928e-05,0.0003243932545230644
169.40625,0.0005095399954571436,0.0002963970539935817,2.751994101445379e-05,0.0003239169950080355
169.4375,6.757765748503444e-05,0.00029639590704703825,2.7055190175808574e-05,0.00032345109722284684
169.46875,0.00041671329384918005,0.0002963947601004948,2.660056332657275e-05,0.00032299532342706754
169.5,0.0007223200311652401,0.0002963936131539514,2.615582641915672e-05,0.0003225494395731081
169.53125,5.758266043251569e-05,0.00029639246620740794,2.5720749250686428e-05,0.00032211321545809436
169.5625,7.171444283460535e-05,0.0002963913192608645,2.5295105589280108e-05,0.0003216864248501446
169.59375,0.00011377921417838935,0.00029639017231432107,2.4878673277081596e-05,0.00032126884559140266
169.625,7.223376296559191e-06,0.00029638902536777763,2.4471234312227773e-05,0.00032086025968000543
169.65625,0.0005709733680866304,0.0002963878784212342,2.4072574911761463e-05,0.00032046045333299566
169.6875,0.0007727805582721263,0.00029638673147469076,2.3682485557345146e-05,0.0003200692170320359
169.71875,0.0005021487048101657,0.0002963855845281473,2.330076102548503e-05,0.0003196863455536324
169.75,0.00025499531627109503,0.0002963844375816039,2.2927200403838502e-05,0.0003193116379854424
169.78125,0.0002910384722310328,0.00029638329063506045,2.2561607095050975e-05,0.00031894489773011143
169.8125,0.00018402662081554288,0.000296382143688517,2.220378880944938e-05,0.0003185859324979664
169.84375,0.0003751513033684922,0.0002963809967419736,2.185355754780959e-05,0.00031823455428978316
169.875,0.0012441679243786327,0.00029637984979543014,2.151072957531242e-05,0.00031789057937074255
169.90625,0.00033229618449659676,0.00029637870284888676,2.117512538770819e-05,0.00031755382823659496
169.9375,1.4018284374541578e-05,0.0002963775559023433,2.084656967062158e-05,0.0003172241255729649
169.96875,5.966960299318364e-06,0.0002963764089557999,2.0524891252847225e-05,0.00031690130020864713
170.0,0.00024245216855524836,0.00029637526200925645,2.0209923054411242e-05,0.0003165851850636677
170.03125,0.00033529097889287087,0.000296374115062713,1.9901502030104304e-05,0.0003162756170928173
170.0625,0.0001910612089119303,0.0002963729681161696,1.959946910912784e-05,0.0003159724372252974
170.09375,8.90225257419017e-05,0.00029637182116962614,1.9303669131435788e-05,0.0003156754903010619
170.125,0.00032033367082366047,0.0002963706742230827,1.9013950781299993e-05,0.0003153846250043827
170.15625,0.00042572822959591867,0.00029636952727653927,1.873016651857723e-05,0.0003150996937951165
170.1875,0.00022761757366143197,0.00029636838032999583,1.84521725081099e-05,0.00031482055283810575
170.21875,0.0002953146940018168,0.0002963672333834524,1.8179828547650197e-05,0.0003145470619311026
170.25,0.0003956738063259085,0.00029636608643690896,1.7912997994658797e-05,0.00031427908443156774
170.28125,0.00020852688970061624,0.0002963649394903655,1.7651547692293588e-05,0.0003140164871826591
170.3125,0.00036194114582096127,0.0002963637925438221,1.7395347894871472e-05,0.00031375914043869354
170.34375,0.0003730299536529976,0.00029636264559727865,1.7144272193056547e-05,0.0003135069177903352
170.375,0.0002669487634299122,0.0002963614986507352,1.6898197439000597e-05,0.0003132596960897358
170.40625,0.00019819220168938593,0.00029636035170419177,1.6657003671637216e-05,0.000313017355375829
170.4375,0.000732635386991025,0.0002963592047576484,1.6420574042307973e-05,0.0003127797787999564
170.46875,0.00039678595361025487,0.00029635805781110495,1.6188794740878533e-05,0.00031254685255198346
170.5,3.677490447299648e-05,0.0002963569108645615,1.596155492248367e-05,0.0003123184657870452
170.53125,0.00029018620592781094,0.0002963557639180181,1.5738746635023008e-05,0.0003120945105530411
170.5625,0.0008049731582718569,0.00029635461697147464,1.5520264747513887e-05,0.00031187488171898853
170.59375,0.00047983790914303716,0.0002963534700249312,1.5306006879393253e-05,0.00031165947690432445
170.625,0.00013770317705175328,0.00029635232307838777,1.5095873330848094e-05,0.00031144819640923586
170.65625,0.0003943907155634278,0.00029635117613184433,1.488976701424186e-05,0.0003112409431460862
170.6875,0.00035244982211277094,0.0002963500291853009,1.4687593386694151e-05,0.00031103762257199505
170.71875,0.00018614343501365774,0.00029634888223875746,1.4489260383861192e-05,0.00031083814262261865
170.75,0.00016398727107759132,0.000296347735292214,1.4294678354956167e-05,0.0003106424136471702
170.78125,0.00021678805666457783,0.0002963465883456706,1.4103759999040756e-05,0.00031045034834471135
170.8125,0.00021803635698249544,0.00029634544139912715,1.391642030261213e-05,0.0003102618617017393
170.84375,0.00042378661554048506,0.0002963442944525837,1.3732576478503651e-05,0.00031007687093108734
170.875,0.000213697914953718,0.0002963431475060403,1.355214790611163e-05,0.0003098952954121519
170.90625,0.00012296858675759088,0.00029634200055949684,1.3375056072955839e-05,0.0003097170566324527
170.9375,0.00014535409688558296,0.00029634085361295346,1.3201224517576666e-05,0.00030954207813053015
170.96875,0.00033651043986794127,0.00029633970666641,1.3030578773768099e-05,0.0003093702854401781
171.0,8.072010349412779e-05,0.0002963385597198666,1.2863046316142108e-05,0.0003092016060360087
171.03125,3.738052246392158e-05,0.00029633741277332315,1.2698556507016777e-05,0.00030903596928033995
171.0625,0.0003931903990994413,0.0002963362658267797,1.2537040544618056e-05,0.00030887330637139774
171.09375,5.848294590339346e-05,0.0002963351188802363,1.2378431412582294e-05,0.0003087135502928186
171.125,0.0001373968483290714,0.00029633397193369284,1.2222663830744878e-05,0.0003085566357644377
171.15625,9.515059920378778e-05,0.0002963328249871494,1.2069674207198297e-05,0.0003084024991943477
171.1875,0.0001108273535234112,0.00029633167804060597,1.1919400591601502e-05,0.00030825107863220746
171.21875,0.0005509185927662344,0.00029633053109406253,1.1771782629721046e-05,0.0003081023137237836
171.25,0.0006638413290913232,0.0002963293841475191,1.1626761519183316e-05,0.0003079561456667024
171.28125,0.0005416038124451682,0.00029632823720097566,1.1484279966416314e-05,0.00030781251716739195
171.3125,0.0006932106658376106,0.0002963270902544322,1.1344282144758568e-05,0.0003076713723991908
171.34375,0.0003343265006329007,0.0002963259433078888,1.1206713653712183e-05,0.00030753265696160096
171.375,0.0010803144003332654,0.00029632479636134535,1.1071521479316526e-05,0.00030739631784066187
171.40625,0.0005423077494160553,0.0002963236494148019,1.0938653955618638e-05,0.00030726230337042057
171.4375,0.00029655352979143795,0.0002963225024682585,1.08080607272163e-05,0.00030713056319547476
171.46875,0.00044107538064472036,0.0002963213555217151,1.0679692712849342e-05,0.00030700104823456445
171.5,0.0015008070117938997,0.00029632020857517166,1.0553502070014897e-05,0.00030687371064518656
171.53125,0.0018715406493384878,0.0002963190616286282,1.0429442160582128e-05,0.00030674850378921035
171.5625,0.0005180849818935149,0.0002963179146820848,1.0307467517382163e-05,0.00030662538219946694
171.59375,0.00017949892843155307,0.00029631676773554135,1.0187533811748972e-05,0.0003065043015472903
171.625,0.00045386438896088813,0.0002963156207889979,1.0069597821987175e-05,0.0003063852186109851
171.65625,0.000237373883250732,0.0002963144738424545,9.953617402743027e-06,0.0003062680912451975
171.6875,0.00018324852393798038,0.00029631332689591104,9.839551455254928e-06,0.00030615287835116596
171.71875,0.0004581902219227846,0.0002963121799493676,9.727359898460362e-06,0.000306039539847828
171.75,4.710303089101746e-05,0.00029631103300282416,9.617003640936217e-06,0.00030592803664376036
171.78125,0.0009422520914893611,0.0002963098860562807,9.508444553650047e-06,0.0003058183306099308
171.8125,0.002416654361602417,0.0002963087391097373,9.401645443500049e-06,0.00030571038455323734
171.84375,0.000598261549556011,0.00029630759216319385,9.296570027621963e-06,0.0003056041621908158
171.875,6.988795961032319e-05,0.0002963064452166504,9.19318290844162e-06,0.000305499628125092
171.90625,3.8599077348010166e-05,0.000296305298270107,9.091449549452104e-06,0.0003053967478195591
171.9375,0.00015337666905353901,0.00029630415132356354,8.991336251695095e-06,0.0003052954875752586
171.96875,0.00017975434815346373,0.0002963030043770201,8.892810130926308e-06,0.0003051958145079464
172.0,0.0005042997405783705,0.0002963018574304767,8.795839095445415e-06,0.00030509769652592217
172.03125,0.0004267921340764094,0.0002963007104839333,8.700391824571344e-06,0.0003050011023085046
172.0625,0.00032427796435349976,0.00029629956353738985,8.60643774774415e-06,0.000304906001285134
172.09375,0.0004028195176239989,0.0002962984165908464,8.513947024235327e-06,0.00030481236361508174
172.125,0.0001766435681797251,0.000296297269644303,8.422890523448644e-06,0.00030472016016775164
172.15625,5.908040565050118e-06,0.00029629612269775954,8.33323980579427e-06,0.0003046293625035538
172.1875,1.6109823060229134e-05,0.0002962949757512161,8.244967104119194e-06,0.0003045399428553353
172.21875,0.00015381461307451092,0.00029629382880467267,8.158045305677506e-06,0.0003044518741103502
172.25,0.0002548244481119587,0.00029629268185812923,8.072447934624581e-06,0.0003043651297927538
172.28125,0.00029453451874385185,0.0002962915349115858,7.988149135019455e-06,0.00030427968404660524
172.3125,2.9773387068617583e-05,0.00029629038796504236,7.905123654320347e-06,0.0003041955116193627
172.34375,0.00011783243501235709,0.0002962892410184989,7.823346827358507e-06,0.00030411258784585743
172.375,0.00012749855781697892,0.0002962880940719555,7.742794560776088e-06,0.0003040308886327316
172.40625,0.00022974889387627798,0.00029628694712541205,7.663443317914106e-06,0.00030395039044332615
172.4375,0.001243292179116633,0.0002962858001788686,7.585270104136966e-06,0.0003038710702830056
172.46875,0.002400495402169002,0.0002962846532323252,7.508252452580393e-06,0.0003037929056849056
172.5,0.0011538651081539467,0.0002962835062857818,7.432368410310027e-06,0.00030371587469609184
172.53125,0.00013022116194388736,0.00029628235933923836,7.35759652487828e-06,0.0003036399558641166
172.5625,0.0003282542890461096,0.0002962812123926949,7.2839158312674305e-06,0.00030356512822396237
172.59375,0.0008462694428598295,0.0002962800654461515,7.211305839207291e-06,0.00030349137128535877
172.625,0.0005437479209568299,0.00029627891849960805,7.1397465208561265e-06,0.00030341866502046417
172.65625,0.00025736979130618114,0.0002962777715530646,7.069218298833815e-06,0.00030334698985189844
172.6875,3.285889510979392e-05,0.0002962766246065212,6.9997020345966446e-06,0.0003032763266411178
172.71875,0.000152508295084621,0.00029627547765997774,6.931179017143346e-06,0.0003032066566771211
172.75,0.000302601153399402,0.0002962743307134343,6.863630952042421e-06,0.0003031379616654767
172.78125,0.0001803177850414595,0.00029627318376689087,6.797039950770955e-06,0.0003030702237176618
172.8125,0.0006823710017489575,0.00029627203682034743,6.7313885203555865e-06,0.000303003425340703
172.84375,4.491587089976377e-05,0.000296270889873804,6.666659553306439e-06,0.00030293754942711045
172.875,0.00028398930288566507,0.00029626974292726056,6.602836317835177e-06,0.0003028725792450957
172.90625,0.0004416661388010844,0.0002962685959807171,6.539902448348635e-06,0.00030280849842906577
172.9375,6.732775933698198e-05,0.0002962674490341737,6.4778419362096565e-06,0.00030274529097038336
172.96875,5.5228619315772196e-05,0.00029626630208763025,6.416639120757132e-06,0.00030268294120838735
173.0,0.00015765739632891376,0.0002962651551410868,6.3562786805773895e-06,0.0003026214338216642
173.03125,0.00011386134725862299,0.0002962640081945434,6.296745625019392e-06,0.0003025607538195628
173.0625,0.00017652709628757435,0.000296262861248,6.238025285946412e-06,0.0003025008865339464
173.09375,0.00035274750761429884,0.00029626171430145655,6.180103309717055e-06,0.0003024418176111736
173.125,0.0010490021466766895,0.0002962605673549131,6.122965649388785e-06,0.0003023835330043019
173.15625,0.001542378311232783,0.0002962594204083697,6.066598557137241e-06,0.0003023260189655069
173.1875,0.00014804634872991052,0.00029625827346182624,6.010988576884939e-06,0.0003022692620387112
173.21875,1.1991522155666799e-05,0.0002962571265152828,5.956122537133035e-06,0.00030221324905241586
173.25,4.7181763307485315e-05,0.00029625597956873937,5.901987543990147e-06,0.0003021579671127295
173.28125,0.00015673692052558107,0.00029625483262219593,5.848570974392316e-06,0.00030210340359658824
173.3125,0.0004896833197098967,0.0002962536856756525,5.795860469508446e-06,0.0003020495461451609
173.34375,0.00026214853359072713,0.00029625253872910906,5.743843928325691e-06,0.0003019963826574348
173.375,2.6003013767614715e-05,0.0002962513917825656,5.6925095014094555e-06,0.00030194390128397507
173.40625,9.014480350555923e-05,0.0002962502448360222,5.6418455848328436e-06,0.00030189209042085505
173.4375,2.3891574459202265e-05,0.00029624909788947875,5.591840814270523e-06,0.0003018409387037493
173.46875,0.0001934302949757085,0.0002962479509429353,5.542484059252172e-06,0.0003017904350021875
173.5,0.0002856140855817165,0.0002962468039963919,5.493764417570785e-06,0.00030174056841396265
173.53125,0.00013202615687233588,0.0002962456570498485,5.445671209841305e-06,0.0003016913282596898
173.5625,0.00016022303400378294,0.00029624451010330506,5.3981939742051274e-06,0.0003016427040775102
173.59375,0.0001870209591451971,0.0002962433631567616,5.351322461176249e-06,0.0003015946856179379
173.625,2.9898183189345435e-05,0.0002962422162102182,5.305046628624876e-06,0.0003015472628388431
173.65625,0.00012365842362883005,0.00029624106926367475,5.259356636894494e-06,0.00030150042590056927
173.6875,0.0002417417144710874,0.0002962399223171313,5.214242844048501e-06,0.0003014541651611798
173.71875,9.225011574400224e-05,0.0002962387753705879,5.169695801242662e-06,0.0003014084711718305
173.75,0.00019455447434425937,0.00029623762842404444,5.125706248219687e-06,0.00030136333467226415
173.78125,0.0005698106653285232,0.000296236481477501,5.082265108922421e-06,0.0003013187465864234
173.8125,0.00047476915895031064,0.00029623533453095757,5.039363487222228e-06,0.0003012746980181798
173.84375,0.0005938586957007526,0.00029623418758441413,4.996992662759209e-06,0.00030123118024717336
173.875,0.00021548201154673107,0.0002962330406378707,4.95514408689107e-06,0.0003011881847247618
173.90625,2.7957179281579044e-05,0.00029623189369132726,4.9138093787475e-06,0.00030114570307007477
173.9375,7.842146198665348e-05,0.0002962307467447838,4.872980321387029e-06,0.0003011037270661708
173.96875,0.00023628777994064357,0.0002962295997982404,4.83264885805345e-06,0.00030106224865629385
174.0,8.583615819131047e-05,0.00029622845285169695,4.792807088528953e-06,0.0003010212599402259
174.03125,3.0732025390090505e-05,0.0002962273059051535,4.753447265581215e-06,0.0003009807531707347
174.0625,2.1276402207496618e-05,0.00029622615895861013,4.714561791501792e-06,0.0003009407207501119
174.09375,0.00023989303763186619,0.0002962250120120667,4.676143214733193e-06,0.0003009011552267999
174.125,5.651647819940953e-05,0.00029622386506552326,4.638184226582152e-06,0.0003008620492921054
174.15625,0.0003603330129585442,0.0002962227181189798,4.600677658016679e-06,0.0003008233957769965
174.1875,0.00017374718284010973,0.0002962215711724364,4.563616476544476e-06,0.00030078518764898085
174.21875,3.2724122962381305e-05,0.00029622042422589295,4.526993783170498e-06,0.0003007474180090634
174.25,0.00024772967748982436,0.0002962192772793495,4.490802809431388e-06,0.0003007100800887809
174.28125,0.00024364523000398002,0.0002962181303328061,4.455036914504666e-06,0.0003006731672473107
174.3125,5.6285762415831945e-05,0.00029621698338626264,4.419689582390588e-06,0.0003006366729686532
174.34375,0.00011876403539023571,0.0002962158364397192,4.38475441916462e-06,0.00030060059085888384
174.375,0.00023111902431259177,0.00029621468949317576,4.350225150298608e-06,0.00030056491464347437
174.40625,0.0004176794372660812,0.0002962135425466323,4.316095618048722e-06,0.00030052963816468105
174.4375,0.0004446652718900802,0.0002962123956000889,4.2823597789083084e-06,0.0003004947553789972
174.46875,0.000480637551701854,0.00029621124865354545,4.249011701123913e-06,0.00030046026035466936
174.5,0.00019726632624342635,0.000296210101707002,4.216045562272678e-06,0.0003004261472692747
174.53125,0.00012174263681621235,0.0002962089547604586,4.183455646899484e-06,0.0003003924104073581
174.5625,3.0475888689349962e-05,0.0002962078078139152,4.151236344212146e-06,0.00030035904415812734
174.59375,0.00021462540274119947,0.00029620666086737176,4.119382145833145e-06,0.00030032604301320493
174.625,0.0007560803723064425,0.0002962055139208283,4.087887643606284e-06,0.0003002934015644346
174.65625,0.0008370153185070496,0.0002962043669742849,4.0567475274568385e-06,0.0003002611145017417
174.6875,0.0002046777191729382,0.00029620322002774145,4.0259565833037145e-06,0.0003002291766110452
174.71875,5.581794920029007e-05,0.000296202073081198,3.995509691022211e-06,0.0003001975827722202
174.75,1.3193315903760716e-05,0.0002962009261346546,3.965401822456049e-06,0.0003001663279571106
174.78125,8.06015888101939e-05,0.00029619977918811114,3.935628039477312e-06,0.00030013540722758844
174.8125,5.383105496867734e-05,0.0002961986322415677,3.906183492093027e-06,0.0003001048157336607
174.84375,0.00041195026991098615,0.00029619748529502427,3.877063416597133e-06,0.0003000745487116214
174.875,0.0010350810987574718,0.00029619633834848083,3.848263133766626e-06,0.00030004460148224743
174.90625,0.0006437584170865144,0.0002961951914019374,3.819778047100722e-06,0.0003000149694490381
174.9375,6.303664815225744e-05,0.00029619404445539396,3.7916036411018547e-06,0.0002999856480964958
174.96875,0.0004669563915341689,0.0002961928975088505,3.7637354795974413e-06,0.00029995663298844794
175.0,0.0006676939856633037,0.0002961917505623071,3.7361692041013195e-06,0.0002999279197664084
175.03125,0.00029467631991906765,0.00029619060361576365,3.7089005322138034e-06,0.00029989950414797744
175.0625,0.0005393585394628896,0.0002961894566692202,3.6819252560593673e-06,0.0002998713819252796
175.09375,0.0002742737193008454,0.00029618830972267683,3.6552392407609416e-06,0.0002998435489634378
175.125,0.0003003157296894308,0.0002961871627761334,3.628838422949888e-06,0.00029981600119908326
175.15625,8.283103203799054e-05,0.00029618601582958996,3.6027188093106965e-06,0.00029978873463890065
175.1875,2.4764073540523144e-05,0.0002961848688830465,3.5768764751595386e-06,0.00029976174535820604
175.21875,3.55845497226497e-05,0.0002961837219365031,3.5513075630557545e-06,0.00029973502949955886
175.25,6.207581811031448e-05,0.00029618257498995965,3.5260082814454526e-06,0.0002997085832714051
175.28125,0.0006356042971862474,0.0002961814280434162,3.500974903336381e-06,0.0002996824029467526
175.3125,0.00021519253838416668,0.0002961802810968728,3.4762037650032597e-06,0.00029965648486187605
175.34375,0.0006939938675363783,0.00029617913415032934,3.4516912647228075e-06,0.0002996308254150521
175.375,9.177977164387017e-05,0.0002961779872037859,3.427433861537685e-06,0.0002996054210653236
175.40625,7.397996197013455e-05,0.00029617684025724247,3.403428074048621e-06,0.0002995802683312911
175.4375,4.796575294337452e-05,0.00029617569331069903,3.37967047923401e-06,0.00029955536378993303
175.46875,7.475172218999456e-05,0.0002961745463641556,3.3561577112962673e-06,0.00029953070407545186
175.5,0.0002511876064592464,0.00029617339941761216,3.332886460534284e-06,0.00029950628587814646
175.53125,0.00045428893116553445,0.0002961722524710687,3.3098534722413015e-06,0.00029948210594331
175.5625,0.0003014982394266909,0.0002961711055245253,3.287055545627571e-06,0.0002994581610701529
175.59375,0.0004176703552354336,0.00029616995857798185,3.264489532767178e-06,0.00029943444811074903
175.625,0.00024345638961114052,0.00029616881163143846,3.2421523375684263e-06,0.0002994109639690069
175.65625,6.985119849603258e-05,0.00029616766468489503,3.220040914767178e-06,0.0002993877055996622
175.6875,0.0002918151059006182,0.0002961665177383516,3.198152268942592e-06,0.0002993646700072942
175.71875,0.0003878915800785088,0.00029616537079180815,3.1764834535546948e-06,0.0002993418542453629
175.75,0.00026836942561055105,0.0002961642238452647,3.155031570003237e-06,0.00029931925541526797
175.78125,8.364672529590997e-05,0.0002961630768987213,3.1337937667073263e-06,0.0002992968706654286
175.8125,7.082816431629384e-05,0.00029616192995217784,3.1127672382052946e-06,0.00029927469719038315
175.84375,0.0001277684229399934,0.0002961607830056344,3.0919492242743254e-06,0.0002992527322299087
175.875,8.273637872852856e-05,0.00029615963605909097,3.071337009069346e-06,0.00029923097306816033
175.90625,0.00023494389493607977,0.00029615848911254753,3.050927920280702e-06,0.00029920941703282823
175.9375,0.0007904472561991946,0.0002961573421660041,3.0307193283101782e-06,0.0002991880614943143
175.96875,0.0009412882953119303,0.00029615619521946066,3.010708645464893e-06,0.0002991669038649256
176.0,0.0010707678512535468,0.0002961550482729172,2.990893325168646e-06,0.00029914594159808586
176.03125,0.00034599819283176345,0.0002961539013263738,2.9712708611902863e-06,0.0002991251721875641
176.0625,0.0005862822819870684,0.00029615275437983035,2.951838786888706e-06,0.00029910459316671905
176.09375,0.0007273167188305799,0.0002961516074332869,2.932594674474029e-06,0.00029908420210776095
176.125,0.0003164747003693812,0.00029615046048674353,2.9135361342846303e-06,0.0002990639966210282
176.15625,0.00020187310449522883,0.0002961493135402001,2.894660814079594e-06,0.0002990439743542797
176.1875,7.892506424883113e-05,0.00029614816659365666,2.875966398346239e-06,0.0002990241329920029
176.21875,0.00034974515689853566,0.0002961470196471132,2.8574506076223577e-06,0.00029900447025473555
176.25,0.0003004512708060312,0.0002961458727005698,2.8391111978328095e-06,0.0002989849838984026
176.28125,0.0005775165778316153,0.00029614472575402635,2.8209459596401358e-06,0.0002989656717136665
176.3125,0.00015513517256431544,0.0002961435788074829,2.802952717808853e-06,0.0002989465315252918
176.34375,0.00014862587343106466,0.0002961424318609395,2.7851293305831116e-06,0.0002989275611915226
176.375,0.00019834009908038225,0.00029614128491439604,2.7674736890773984e-06,0.00029890875860347346
176.40625,0.0003166873652222264,0.0002961401379678526,2.7499837166799736e-06,0.0002988901216845326
176.4375,7.515686941629064e-05,0.00029613899102130917,2.732657368468751e-06,0.00029887164838977794
176.46875,0.0003418796041278247,0.00029613784407476573,2.7154926306393153e-06,0.00029885333670540506
176.5,0.0007186229870598605,0.0002961366971282223,2.698487519944815e-06,0.0002988351846481671
176.53125,0.0005871644532107212,0.00029613555018167886,2.6816400831474317e-06,0.0002988171902648263
176.5625,0.0006104569545712302,0.0002961344032351354,2.6649483964811667e-06,0.0002987993516316166
176.59375,0.0005591060050745914,0.000296133256288592,2.648410565125687e-06,0.00029878166685371767
176.625,0.0005732827476600649,0.00029613210934204855,2.6320247226909617e-06,0.00029876413406473954
176.65625,0.00028715192807769486,0.00029613096239550517,2.6157890307124545e-06,0.0002987467514262176
176.6875,6.167196551266803e-05,0.00029612981544896173,2.599701678156617e-06,0.00029872951712711833
176.71875,9.988266971579055e-05,0.0002961286685024183,2.583760880936452e-06,0.00029871242938335474
176.75,5.544300131958454e-06,0.00029612752155587486,2.567964881436916e-06,0.0002986954864373118
176.78125,0.000477139610577563,0.0002961263746093314,2.5523119480499333e-06,0.00029867868655738134
176.8125,0.0010846014789663706,0.000296125227662788,2.5368003747188094e-06,0.00029866202803750677
176.84375,0.0001357516690980608,0.00029612408071624455,2.521428480491818e-06,0.00029864550919673637
176.875,0.00016255021055375522,0.0002961229337697011,2.506194609084764e-06,0.00029862912837878586
176.90625,0.00027726786314192245,0.0002961217868231577,2.4910971284523155e-06,0.00029861288395161
176.9375,0.00015503063324555624,0.00029612063987661424,2.4761344303679076e-06,0.0002985967743069821
176.96875,4.3494895386418235e-05,0.0002961194929300708,2.4613049300120236e-06,0.0002985807978600828
177.0,0.0002716890886162417,0.00029611834598352736,2.446607065568666e-06,0.00029856495304909605
177.03125,0.00023174649437468706,0.0002961171990369839,2.4320392978298334e-06,0.00029854923833481375
177.0625,6.373055130127574e-05,0.0002961160520904405,2.417600109807828e-06,0.0002985336522002483
177.09375,6.336479492979142e-06,0.00029611490514389705,2.4032880063552124e-06,0.00029851819315025225
177.125,2.004744250127517e-06,0.0002961137581973536,2.389101513792253e-06,0.0002985028597111459
177.15625,0.0001473738735966997,0.00029611261125081023,2.3750391795416755e-06,0.0002984876504303519
177.1875,0.00014236262035228117,0.0002961114643042668,2.361099571770581e-06,0.00029847256387603737
177.21875,0.0003482895309107905,0.00029611031735772336,2.3472812790393526e-06,0.00029845759863676274
177.25,0.0002943233157474817,0.0002961091704111799,2.333582909957412e-06,0.00029844275332113735
177.28125,0.00026444897208641616,0.0002961080234646365,2.3200030928456603e-06,0.0002984280265574822
177.3125,0.000333395264049124,0.00029610687651809305,2.3065404754054732e-06,0.0002984134169934985
177.34375,0.0019680246021944836,0.0002961057295715496,2.2931937243940897e-06,0.0002983989232959437
177.375,0.0012541060859476401,0.0002961045826250062,2.279961525306275e-06,0.00029838454415031244
177.40625,8.47370164058888e-05,0.00029610343567846274,2.2668425820620974e-06,0.0002983702782605248
177.4375,2.6368258586753117e-05,0.0002961022887319193,2.2538356167007096e-06,0.00029835612434862
177.46875,6.63712985207703e-05,0.00029610114178537587,2.2409393690799883e-06,0.0002983420811544559
177.5,9.467130246287228e-06,0.00029609999483883243,2.228152596581911e-06,0.00029832814743541435
177.53125,8.951267734899275e-05,0.000296098847892289,2.215474073823551e-06,0.00029831432196611256
177.5625,0.0002032329726261484,0.00029609770094574556,2.20290259237356e-06,0.0002983006035381191
177.59375,0.00024158618510669464,0.0002960965539992021,2.1904369604740293e-06,0.00029828699095967617
177.625,4.337459028896422e-05,0.0002960954070526587,2.1780760027676113e-06,0.0002982734830554263
177.65625,0.0003113929774634081,0.00029609426010611525,2.165818560029784e-06,0.00029826007866614506
177.6875,0.00023872264787527925,0.00029609311315957187,2.1536634889061625e-06,0.000298246776648478
177.71875,4.214573732991567e-05,0.00029609196621302843,2.141609661654734e-06,0.0002982335758746832
177.75,0.00021736658394311473,0.000296090819266485,2.129655965892927e-06,0.00029822047523237795
177.78125,0.0008724616661765236,0.00029608967231994156,2.1178013043493917e-06,0.0002982074736242909
177.8125,0.0007163354936718853,0.0002960885253733981,2.1060445946204275e-06,0.0002981945699680185
177.84375,7.204229082441864e-05,0.0002960873784268547,2.0943847689309168e-06,0.0002981817631957856
177.875,8.222445541366269e-05,0.00029608623148031125,2.082820773899704e-06,0.000298169052254211
177.90625,0.000203312086370069,0.0002960850845337678,2.0713515703093136e-06,0.0002981564361040771
177.9375,2.1774502016589864e-05,0.0002960839375872244,2.059976132879909e-06,0.0002981439137201043
177.96875,5.030110531049175e-05,0.00029608279064068094,2.048693450047426e-06,0.00029813148409072837
178.0,8.830221838848255e-05,0.0002960816436941375,2.0375025237457696e-06,0.0002981191462178833
178.03125,0.0002283853933096062,0.00029608049674759407,2.0264023691930043e-06,0.00029810689911678707
178.0625,0.0005421250181373827,0.00029607934980105063,2.015392014681453e-06,0.0002980947418157321
178.09375,0.0005072308443535555,0.0002960782028545072,2.0044705013716193e-06,0.00029808267335587884
178.125,0.0003030704261974104,0.00029607705590796376,1.9936368830898633e-06,0.00029807069279105363
178.15625,0.00046625352383345564,0.0002960759089614203,1.9828902261297405e-06,0.00029805879918755004
178.1875,0.00025267401756700247,0.00029607476201487694,1.972229609056943e-06,0.0002980469916239339
178.21875,0.0001467028573386259,0.0002960736150683335,1.961654122517759e-06,0.00029803526919085124
178.25,3.6935860926673455e-05,0.00029607246812179006,1.951162869050983e-06,0.00029802363099084103
178.28125,5.870587006470492e-05,0.00029607132117524663,1.940754962903209e-06,0.0002980120761381498
178.3125,6.443200579134609e-05,0.0002960701742287032,1.9304295298474294e-06,0.0002980006037585506
178.34375,0.0002696122591967526,0.00029606902728215975,1.920185707004884e-06,0.00029798921298916463
178.375,0.0008717754255124588,0.0002960678803356163,1.910022642670083e-06,0.0002979779029782864
178.40625,8.408309186140669e-06,0.0002960667333890729,1.8999394961389468e-06,0.00029796667288521184
178.4375,0.00039198122327865426,0.00029606558644252944,1.8899354375399986e-06,0.00029795552188006946
178.46875,0.00028702949836208116,0.000296064439495986,1.880009647668545e-06,0.0002979444491436546
178.5,0.0004205794181747967,0.00029606329254944257,1.8701613178237902e-06,0.00029793345386726637
178.53125,0.0004568551450287236,0.00029606214560289913,1.8603896496488171e-06,0.00029792253525254796
178.5625,0.00030586746873425413,0.0002960609986563557,1.8506938549733921e-06,0.0002979116925113291
178.59375,0.00010197344268299785,0.00029605985170981226,1.8410731556595204e-06,0.0002979009248654718
178.625,0.0001077528806048973,0.0002960587047632688,1.8315267834497104e-06,0.0002978902315467185
178.65625,1.508638949490296e-05,0.0002960575578167254,1.8220539798178837e-06,0.00029787961179654325
178.6875,2.6036420261361135e-05,0.00029605641087018195,1.8126539958228916e-06,0.00029786906486600485
178.71875,0.00045084135451767005,0.00029605526392363857,1.8033260919645705e-06,0.0002978585900156031
178.75,0.000606263449880646,0.00029605411697709513,1.7940695380422978e-06,0.00029784818651513745
178.78125,0.0002481190104843078,0.0002960529700305517,1.7848836130159966e-06,0.0002978378536435677
178.8125,0.0010305722393697714,0.00029605182308400826,1.7757676048695363e-06,0.0002978275906888778
178.84375,0.0010459211979218356,0.0002960506761374648,1.7667208104764927e-06,0.00029781739694794134
178.875,0.00010347707036707759,0.0002960495291909214,1.7577425354682101e-06,0.0002978072717263896
178.90625,2.033012979472438e-05,0.00029604838224437795,1.7488320941041277e-06,0.00029779721433848206
178.9375,0.0001366782548515948,0.0002960472352978345,1.739988809144325e-06,0.00029778722410697884
178.96875,0.00041825590421716807,0.0002960460883512911,1.7312120117242397e-06,0.0002977773003630153
179.0,0.0001612551810772938,0.00029604494140474764,1.7225010412315258e-06,0.00029776744244597916
179.03125,4.385300558895589e-06,0.0002960437944582042,1.7138552451849966e-06,0.0002977576497033892
179.0625,0.0001351499102925036,0.00029604264751166077,1.7052739791156252e-06,0.0002977479214907764
179.09375,0.0008557610530008793,0.00029604150056511733,1.6967566064495538e-06,0.0002977382571715669
179.125,0.000632606362838375,0.0002960403536185739,1.6883024983930817e-06,0.000297728656116967
179.15625,0.0002595415256802352,0.00029603920667203046,1.6799110338195862e-06,0.00029771911770585006
179.1875,8.572263482309268e-05,0.000296038059725487,1.6715815991583444e-06,0.00029770964132464536
180.8125,0.0002247455993281697,0.00029597841850522854,1.3109208773974298e-06,0.00029728933938262596
180.84375,0.00013093728335220937,0.0002959772715586851,1.305165094943232e-06,0.00029728243665362835
180.875,0.000142075807792087,0.00029597612461214166,1.2994469594625767e-06,0.00029727557157160423
180.90625,0.0001647889261550396,0.00029597497766559823,1.2937661449030026e-06,0.00029726874381050126
180.9375,0.00011057156562280212,0.0002959738307190548,1.2881223287173227e-06,0.0002972619530477721
180.96875,0.00024046634398977647,0.00029597268377251135,1.2825151918187231e-06,0.0002972551989643301
181.0,0.00023655330290037348,0.0002959715368259679,1.276944418536524e-06,0.00029724848124450444
181.03125,0.00024247651941397192,0.0002959703898794245,1.2714096965726032e-06,0.0002972417995759971
181.0625,8.41554830104093e-06,0.00029596924293288104,1.265910716958456e-06,0.0002972351536498395
181.09375,9.69344491081787e-05,0.0002959680959863376,1.260447174012892e-06,0.0002972285431603505
181.125,2.7588646579330313e-05,0.00029596694903979417,1.255018765300357e-06,0.00029722196780509455
181.15625,0.00039637571945141785,0.00029596580209325073,1.2496251915898613e-06,0.00029721542728484057
181.1875,0.00024293292711407937,0.0002959646551467073,1.2442661568145157e-06,0.00029720892130352184
181.21875,0.0006578291647635493,0.00029596350820016386,1.2389413680316539e-06,0.00029720244956819554
181.25,0.0007948582282919389,0.0002959623612536204,1.233650535383542e-06,0.00029719601178900397
181.28125,0.00025905115227078615,0.000295961214307077,1.22839337205866e-06,0.00029718960767913564
181.3125,7.83960612018073e-06,0.0002959600673605336,1.2231695942535413e-06,0.00029718323695478714
181.34375,5.983828850057052e-05,0.00029595892041399017,1.2179789211351745e-06,0.0002971768993351253
181.375,1.3479329524103258e-05,0.00029595777346744673,1.2128210748039394e-06,0.0002971705945422507
181.40625,5.500578774975798e-05,0.0002959566265209033,1.2076957802570885e-06,0.00029716432230116036
181.4375,0.00022640327137811748,0.00029595547957435986,1.2026027653527514e-06,0.00029715808233971263
181.46875,0.00023372939093783265,0.0002959543326278164,1.1975417607744543e-06,0.0002971518743885909
181.5,0.00019247336070457827,0.000295953185681273,1.1925124999961556e-06,0.00029714569818126916
181.53125,0.0007252868474744649,0.00029595203873472955,1.187514719247777e-06,0.00029713955345397734
181.5625,0.0006803773082762738,0.0002959508917881861,1.1825481574812327e-06,0.00029713343994566734
181.59375,0.0004004925062450855,0.0002959497448416427,1.1776125563369416e-06,0.0002971273573979796
181.625,1.722308783383033e-05,0.00029594859789509924,1.172707660110817e-06,0.00029712130555521006
181.65625,0.0006339454274968784,0.0002959474509485558,1.167833215721725e-06,0.00029711528416427753
181.6875,0.0012358061549503896,0.00029594630400201237,1.1629889726794101e-06,0.00029710929297469175
181.71875,0.0005884363990908291,0.00029594515705546893,1.1581746830528681e-06,0.0002971033317385218
181.75,0.0006225366204861538,0.0002959440101089255,1.1533901014391714e-06,0.00029709740021036465
181.78125,0.0005476110481179337,0.00029594286316238206,1.1486349849327334e-06,0.00029709149814731477
181.8125,6.732131133138987e-05,0.0002959417162158387,1.1439090930950045e-06,0.0002970856253089337
181.84375,3.7815311056847946e-05,0.00029594056926929524,1.1392121879245984e-06,0.00029707978145721985
181.875,0.00017611921833703113,0.0002959394223227518,1.1345440338278312e-06,0.00029707396635657963
181.90625,0.0003807982762291367,0.00029593827537620837,1.1299043975896803e-06,0.00029706817977379806
181.9375,0.00013114550246173497,0.00029593712842966493,1.1252930483451435e-06,0.00029706242147801005
181.96875,6.517907688758093e-05,0.0002959359814831215,1.1207097575510024e-06,0.00029705669124067247
182.0,7.648674314427555e-05,0.00029593483453657806,1.1161542989579763e-06,0.000297050988835536
182.03125,0.000101772931802432,0.0002959336875900346,1.1116264485832636e-06,0.0002970453140386179
182.0625,9.236365152249523e-07,0.0002959325406434912,1.1071259846834666e-06,0.00029703966662817467
182.09375,0.0001423553966468795,0.00029593139369694775,1.1026526877278872e-06,0.0002970340463846756
182.125,0.0007236187472823463,0.0002959302467504043,1.0982063403721948e-06,0.0002970284530907765
182.15625,0.0008241711851708128,0.0002959290998038609,1.0937867274324589e-06,0.00029702288653129334
182.1875,0.00040548509256536696,0.00029592795285731744,1.0893936358595328e-06,0.000297017346493177
182.21875,0.0001134681680469433,0.000295926805910774,1.0850268547137987e-06,0.0002970118327654878
182.25,0.0001645960531583183,0.00029592565896423056,1.08068617514025e-06,0.0002970063451393708
182.28125,0.0001809706262365015,0.00029592451201768713,1.0763713903439224e-06,0.00029700088340803104
182.3125,3.1676365220565785e-05,0.0002959233650711437,1.072082295565656e-06,0.00029699544736670936
182.34375,0.00030156140623381123,0.0002959222181246003,1.0678186880581893e-06,0.0002969900368126585
182.375,0.0005542047297518401,0.00029592107117805687,1.0635803670625806e-06,0.0002969846515451194
182.40625,0.00024669225396444275,0.00029591992423151344,1.0593671337849468e-06,0.0002969792913652984
182.4375,3.221551176125603e-05,0.00029591877728497,1.0551787913735196e-06,0.0002969739560763435
182.46875,1.5149482496296164e-05,0.00029591763033842656,1.0510151448960131e-06,0.0002969686454833226
182.5,3.974680126562071e-05,0.0002959164833918831,1.0468760013172947e-06,0.00029696335939320044
182.53125,0.00025204022171359337,0.0002959153364453397,1.042761169477359e-06,0.00029695809761481705
182.5625,0.000551549574998725,0.00029591418949879625,1.0386704600695993e-06,0.00029695285995886585
182.59375,0.0002168750671352621,0.0002959130425522528,1.0346036856193676e-06,0.0002969476462378722
182.625,0.0001774337885057732,0.0002959118956057094,1.030560660462827e-06,0.0002969424562661722
182.65625,0.0001777808906300924,0.00029591074865916594,1.026541200726082e-06,0.00029693728985989205
182.6875,0.0002652363892412385,0.0002959096017126225,1.0225451243045917e-06,0.0002969321468369271
182.71875,4.899604651004606e-05,0.00029590845476607907,1.0185722508428581e-06,0.0002969270270169219
182.75,0.00037446929635509237,0.00029590730781953563,1.014622401714379e-06,0.00029692193022125003
182.78125,0.0002585220107695498,0.0002959061608729922,1.0106954000018757e-06,0.00029691685627299407
182.8125,5.672575731637476e-05,0.00029590501392644876,1.006791070477776e-06,0.00029691180499692656
182.84375,0.00017259569531445583,0.0002959038669799053,1.002909239584959e-06,0.00029690677621949026
182.875,6.099605990315181e-05,0.00029590272003336194,9.990497354177562e-07,0.0002969017697687797
182.90625,0.00013907993441285592,0.0002959015730868185,9.95212387703197e-07,0.0002968967854745217
182.9375,0.0011782555749298097,0.00029590042614027507,9.913970277825086e-07,0.00029689182316805756
182.96875,0.0012248448016512843,0.00029589927919373163,9.876034885928538e-07,0.0002968868826823245
183.0,0.00039043656352754,0.0002958981322471882,9.83831604649311e-07,0.0002968819638518375
183.03125,0.0001694285715942715,0.00029589698530064476,9.800812120270902e-07,0.00029687706651267186
183.0625,6.185386237727688e-05,0.0002958958383541013,9.763521483439792e-07,0.0002968721905024453
183.09375,9.56266255191406e-05,0.0002958946914075579,9.726442527430233e-07,0.0002968673356603009
183.125,0.00019512588855740733,0.00029589354446101445,9.68957365875425e-07,0.0002968625018268899
183.15625,7.758419199081892e-05,0.000295892397514471,9.652913298836706e-07,0.0002968576888443547
183.1875,0.0001494191720747237,0.0002958912505679276,9.616459883848759e-07,0.00029685289655631244
183.21875,0.000456890101305754,0.00029589010362138414,9.580211864543423e-07,0.0002968481248078385
183.25,0.000309852838760022,0.0002958889566748407,9.544167706093332e-07,0.00029684337344545005
183.28125,0.00023638681472279953,0.00029588780972829727,9.50832588793054e-07,0.0002968386423170903
183.3125,0.0004472281641088794,0.00029588666278175383,9.472684903588405e-07,0.0002968339312721127
183.34375,0.0001587374378678942,0.0002958855158352104,9.437243260545533e-07,0.0002968292401612649
183.375,0.00023430837069075874,0.000295884368888667,9.401999480071668e-07,0.00029682456883667416
183.40625,6.444675583838183e-05,0.0002958832219421236,9.366952097075617e-07,0.00029681991715183113
183.4375,2.893397477900293e-05,0.00029588207499558014,9.332099659955092e-07,0.00029681528496157563
183.46875,0.00034556045705162524,0.0002958809280490367,9.297440730448464e-07,0.00029681067212208157
183.5,0.0008978688630900847,0.00029587978110249326,9.262973883488432e-07,0.0002968060784908421
183.53125,0.0004655381499634663,0.00029587863415594983,9.228697707057527e-07,0.0002968015039266556
183.5625,0.00014999842136239805,0.0002958774872094064,9.194610802045471e-07,0.00029679694828961095
183.59375,4.7349782207216944e-05,0.00029587634026286295,9.160711782108351e-07,0.0002967924114410738
183.625,0.0004958728889741363,0.0002958751933163195,9.126999273529543e-07,0.00029678789324367246
183.65625,0.00040636965607193523,0.0002958740463697761,9.093471915082438e-07,0.0002967833935612843
183.6875,0.000516267733039242,0.00029587289942323264,9.060128357894865e-07,0.0002967789122590221
183.71875,0.0006826238685299945,0.0002958717524766892,9.026967265315233e-07,0.0002967744492032207
183.75,0.0003650421693756806,0.00029587060553014577,8.993987312780378e-07,0.0002967700042614238
183.78125,0.00035723867405299296,0.00029586945858360233,8.961187187685019e-07,0.00029676557730237083
183.8125,0.00011173569036702956,0.0002958683116370589,8.928565589252911e-07,0.0002967611681959842
183.84375,0.0005306270943830611,0.00029586716469051546,8.896121228409554e-07,0.00029675677681335644
183.875,0.0004649186683288809,0.000295866017743972,8.863852827656526e-07,0.0002967524030267377
183.90625,0.00013115381923222607,0.00029586487079742864,8.831759120947377e-07,0.0002967480467095234
183.9375,0.0002842939561057549,0.0002958637238508852,8.799838853565053e-07,0.0002967437077362417
183.96875,0.0007637921089146146,0.00029586257690434177,8.768090782000864e-07,0.00029673938598254185
184.0,0.00046378922280888,0.00029586142995779833,8.736513673834927e-07,0.00029673508132518184
184.03125,0.0001388442633835886,0.0002958602830112549,8.70510630761811e-07,0.00029673079364201673
184.0625,0.00043369757355182217,0.00029585913606471146,8.673867472755446e-07,0.000296726522811987
184.09375,0.00027893814067404403,0.000295857989118168,8.64279596939093e-07,0.0002967222687151071
184.125,0.000374279308606993,0.0002958568421716246,8.611890608293813e-07,0.000296718031232454
184.15625,0.00046331292130959633,0.00029585569522508115,8.581150210746224e-07,0.00029671381024615575
184.1875,5.212137280681428e-05,0.0002958545482785377,8.550573608432214e-07,0.0002967096056393809
184.21875,0.0005078480906854718,0.0002958534013319943,8.520159643328149e-07,0.0002967054172963271
184.25,0.0003429449401915072,0.00029585225438545084,8.489907167594434e-07,0.0002967012451022103
184.28125,0.00014016758648224183,0.0002958511074389074,8.459815043468567e-07,0.00029669708894325425
184.3125,0.000937672393693131,0.00029584996049236397,8.429882143159508e-07,0.00029669294870667993
184.34375,0.0006687808175160143,0.00029584881354582053,8.400107348743304e-07,0.00029668882428069484
184.375,0.00028745047317869004,0.0002958476665992771,8.370489552060016e-07,0.0002966847155544831
184.40625,3.0178957360896615e-05,0.0002958465196527337,8.341027654611868e-07,0.0002966806224181949
184.4375,6.0589869012828744e-05,0.0002958453727061903,8.311720567462648e-07,0.00029667654476293653
184.46875,0.00011372503132483601,0.00029584422575964684,8.282567211138322e-07,0.0002966724824807607
184.5,0.00014813125672940983,0.0002958430788131034,8.253566515528832e-07,0.0002966684354646563
184.53125,0.00012634948614828967,0.00029584193186655997,8.224717419791107e-07,0.0002966644036085391
184.5625,7.042042775088699e-05,0.00029584078492001653,8.196018872253202e-07,0.00029666038680724186
184.59375,0.000359832078574338,0.0002958396379734731,8.167469830319621e-07,0.00029665638495650505
184.625,0.0006153958228589484,0.00029583849102692966,8.139069260377767e-07,0.00029665239795296746
184.65625,0.0003013622448325728,0.0002958373440803862,8.110816137705493e-07,0.0002966484256941568
184.6875,2.3152502097567317e-05,0.0002958361971338428,8.082709446379788e-07,0.00029664446807848075
184.71875,5.621319398741596e-05,0.00029583505018729935,8.054748179186521e-07,0.000296640525005218
184.75,5.205641980228218e-06,0.0002958339032407559,8.026931337531282e-07,0.00029663659637450905
184.78125,7.5081121205164505e-06,0.0002958327562942125,7.99925793135128e-07,0.0002966326820873476
184.8125,3.0430387454515207e-05,0.00029583160934766904,7.971726979028274e-07,0.00029662878204557186
184.84375,0.00011619769516301211,0.0002958304624011256,7.944337507302548e-07,0.00029662489615185585
184.875,0.0005683325103284965,0.00029582931545458216,7.917088551187901e-07,0.00029662102430970096
184.90625,0.00012901955374199412,0.00029582816850803873,7.889979153887635e-07,0.0002966171664234275
184.9375,7.20115542737825e-05,0.00029582702156149534,7.863008366711548e-07,0.0002966133223981665
184.96875,0.00012302351415186265,0.0002958258746149519,7.836175248993877e-07,0.0002966094921398513
185.0,0.000822600331903639,0.00029582472766840847,7.809478868012245e-07,0.00029660567555520967
185.03125,0.0009480497696285225,0.00029582358072186504,7.782918298907518e-07,0.0002966018725517558
185.0625,0.00027498473723956896,0.0002958224337753216,7.756492624604626e-07,0.0002965980830377821
185.09375,0.00013314961055958907,0.00029582128682877816,7.73020093573431e-07,0.0002965943069223516
185.125,0.00017649745876408357,0.0002958201398822347,7.704042330555767e-07,0.0002965905441152903
185.15625,6.996284289258925e-05,0.0002958189929356913,7.678015914880204e-07,0.0002965867945271793
185.1875,6.54073946445541e-05,0.00029581784598914785,7.652120801995297e-07,0.0002965830580693474
185.21875,5.409602104367156e-05,0.0002958166990426044,7.6263561125905e-07,0.0002965793346538635
185.25,0.0004749310651592586,0.000295815552096061,7.600720974683247e-07,0.0002965756241935293
185.28125,0.00037602789175332843,0.00029581440514951754,7.575214523545979e-07,0.00029657192660187214
185.3125,0.0008918597111256572,0.0002958132582029741,7.549835901634046e-07,0.0002965682417931375
185.34375,0.0005092634681004753,0.00029581211125643067,7.524584258514433e-07,0.0002965645696822821
185.375,3.212359588181448e-05,0.00029581096430988723,7.499458750795277e-07,0.00029656091018496675
185.40625,0.00011847918466095652,0.0002958098173633438,7.474458542056252e-07,0.0002965572632175494
185.4375,0.000205901893033567,0.0002958086704168004,7.449582802779692e-07,0.00029655362869707836
185.46875,4.4673720837801366e-05,0.000295807523470257,7.42483071028255e-07,0.0002965500065412852
185.5,0.000238510243053127,0.00029580637652371354,7.400201448649124e-07,0.0002965463966685785
185.53125,2.4609281311643303e-05,0.0002958052295771701,7.375694208664528e-07,0.0002965427989980366
185.5625,0.00024209614517396797,0.00029580408263062667,7.351308187748969e-07,0.00029653921344940156
185.59375,6.821947353732458e-05,0.00029580293568408323,7.327042589892722e-07,0.0002965356399430725
185.625,9.921725790983452e-05,0.0002958017887375398,7.302896625591882e-07,0.000296532078400099
185.65625,1.862765147822036e-05,0.00029580064179099636,7.278869511784838e-07,0.00029652852874217483
185.6875,0.00010211260711904276,0.0002957994948444529,7.254960471789449e-07,0.00029652499089163187
185.71875,0.0004665239578776051,0.0002957983478979095,7.231168735240955e-07,0.0002965214647714336
185.75,0.0005011005878396027,0.00029579720095136605,7.207493538030582e-07,0.00029651795030516913
185.78125,0.000526464783547001,0.0002957960540048226,7.183934122244829e-07,0.0002965144474170471
185.8125,0.0004963694674968864,0.0002957949070582792,7.160489736105462e-07,0.0002965109560318897
185.84375,0.00031238507687112463,0.00029579376011173574,7.137159633910157e-07,0.00029650747607512675
185.875,0.00023061590343756392,0.0002957926131651923,7.113943075973838e-07,0.0002965040074727897
185.90625,0.00025306849458214863,0.00029579146621864887,7.090839328570638e-07,0.00029650055015150595
185.9375,0.00011939828028390215,0.00029579031927210543,7.067847663876549e-07,0.0002964971040384931
185.96875,7.711166503927043e-05,0.00029578917232556205,7.044967359912691e-07,0.00029649366906155333
186.0,3.9318919562269875e-06,0.0002957880253790186,7.022197700489212e-07,0.00029649024514906755
186.03125,0.0003591864473639017,0.0002957868784324752,6.999537975149819e-07,0.00029648683222999016
186.0625,0.00032751302381947274,0.00029578573148593174,6.976987479116941e-07,0.00029648343023384345
186.09375,0.00014205011545078146,0.0002957845845393883,6.954545513237467e-07,0.00029648003909071207
186.125,0.0004917871516702055,0.00029578343759284486,6.932211383929129e-07,0.0002964766587312378
186.15625,0.0004585020120190883,0.00029578229064630143,6.909984403127434e-07,0.0002964732890866142
186.1875,0.00014408493465669427,0.000295781143699758,6.887863888233223e-07,0.0002964699300885813
186.21875,8.736682386719998e-05,0.00029577999675321455,6.86584916206079e-07,0.00029646658166942064
186.25,0.0006989068295176839,0.0002957788498066711,6.843939552786564e-07,0.00029646324376194976
186.28125,0.001056690602558399,0.0002957777028601277,6.822134393898384e-07,0.00029645991629951755
186.3125,0.0011985273997884478,0.00029577655591358424,6.800433024145298e-07,0.00029645659921599877
186.34375,0.0014895037541385902,0.0002957754089670408,6.77883478748794e-07,0.0002964532924457896
186.375,0.0009913747261847306,0.00029577426202049737,6.757339033049445e-07,0.0002964499959238023
186.40625,0.000645111072560295,0.00029577311507395394,6.735945115066883e-07,0.0002964467095854606
186.4375,5.3301053328879165e-05,0.0002957719681274105,6.714652392843256e-07,0.0002964434333666948
186.46875,0.00013219699151660033,0.00029577082118086706,6.693460230699987e-07,0.0002964401672039371
186.5,2.0020701396559632e-05,0.0002957696742343237,6.67236799792994e-07,0.00029643691103411666
186.53125,0.00014664069954388993,0.00029576852728778024,6.651375068750963e-07,0.00029643366479465533
186.5625,0.0005767987982751199,0.0002957673803412368,6.630480822259913e-07,0.0002964304284234628
186.59375,0.00020499601301883144,0.00029576623339469337,6.609684642387201e-07,0.0002964272018589321
186.625,0.0001253651272608039,0.00029576508644814993,6.588985917851799e-07,0.0002964239850399351
186.65625,0.0005783082175851265,0.0002957639395016065,6.568384042116773e-07,0.0002964207779058182
186.6875,0.0009879415537646739,0.00029576279255506306,6.547878413345277e-07,0.0002964175803963976
186.71875,0.00041016510672937175,0.0002957616456085196,6.527468434356996e-07,0.0002964143924519553
186.75,0.00013583307756699764,0.0002957604986619762,6.507153512585113e-07,0.0002964112140132347
186.78125,0.0001730457994458674,0.00029575935171543275,6.486933060033686e-07,0.00029640804502143614
186.8125,0.00018561364829715617,0.0002957582047688893,6.466806493235513e-07,0.00029640488541821287
186.84375,0.00030554070619219633,0.0002957570578223459,6.44677323321044e-07,0.0002964017351456669
186.875,9.77066415166363e-05,0.00029575591087580244,6.42683270542411e-07,0.0002963985941463448
186.90625,7.358112164727659e-05,0.000295754763929259,6.406984339747156e-07,0.0002963954623632337
186.9375,0.0004898785314556172,0.00029575361698271557,6.387227570414846e-07,0.00029639233973975703
186.96875,0.0004972099130637316,0.00029575247003617213,6.367561835987118e-07,0.0002963892262197708
187.0,0.0002924560940145036,0.00029575132308962875,6.347986579309084e-07,0.00029638612174755967
187.03125,0.0005913106987276819,0.0002957501761430853,6.328501247471924e-07,0.0002963830262678325
187.0625,0.00044701927994615875,0.0002957490291965419,6.309105291774204e-07,0.0002963799397257193
187.09375,0.0003423316489755059,0.00029574788224999844,6.289798167683614e-07,0.0002963768620667668
187.125,0.00022297299940754445,0.000295746735303455,6.270579334799081e-07,0.0002963737932369349
187.15625,0.00024413446200109265,0.00029574558835691157,6.251448256813326e-07,0.0002963707331825929
187.1875,0.00013009530053442603,0.00029574444141036813,6.232404401475769e-07,0.0002963676818505157
187.21875,0.00013406666528109553,0.0002957432944638247,6.213447240555855e-07,0.0002963646391878803
187.25,5.2005390209920115e-05,0.00029574214751728126,6.194576249806764e-07,0.0002963616051422619
187.28125,0.00035316993353893313,0.0002957410005707378,6.17579090892948e-07,0.00029635857966163075
187.3125,0.0006969365934254555,0.0002957398536241944,6.157090701537265e-07,0.0002963555626943481
187.34375,0.0003125504282978872,0.00029573870667765095,6.138475115120479e-07,0.000296352554189163
187.375,0.0006989987711059687,0.0002957375597311075,6.119943641011784e-07,0.0002963495540952087
187.40625,0.0013506711808691438,0.0002957364127845641,6.101495774351717e-07,0.00029634656236199926
187.4375,0.0002400209514905243,0.00029573526583802064,6.083131014054585e-07,0.0002963435789394261
187.46875,0.0003259225903454428,0.0002957341188914772,6.064848862774771e-07,0.00029634060377775465
187.5,0.000641795230975936,0.00029573297194493376,6.04664882687334e-07,0.0002963376368276211
187.53125,0.0002961411406552553,0.0002957318249983904,6.028530416385011e-07,0.0002963346780400289
187.5625,0.00011238707819442766,0.00029573067805184695,6.010493144985486e-07,0.0002963317273663455
187.59375,0.0001632295414320592,0.0002957295311053035,5.992536529959083e-07,0.0002963287847582994
187.625,1.2542337781531598e-05,0.00029572838415876007,5.974660092166745e-07,0.00029632585016797677
187.65625,0.00015347546991303058,0.00029572723721221664,5.956863356014328e-07,0.00029632292354781804
187.6875,0.0005370587149296903,0.0002957260902656732,5.939145849421265e-07,0.00029632000485061533
187.71875,0.0008096528002943801,0.00029572494331912976,5.921507103789527e-07,0.0002963170940295087
187.75,0.0007172420433138982,0.0002957237963725863,5.9039466539729e-07,0.0002963141910379836
187.78125,0.00024219259909937407,0.0002957226494260429,5.886464038246593e-07,0.00029631129582986755
187.8125,5.586127735502269e-06,0.00029572150247949945,5.869058798277131e-07,0.00029630840835932716
187.84375,9.15206483430445e-06,0.000295720355532956,5.851730479092593e-07,0.0002963055285808653
187.875,5.68829375203922e-05,0.0002957192085864126,5.834478629053123e-07,0.0002963026564493179
187.90625,0.0003723412678498569,0.00029571806163986914,5.817302799821748e-07,0.00029629979191985134
187.9375,0.0007961951163507765,0.0002957169146933257,5.800202546335505e-07,0.00029629693494795926
187.96875,0.0006980104433799426,0.00029571576774678227,5.78317742677685e-07,0.00029629408548945997
188.0,0.00024416132130159244,0.00029571462080023883,5.766227002545359e-07,0.0002962912435004934
188.03125,0.000226553620702149,0.00029571347385369545,5.749350838229723e-07,0.0002962884089375184
188.0625,1.013987719369591e-05,0.000295712326907152,5.732548501580012e-07,0.00029628558175731
188.09375,0.0002745201559639102,0.0002957111799606086,5.715819563480233e-07,0.0002962827619169566
188.125,8.422551598001312e-05,0.00029571003301406514,5.699163597921167e-07,0.00029627994937385724
188.15625,0.0002219686899745413,0.0002957088860675217,5.682580181973459e-07,0.00029627714408571906
188.1875,0.0007293613487602988,0.00029570773912097827,5.666068895761006e-07,0.00029627434601055437
188.21875,0.0003942678283308582,0.00029570659217443483,5.64962932243459e-07,0.0002962715551066783
188.25,0.00013378785591995965,0.0002957054452278914,5.633261048145786e-07,0.00029626877133270596
188.28125,0.00012782826161881268,0.00029570429828134796,5.61696366202114e-07,0.00029626599464755007
188.3125,6.584893931330927e-05,0.0002957031513348045,5.600736756136581e-07,0.0002962632250104182
188.34375,3.442197918416903e-06,0.0002957020043882611,5.584579925492117e-07,0.0002962604623808103
188.375,6.066917918885646e-05,0.00029570085744171765,5.568492767986759e-07,0.0002962577067185163
188.40625,0.00012873911970893802,0.0002956997104951742,5.552474884393712e-07,0.0002962549579836136
188.4375,0.00011981463246561214,0.0002956985635486308,5.53652587833581e-07,0.00029625221613646435
188.46875,4.876961615358172e-05,0.00029569741660208734,5.520645356261178e-07,0.00029624948113771344
188.5,0.0002204901993832142,0.0002956962696555439,5.504832927419171e-07,0.0002962467529482858
188.53125,0.0002990427626447682,0.00029569512270900047,5.489088203836509e-07,0.0002962440315293841
188.5625,5.742533257338542e-06,0.0002956939757624571,5.47341080029368e-07,0.0002962413168424865
188.59375,0.0004397570918680189,0.00029569282881591365,5.457800334301565e-07,0.0002962386088493438
188.625,0.0009727053892663802,0.0002956916818693702,5.44225642607829e-07,0.00029623590751197805
188.65625,0.0007727690258419577,0.0002956905349228268,5.426778698526315e-07,0.0002962332127926794
188.6875,0.00040394691665054553,0.00029568938797628334,5.411366777209739e-07,0.0002962305246540043
188.71875,0.0003850606341110526,0.0002956882410297399,5.396020290331832e-07,0.0002962278430587731
188.75,0.00046482199855099376,0.00029568709408319646,5.380738868712799e-07,0.00029622516797006776
188.78125,0.0006209494856636594,0.00029568594713665303,5.365522145767732e-07,0.0002962224993512298
188.8125,0.0003890295056865978,0.0002956848001901096,5.350369757484814e-07,0.0002962198371658581
188.84375,0.00016866825809092156,0.00029568365324356615,5.335281342403715e-07,0.00029621718137780653
188.875,0.00045650053784161465,0.0002956825062970227,5.320256541594191e-07,0.00029621453195118215
188.90625,0.00030914360945587385,0.0002956813593504793,5.305294998634921e-07,0.0002962118888503428
188.9375,0.00016904385779137787,0.00029568021240393584,5.29039635959252e-07,0.0002962092520398951
188.96875,0.00040583958733977503,0.0002956790654573924,5.275560273000775e-07,0.00029620662148469246
189.0,0.00017137409091652533,0.00029567791851084897,5.260786389840072e-07,0.00029620399714983296
189.03125,0.0002118956523336632,0.00029567677156430554,5.246074363517027e-07,0.00029620137900065725
189.0625,0.00020110819311118088,0.00029567562461776215,5.231423849844316e-07,0.0002961987670027466
189.09375,2.2220773166519947e-05,0.0002956744776712187,5.216834507020692e-07,0.0002961961611219208
189.125,0.00025474691520427443,0.0002956733307246753,5.20230599561121e-07,0.0002961935613242364
189.15625,0.0007983355388595553,0.00029567218377813184,5.187837978527625e-07,0.0002961909675759846
189.1875,0.00019859524690399647,0.0002956710368315884,5.173430121008988e-07,0.0002961883798436893
189.21875,0.0001010692690178941,0.00029566988988504497,5.159082090602433e-07,0.0002961857980941052
189.25,5.036307273587143e-05,0.00029566874293850153,5.144793557144136e-07,0.00029618322229421596
189.28125,2.9621014872053e-05,0.0002956675959919581,5.130564192740464e-07,0.00029618065241123213
189.3125,4.699845800422713e-05,0.00029566644904541466,5.116393671749313e-07,0.0002961780884125896
189.34375,0.00012749426017498192,0.0002956653020988712,5.102281670761605e-07,0.0002961755302659474
189.375,0.00023954342124307134,0.0002956641551523278,5.088227868582979e-07,0.0002961729779391861
189.40625,1.3258227302401606e-05,0.00029566300820578435,5.074231946215645e-07,0.0002961704314004059
189.4375,1.7488724243507647e-05,0.0002956618612592409,5.060293586840418e-07,0.00029616789061792496
189.46875,0.00022992133400765507,0.0002956607143126975,5.046412475798925e-07,0.0002961653555602774
189.5,0.0001040419569209751,0.00029565956736615404,5.03258830057597e-07,0.00029616282619621164
189.53125,0.0005548954489146973,0.0002956584204196106,5.018820750782077e-07,0.0002961603024946888
189.5625,0.0005062310033276953,0.00029565727347306717,5.005109518136193e-07,0.0002961577844248808
189.59375,7.209557318192658e-05,0.0002956561265265238,4.991454296448552e-07,0.0002961552719561686
189.625,0.00012751080032685777,0.00029565497957998035,4.97785478160372e-07,0.00029615276505814075
189.65625,0.00029018555279480975,0.0002956538326334369,4.964310671543762e-07,0.00029615026370059127
189.6875,0.0002458244236293939,0.0002956526856868935,4.95082166625161e-07,0.00029614776785351864
189.71875,0.00013133569596713717,0.00029565153874035004,4.937387467734564e-07,0.0002961452774871235
189.75,0.00019073339681241862,0.0002956503917938066,4.92400778000794e-07,0.0002961427925718074
189.78125,0.0003027952162720891,0.00029564924484726317,4.910682309078905e-07,0.00029614031307817105
189.8125,0.00035564175090393237,0.00029564809790071973,4.89741076293042e-07,0.0002961378389770128
189.84375,0.00010414409785324116,0.0002956469509541763,4.884192851505375e-07,0.0002961353702393268
189.875,2.2781163973496213e-05,0.00029564580400763286,4.87102828669084e-07,0.00029613290683630196
189.90625,0.0003676697524750876,0.0002956446570610894,4.85791678230248e-07,0.00029613044873931965
189.9375,0.0005757102559408702,0.000295643510114546,4.844858054069113e-07,0.0002961279959199529
189.96875,0.0006715320797438576,0.00029564236316800255,4.83185181961741e-07,0.0002961255483499643
190.0,0.0004723099333370906,0.0002956412162214591,4.818897798456734e-07,0.00029612310600130476
190.03125,0.0010030922113313822,0.0002956400692749157,4.80599571196413e-07,0.0002961206688461121
190.0625,0.0010191440329853528,0.00029563892232837224,4.793145283369438e-07,0.00029611823685670916
190.09375,0.0008582783387148343,0.0002956377753818288,4.780346237740562e-07,0.00029611581000560285
190.125,0.0002774107590286114,0.0002956366284352854,4.7675983019688657e-07,0.0002961133882654823
190.15625,0.000203310007442582,0.000295635481488742,4.754901204754697e-07,0.00029611097160921743
190.1875,0.0011628402417485147,0.00029563433454219855,4.742254676593064e-07,0.0002961085600098578
190.21875,0.00046661120687180107,0.0002956331875956551,4.7296584497594225e-07,0.00029610615344063105
190.25,3.260299514016136e-05,0.00029563204064911167,4.7171122582956133e-07,0.00029610375187494125
190.28125,0.00016743265251423995,0.00029563089370256824,4.7046158379959107e-07,0.0002961013552863678
190.3125,0.0007091431042445266,0.0002956297467560248,4.692168926393214e-07,0.00029609896364866413
190.34375,0.0013102995628548018,0.00029562859980948136,4.679771262745359e-07,0.0002960965769357559
190.375,0.0015062735830718977,0.0002956274528629379,4.6674225880215523e-07,0.00029609419512174006
190.40625,0.0003217247090202435,0.0002956263059163945,4.655122644888937e-07,0.0002960918181808834
190.4375,0.00012109466002232112,0.00029562515896985105,4.642871177699275e-07,0.000296089446087621
190.46875,0.0010351186187032941,0.0002956240120233076,4.6306679324757486e-07,0.00029608707881655517
190.5,0.0008916850762549985,0.0002956228650767642,4.618512656899898e-07,0.00029608471634245417
190.53125,0.00013429677163579706,0.00029562171813022074,4.606405100298652e-07,0.0002960823586402506
190.5625,3.2037578997445446e-05,0.0002956205711836773,4.5943450136314997e-07,0.00029608000568504044
190.59375,0.00014215297552650784,0.00029561942423713387,4.5823321494777683e-07,0.00029607765745208166
190.625,0.0002605241100374548,0.0002956182772905905,4.5703662620240134e-07,0.00029607531391679287
190.65625,0.00012312404967371212,0.00029561713034404705,4.5584471070515363e-07,0.0002960729750547522
190.6875,6.525978076102648e-05,0.0002956159833975036,4.546574441923993e-07,0.000296070640841696
190.71875,0.00031522259584882274,0.0002956148364509602,4.534748025575138e-07,0.00029606831125351767
190.75,0.0001957267161499816,0.00029561368950441674,4.522967618496664e-07,0.0002960659862662664
190.78125,7.607785698904528e-05,0.0002956125425578733,4.5112329827261526e-07,0.00029606366585614594
190.8125,0.0004066018805976236,0.00029561139561132987,4.499543881835143e-07,0.0002960613499995134
190.84375,1.1124347179199994e-05,0.00029561024866478643,4.4879000809172945e-07,0.00029605903867287815
190.875,7.896340483675845e-05,0.000295609101718243,4.476301346576661e-07,0.00029605673185290066
190.90625,0.0002282984881265361,0.00029560795477169956,4.464747446916079e-07,0.00029605442951639117
190.9375,0.0005020595928531715,0.0002956068078251561,4.4532381515256433e-07,0.00029605213164030867
190.96875,0.00016881713223421276,0.0002956056608786127,4.441773231471299e-07,0.0002960498382017598
191.0,7.57805837880335e-05,0.00029560451393206925,4.430352459283526e-07,0.0002960475491779976
191.03125,0.00034535946865934386,0.0002956033669855258,4.418975608946133e-07,0.0002960452645464204
191.0625,0.0001979435801133454,0.0002956022200389824,4.407642455885148e-07,0.0002960429842845709
191.09375,0.000245962020907705,0.00029560107309243894,4.3963527769577976e-07,0.0002960407083701347
191.125,0.0003367277192467559,0.0002955999261458955,4.385106350441608e-07,0.00029603843678093964
191.15625,4.509292946689358e-05,0.0002955987791993521,4.3739029560235725e-07,0.0002960361694949545
191.1875,9.851212939294205e-05,0.0002955976322528087,4.3627423747894413e-07,0.00029603390649028764
191.21875,2.213533811389134e-05,0.00029559648530626525,4.351624389213091e-07,0.0002960316477451866
191.25,0.0001848275293149557,0.0002955953383597218,4.3405487831459917e-07,0.00029602939323803643
191.28125,2.471977643072609e-05,0.0002955941914131784,4.3295153418067713e-07,0.00029602714294735906
191.3125,9.743094439888025e-06,0.00029559304446663494,4.318523851770861e-07,0.00029602489685181204
191.34375,0.00021141821048302354,0.0002955918975200915,4.307574100960246e-07,0.0002960226549301875
191.375,0.0002897533902633478,0.00029559075057354806,4.296665878633298e-07,0.0002960204171614114
191.40625,0.0003392114390759434,0.00029558960362700463,4.285798975374696e-07,0.0002960181835245421
191.4375,0.0016559383464363065,0.0002955884566804612,4.2749731830854366e-07,0.00029601595399876974
191.46875,0.0004728552627779472,0.00029558730973391775,4.26418829497294e-07,0.00029601372856341503
191.5,0.00028554817240274475,0.0002955861627873743,4.2534441055412284e-07,0.00029601150719792845
191.53125,0.00027079839258259804,0.0002955850158408309,4.2427404105812035e-07,0.000296009289881889
191.5625,1.677651429465308e-05,0.00029558386889428744,4.232077007160996e-07,0.00029600707659500355
191.59375,0.00012044009683726467,0.000295582721947744,4.221453693616412e-07,0.00029600486731710566
191.625,0.00018885853324105805,0.00029558157500120057,4.2108702695414564e-07,0.0002960026620281547
191.65625,6.144758848723637e-05,0.0002955804280546572,4.2003265357789344e-07,0.0002960004607082351
191.6875,0.00011229138518979679,0.00029557928110811375,4.189822294411146e-07,0.00029599826333755484
191.71875,0.0006979121380978471,0.0002955781341615703,4.179357348750648e-07,0.0002959960698964454
191.75,0.000525720113073689,0.0002955769872150269,4.1689315033311054e-07,0.00029599388036535997
191.78125,0.00011956071915051929,0.00029557584026848344,4.1585445638982216e-07,0.0002959916947248733
191.8125,0.00022593765626653705,0.00029557469332194,4.14819633740074e-07,0.0002959895129556801
191.84375,0.0003800992204846035,0.00029557354637539657,4.137886631981533e-07,0.00029598733503859474
191.875,0.00033788002058526866,0.00029557239942885313,4.1276152569687563e-07,0.00029598516095455
191.90625,0.00015481895504666733,0.0002955712524823097,4.117382022867089e-07,0.0002959829906845964
191.9375,2.334859229788977e-05,0.00029557010553576626,4.10718674134905e-07,0.00029598082420990117
191.96875,0.00031220802524664843,0.0002955689585892228,4.0970292252463763e-07,0.00029597866151174747
192.0,0.0003566500399595922,0.0002955678116426794,4.0869092885414916e-07,0.00029597650257153353
192.03125,0.00011435181029902904,0.00029556666469613595,4.076826746359035e-07,0.00029597434737077186
192.0625,0.0002743538197660061,0.0002955655177495925,4.0667814149574686e-07,0.00029597219589108827
192.09375,0.00033029876328097063,0.0002955643708030491,4.056773111720759e-07,0.00029597004811422116
192.125,0.00014192073867808704,0.00029556322385650564,4.0468016551501214e-07,0.00029596790402202066
192.15625,0.00017813994614935004,0.0002955620769099622,4.0368668648558443e-07,0.00029596576359644777
192.1875,5.5670171675243846e-05,0.0002955609299634188,4.026968561549173e-07,0.00029596362681957373
192.21875,0.0002209466080219915,0.0002955597830168754,4.017106567034273e-07,0.0002959614936735788
192.25,1.274751124294736e-05,0.00029555863607033195,4.007280704200255e-07,0.000295959364140752
192.28125,0.00010672851974164432,0.0002955574891237885,3.9974907970132693e-07,0.0002959572382034898
192.3125,6.830614726421018e-06,0.0002955563421772451,3.9877366705086653e-07,0.00029595511584429594
192.34375,0.0002295119878095495,0.00029555519523070164,3.9780181507832227e-07,0.00029595299704577996
192.375,9.515900635269258e-05,0.0002955540482841582,3.968335064987441e-07,0.00029595088179065694
192.40625,0.00010554142809162694,0.00029555290133761477,3.958687241317904e-07,0.00029594877006174655
192.4375,0.00031053373303353225,0.00029555175439107133,3.9490745090096967e-07,0.0002959466618419723
192.46875,0.0006570063473580046,0.0002955506074445279,3.9394966983288916e-07,0.0002959445571143608
192.5,0.0010070146893300172,0.00029554946049798446,3.929953640565109e-07,0.000295942455862041
192.53125,0.0004703052208888151,0.000295548313551441,3.9204451680241165e-07,0.0002959403580682434
192.5625,0.0003955287478694621,0.0002955471666048976,3.9109711140205144e-07,0.00029593826371629965
192.59375,9.332594162473769e-05,0.00029554601965835415,3.9015313128704645e-07,0.0002959361727896412
192.625,0.0001869626374969978,0.0002955448727118107,3.892125599884493e-07,0.00029593408527179915
192.65625,0.00035872211807462924,0.0002955437257652673,3.8827538113603434e-07,0.0002959320011464033
192.6875,0.0006921477160264489,0.0002955425788187239,3.8734157845758957e-07,0.0002959299203971815
192.71875,0.0005374498095141462,0.00029554143187218045,3.864111357782146e-07,0.00029592784300795866
192.75,0.00045967538392904637,0.000295540284925637,3.854840370196234e-07,0.0002959257689626566
192.78125,0.00019658095371703852,0.0002955391379790936,3.84560266199454e-07,0.00029592369824529304
192.8125,0.00013920865507772843,0.00029553799103255015,3.836398074305837e-07,0.0002959216308399807
192.84375,0.0011337223177012798,0.0002955368440860067,3.827226449204494e-07,0.00029591956673092717
192.875,0.0016915465004754657,0.00029553569713946327,3.818087629703744e-07,0.00029591750590243364
192.90625,0.0007448475321047896,0.00029553455019291984,3.808981459748998e-07,0.0002959154483388947
192.9375,0.000560413741188223,0.0002955334032463764,3.799907784211223e-07,0.0002959133940247975
192.96875,0.0010793192956600188,0.00029553225629983296,3.790866448880374e-07,0.000295911342944721
193.0,0.0006557118846109383,0.0002955311093532895,3.78185730045887e-07,0.0002959092950833354
193.03125,0.00019628628137719053,0.0002955299624067461,3.7728801865551427e-07,0.0002959072504254016
193.0625,5.46057090093653e-05,0.00029552881546020265,3.7639349556772163e-07,0.0002959052089557704
193.09375,0.0001031268479632602,0.0002955276685136592,3.755021457226357e-07,0.00029590317065938184
193.125,0.0001290850592446789,0.0002955265215671158,3.7461395414907715e-07,0.00029590113552126484
193.15625,3.0388713308616358e-05,0.00029552537462057234,3.7372890596393456e-07,0.00029589910352653627
193.1875,3.0769687150562284e-05,0.0002955242276740289,3.7284698637154516e-07,0.00029589707466040046
193.21875,4.620017423983436e-06,0.0002955230807274855,3.7196818066307966e-07,0.0002958950489081486
193.25,0.00011176852381065715,0.0002955219337809421,3.710924742159316e-07,0.000295893026255158
193.28125,0.00015906573033811158,0.00029552078683439865,3.702198524931135e-07,0.00029589100668689177
193.3125,7.821762832727653e-05,0.0002955196398878552,3.6935030104265567e-07,0.00029588899018889785
193.34375,0.000308635453328542,0.0002955184929413118,3.684838054970115e-07,0.0002958869767468088
193.375,0.00019655340697422488,0.00029551734599476834,3.6762035157246754e-07,0.0002958849663463408
193.40625,0.00020911273923569372,0.0002955161990482249,3.667599250685572e-07,0.0002958829589732935
193.4375,0.0007134581573138653,0.00029551505210168147,3.6590251186748066e-07,0.00029588095461354895
193.46875,0.0005274423373719631,0.00029551390515513803,3.6504809793352833e-07,0.00029587895325307155
193.5,0.00025708995840360464,0.0002955127582085946,3.641966693125098e-07,0.0002958769548779071
193.53125,8.003675729953522e-05,0.00029551161126205116,3.6334821213118715e-07,0.00029587495947418235
193.5625,0.0003249858920173463,0.0002955104643155077,3.625027125967123e-07,0.00029587296702810443
193.59375,7.800189340129592e-05,0.0002955093173689643,3.616601569960699e-07,0.00029587097752596035
193.625,0.00012775544181764623,0.00029550817042242085,3.6082053169552437e-07,0.00029586899095411637
193.65625,0.0001589301040038722,0.0002955070234758774,3.599838231400703e-07,0.00029586700729901746
193.6875,0.00018963454354121217,0.000295505876529334,3.591500178528891e-07,0.00029586502654718684
193.71875,0.00016210942680169966,0.00029550472958279054,3.5831910243480935e-07,0.00029586304868522534
193.75,0.001078713534944066,0.00029550358263624716,3.5749106356376983e-07,0.0002958610736998109
193.78125,0.0012348496037347038,0.0002955024356897037,3.566658879942901e-07,0.000295859101577698
193.8125,0.0003469484683786592,0.0002955012887431603,3.558435625569426e-07,0.00029585713230571723
193.84375,0.00011266476806053429,0.00029550014179661685,3.550240741578295e-07,0.00029585516587077467
193.875,0.00024675279219714744,0.0002954989948500734,3.542074097780653e-07,0.0002958532022598515
193.90625,9.750046541210333e-05,0.00029549784790353,3.533935564732615e-07,0.0002958512414600032
193.9375,0.00024092645155941484,0.00029549670095698654,3.5258250137301644e-07,0.00029584928345835953
193.96875,0.0002563384581848105,0.0002954955540104431,3.517742316804093e-07,0.0002958473282421235
194.0,5.3520396490518744e-05,0.00029549440706389966,3.509687346714979e-07,0.0002958453757985712
194.03125,0.0002918167972984974,0.00029549326011735623,3.501659976948204e-07,0.0002958434261150511
194.0625,0.000501335211405618,0.0002954921131708128,3.493660081709005e-07,0.0002958414791789837
194.09375,0.00023839243925474432,0.00029549096622426935,3.4856875359175806e-07,0.0002958395349778611
194.125,0.00034353540032959885,0.0002954898192777259,3.477742215204224e-07,0.00029583759349924635
194.15625,0.0003483983933130012,0.0002954886723311825,3.469823995904487e-07,0.00029583565473077295
194.1875,0.00019783505569174328,0.00029548752538463905,3.4619327550544073e-07,0.0002958337186601445
194.21875,3.4885248511241346e-05,0.0002954863784380956,3.4540683703857513e-07,0.0002958317852751342
194.25,7.134447719465731e-05,0.0002954852314915522,3.4462307203212955e-07,0.00029582985456358434
194.28125,5.3542042131639374e-05,0.0002954840845450088,3.4384196839701644e-07,0.0002958279265134058
194.3125,0.00012353999490846983,0.00029548293759846535,3.4306351411231815e-07,0.00029582600111257765
194.34375,0.0002444438386809168,0.0002954817906519219,3.422876972248274e-07,0.00029582407834914676
194.375,0.00028630508118960326,0.0002954806437053785,3.4151450584858977e-07,0.00029582215821122705
194.40625,1.992330437270974e-05,0.00029547949675883504,3.407439281644519e-07,0.0002958202406869995
194.4375,2.6266696797568178e-05,0.0002954783498122916,3.3997595241961137e-07,0.0002958183257647112
194.46875,0.00010648758126161684,0.00029547720286574817,3.3921056692717044e-07,0.0002958164134326753
194.5,0.0003082559631419126,0.00029547605591920473,3.384477600656944e-07,0.0002958145036792704
194.53125,7.292342569824795e-05,0.0002954749089726613,3.376875202787722e-07,0.00029581259649294006
194.5625,2.444703595066972e-05,0.00029547376202611786,3.369298360745806e-07,0.00029581069186219246
194.59375,8.759971579537767e-05,0.0002954726150795744,3.3617469602545245e-07,0.0002958087897755999
194.625,0.0007832638417284201,0.000295471468133031,3.354220887674481e-07,0.0002958068902217984
194.65625,0.0008890527912292651,0.00029547032118648755,3.3467200299992893e-07,0.00029580499318948746
194.6875,0.00021073454378344673,0.0002954691742399441,3.3392442748513614e-07,0.00029580309866742923
194.71875,0.0006745038505276609,0.0002954680272934007,3.331793510477717e-07,0.00029580120664444846
194.75,5.7829761439908404e-05,0.00029546688034685724,3.3243676257458256e-07,0.00029579931710943183
194.78125,0.0001040233465975239,0.00029546573340031386,3.3169665101394805e-07,0.0002957974300513278
194.8125,2.7054110901595557e-05,0.0002954645864537704,3.30959005375471e-07,0.0002957955454591459
194.84375,4.6323045830984736e-05,0.000295463439507227,3.3022381472957173e-07,0.00029579366332195653
194.875,0.00029144800180656405,0.00029546229256068355,3.294910682070846e-07,0.0002957917836288906
194.90625,0.0004452067562048224,0.0002954611456141401,3.287607549988588e-07,0.00029578990636913895
194.9375,4.20401275672917e-05,0.0002954599986675967,3.2803286435536163e-07,0.000295788031531952
194.96875,5.953318865365912e-05,0.00029545885172105324,3.273073855862838e-07,0.0002957861591066395
195.0,8.860003331446181e-05,0.0002954577047745098,3.265843080601502e-07,0.00029578428908256995
195.03125,5.4842941799021794e-05,0.00029545655782796637,3.2586362120393127e-07,0.0002957824214491703
195.0625,0.00026280234510075247,0.00029545541088142293,3.251453145026589e-07,0.00029578055619592557
195.09375,0.0004299063935736899,0.0002954542639348795,3.244293774990438e-07,0.00029577869331237855
195.125,0.0007458650957011901,0.00029545311698833606,3.2371579979309796e-07,0.00029577683278812913
195.15625,0.00030087834438085047,0.0002954519700417926,3.230045710417577e-07,0.0002957749746128344
195.1875,0.00048396968717715925,0.0002954508230952492,3.2229568095851087e-07,0.0002957731187762077
195.21875,0.00013500980291851432,0.00029544967614870575,3.2158911931302716e-07,0.00029577126526801877
195.25,3.304649601112197e-05,0.0002954485292021623,3.2088487593078995e-07,0.0002957694140780931
195.28125,3.5580905785955974e-05,0.00029544738225561893,3.2018294069273215e-07,0.0002957675651963117
195.3125,8.875007738794337e-05,0.0002954462353090755,3.1948330353487454e-07,0.00029576571861261036
195.34375,7.426844474929714e-05,0.00029544508836253205,3.1878595444796613e-07,0.00029576387431698003
195.375,7.313014616054523e-05,0.0002954439414159886,3.1809088347712856e-07,0.00029576203229946576
195.40625,2.0470004710594534e-06,0.0002954427944694452,3.1739808072150165e-07,0.0002957601925501667
195.4375,8.412030307617364e-05,0.00029544164752290175,3.167075363338932e-07,0.0002957583550592356
195.46875,0.00020869513080395714,0.0002954405005763583,3.1601924052043037e-07,0.0002957565198168787
195.5,0.0003471808305302529,0.00029543935362981487,3.153331835402136e-07,0.00029575468681335506
195.53125,0.0002491696555126774,0.00029543820668327144,3.1464935570497405e-07,0.0002957528560389764
195.5625,9.751577653200735e-05,0.000295437059736728,3.139677473787334e-07,0.00029575102748410675
195.59375,0.0003326227170136315,0.00029543591279018456,3.1328834897746486e-07,0.000295749201139162
195.625,0.00053963079662988,0.0002954347658436411,3.1261115096875887e-07,0.00029574737699460986
195.65625,0.00021369900596310707,0.0002954336188970977,3.119361438714898e-07,0.00029574555504096917
195.6875,3.872086524925829e-05,0.00029543247195055425,3.112633182554853e-07,0.00029574373526880976
195.71875,0.0004595128462693594,0.0002954313250040108,3.105926647411991e-07,0.000295741917668752
195.75,0.00024166923083827053,0.0002954301780574674,3.0992417399938496e-07,0.00029574010223146674
195.78125,0.00036772201715104855,0.00029542903111092394,3.0925783675077426e-07,0.00029573828894767474
195.8125,0.00012355050224977952,0.00029542788416438056,3.0859364376575454e-07,0.0002957364778081463
195.84375,5.5604683551368724e-05,0.0002954267372178371,3.079315858640525e-07,0.0002957346688037012
195.875,0.00038551116262320207,0.0002954255902712937,3.072716539144173e-07,0.0002957328619252081
195.90625,0.0008734880121196358,0.00029542444332475025,3.066138388343072e-07,0.00029573105716358455
195.9375,0.00045560595956441505,0.0002954232963782068,3.059581315895788e-07,0.0002957292545097964
195.96875,0.00010509507230413921,0.0002954221494316634,3.0530452319417824e-07,0.00029572745395485756
196.0,0.0006010263411651311,0.00029542100248511994,3.046530047098341e-07,0.0002957256554898298
196.03125,0.000809453574869158,0.0002954198555385765,3.0400356724575395e-07,0.00029572385910582225
196.0625,0.00025729152781923004,0.00029541870859203307,3.0335620195832156e-07,0.0002957220647939914
196.09375,0.0001125361394721355,0.00029541756164548963,3.027109000507981e-07,0.0002957202725455404
196.125,8.84397150239399e-05,0.0002954164146989462,3.0206765277302345e-07,0.0002957184823517192
196.15625,6.379500687302222e-05,0.00029541526775240276,3.01426451421122e-07,0.0002957166942038239
196.1875,0.0006069900878483928,0.0002954141208058593,3.007872873372088e-07,0.00029571490809319654
196.21875,0.001128321897851094,0.0002954129738593159,3.0015015190909856e-07,0.000295713124011225
196.25,0.0004301788015332602,0.00029541182691277245,2.995150365700173e-07,0.0002957113419493425
196.28125,0.00013138811220271259,0.000295410679966229,2.988819327983153e-07,0.0002957095618990273
196.3125,2.0964876126760497e-06,0.00029540953301968563,2.982508321171823e-07,0.00029570778385180284
196.34375,0.0001105252006372952,0.0002954083860731422,2.976217260943653e-07,0.00029570600779923653
196.375,0.0004905867641982274,0.00029540723912659876,2.9699460634188817e-07,0.00029570423373294065
196.40625,0.00019115531322517462,0.0002954060921800553,2.963694645157726e-07,0.0002957024616445711
196.4375,0.00027831664417424327,0.0002954049452335119,2.9574629231576275e-07,0.0002957006915258276
196.46875,5.964603213876393e-05,0.00029540379828696845,2.9512508148505e-07,0.0002956989233684535
196.5,1.0423230482967449e-05,0.000295402651340425,2.9450582381000135e-07,0.000295697157164235
196.53125,0.0002967624707775003,0.0002954015043938816,2.938885111198882e-07,0.00029569539290500146
196.5625,0.00036571948686432644,0.00029540035744733814,2.932731352866189e-07,0.0002956936305826248
196.59375,1.6698567457045307e-05,0.0002953992105007947,2.92659688224472e-07,0.00029569187018901915
196.625,8.034322519276878e-06,0.00029539806355425126,2.9204816188983116e-07,0.0002956901117161411
196.65625,0.0002474150678160209,0.00029539691660770783,2.9143854828092345e-07,0.00029568835515598877
196.6875,0.0003128571376374541,0.0002953957696611644,2.908308394375587e-07,0.00029568660050060196
196.71875,0.00010580633428068172,0.00029539462271462095,2.902250274408695e-07,0.0002956848477420618
196.75,0.0002865324664132849,0.0002953934757680775,2.8962110441305594e-07,0.0002956830968724906
196.78125,0.00048754924255831235,0.0002953923288215341,2.890190625171296e-07,0.0002956813478840512
196.8125,0.000983107043637575,0.00029539118187499065,2.884188939566607e-07,0.0002956796007689473
196.84375,0.0008197685652913498,0.00029539003492844726,2.878205909755262e-07,0.00029567785551942277
196.875,0.0002803029678186649,0.0002953888879819038,2.872241458576613e-07,0.0002956761121277615
196.90625,0.00012391447232324625,0.0002953877410353604,2.866295509268108e-07,0.0002956743705862872
196.9375,0.00020855018153924005,0.00029538659408881695,2.860367985462832e-07,0.00029567263088736326
196.96875,0.00023677983582758296,0.0002953854471422735,2.8544588111870705e-07,0.0002956708930233922
197.0,0.000884384764829886,0.0002953843001957301,2.848567910857883e-07,0.0002956691569868159
197.03125,0.000651180608150143,0.00029538315324918664,2.8426952092806896e-07,0.0002956674227701147
197.0625,7.443144843146909e-05,0.0002953820063026432,2.8368406316468907e-07,0.0002956656903658079
197.09375,0.00019998907871220914,0.00029538085935609977,2.8310041035314904e-07,0.00029566395976645294
197.125,0.00043525989903559235,0.00029537971240955633,2.8251855508907395e-07,0.0002956622309646454
197.15625,0.0002939582746786497,0.0002953785654630129,2.819384900059797e-07,0.00029566050395301885
197.1875,2.594624016011635e-05,0.00029537741851646946,2.8136020777504106e-07,0.0002956587787242445
197.21875,0.0002251132292518865,0.000295376271569926,2.8078370110486107e-07,0.00029565705527103087
197.25,1.552668845193817e-05,0.0002953751246233826,2.8020896274124164e-07,0.0002956553335861238
197.28125,0.00010230130295149235,0.00029537397767683915,2.79635985466957e-07,0.00029565361366230613
197.3125,6.966173416906984e-05,0.0002953728307302957,2.7906476210152767e-07,0.00029565189549239727
197.34375,5.1005357923592596e-05,0.0002953716837837523,2.784952855009961e-07,0.0002956501790692533
197.375,0.00023321420464268591,0.0002953705368372089,2.7792754855770497e-07,0.0002956484643857666
197.40625,0.0007428154290126153,0.00029536938989066546,2.7736154420007567e-07,0.00029564675143486555
197.4375,0.00019748944875047004,0.000295368242944122,2.7679726539238893e-07,0.0002956450402095144
197.46875,0.0003703523042975581,0.0002953670959975786,2.762347051345677e-07,0.00029564333070271315
197.5,0.0008643854117787774,0.00029536594905103515,2.756738564619602e-07,0.0002956416229074971
197.53125,0.00018557282429138307,0.0002953648021044917,2.751147124451259e-07,0.0002956399168169368
197.5625,0.0001476287864597092,0.0002953636551579483,2.7455726618962143e-07,0.0002956382124241379
197.59375,4.2428111039528756e-05,0.00029536250821140484,2.7400151083578966e-07,0.00029563650972224065
197.625,1.82514008115365e-05,0.0002953613612648614,2.734474395585495e-07,0.00029563480870441997
197.65625,7.419320224737953e-05,0.00029536021431831797,2.728950455671865e-07,0.00029563310936388514
197.6875,0.00011556678983405725,0.00029535906737177453,2.723443221051463e-07,0.0002956314116938797
197.71875,0.00011706806475871246,0.0002953579204252311,2.7179526244982876e-07,0.00029562971568768094
197.75,9.872081653650173e-05,0.00029535677347868766,2.7124785991238293e-07,0.00029562802133860003
197.78125,7.135258065337054e-05,0.0002953556265321442,2.70702107837505e-07,0.0002956263286399817
197.8125,0.0002620465428155783,0.0002953544795856008,2.7015799960323646e-07,0.000295624637585204
197.84375,3.5851245373502254e-06,0.00029535333263905735,2.6961552862076385e-07,0.0002956229481676781
197.875,0.0005408308792069346,0.00029535218569251396,2.6907468833422e-07,0.0002956212603808482
197.90625,0.0007892416817727192,0.00029535103874597053,2.6853547222048737e-07,0.000295619574218191
197.9375,0.0003729692772626146,0.0002953498917994271,2.6799787378900153e-07,0.0002956178896732161
197.96875,0.0002794705641252104,0.00029534874485288366,2.674618865815564e-07,0.00029561620673946524
198.0,6.384333481414327e-05,0.0002953475979063402,2.669275041721118e-07,0.00029561452541051233
198.03125,4.187266749724794e-05,0.0002953464509597968,2.663947201666012e-07,0.0002956128456799634
198.0625,0.0003376291771509508,0.00029534530401325335,2.6586352820274074e-07,0.00029561116754145606
198.09375,0.0006633260196178654,0.0002953441570667099,2.6533392194984066e-07,0.00029560949098865973
198.125,0.0010175643928622292,0.00029534301012016647,2.648058951086175e-07,0.0002956078160152751
198.15625,0.0008360747716747033,0.00029534186317362304,2.6427944141100656e-07,0.00029560614261503406
198.1875,3.050866599454731e-06,0.0002953407162270796,2.6375455461997763e-07,0.0002956044707816996
198.21875,0.00045488067777925563,0.00029533956928053616,2.632312285293504e-07,0.0002956028005090655
198.25,0.00011452001643909428,0.0002953384223339927,2.627094569636121e-07,0.00029560113179095634
198.28125,0.00010463557479535777,0.0002953372753874493,2.621892337777352e-07,0.00029559946462122703
198.3125,0.00014936618965328787,0.00029533612844090585,2.6167055285699827e-07,0.00029559779899376284
198.34375,0.00011516506840501322,0.0002953349814943624,2.6115340811680606e-07,0.00029559613490247924
198.375,0.0001508830218492925,0.000295333834547819,2.606377935025122e-07,0.0002955944723413215
198.40625,0.00011431825966909642,0.0002953326876012756,2.601237029892427e-07,0.00029559281130426483
198.4375,4.2312091885553607e-05,0.00029533154065473216,2.596111305817202e-07,0.00029559115178531386
198.46875,3.3930303011857383e-06,0.0002953303937081887,2.591000703140901e-07,0.0002955894937785028
198.5,0.00020892099406812526,0.0002953292467616453,2.585905162497477e-07,0.00029558783727789506
198.53125,0.000511693707218314,0.00029532809981510185,2.5808246248116636e-07,0.00029558618227758303
198.5625,0.0007720242514558822,0.0002953269528685584,2.575759031297269e-07,0.00029558452877168816
198.59375,0.00022097902902505113,0.000295325805922015,2.570708323455479e-07,0.00029558287675436054
198.625,0.00025651572118610955,0.00029532465897547154,2.5656724430731794e-07,0.00029558122621977886
198.65625,7.113179708870569e-05,0.0002953235120289281,2.560651332221283e-07,0.00029557957716215024
198.6875,7.944277174823935e-05,0.00029532236508238467,2.555644933253067e-07,0.00029557792957570997
198.71875,7.56994099660339e-05,0.00029532121813584123,2.5506531888025287e-07,0.0002955762834547215
198.75,2.706619568680869e-06,0.0002953200711892978,2.545676041782746e-07,0.00029557463879347607
198.78125,1.6920039016265486e-05,0.00029531892424275436,2.5407134353842496e-07,0.0002955729955862928
198.8125,0.00046593776724068085,0.0002953177772962109,2.535765313073412e-07,0.0002955713538275183
198.84375,0.0003213317857908334,0.0002953166303496675,2.5308316185908397e-07,0.0002955697135115266
198.875,0.0002485319997405267,0.00029531548340312405,2.525912295949784e-07,0.000295568074632719
198.90625,0.00010320088515649437,0.00029531433645658067,2.5210072894345514e-07,0.00029556643718552415
198.9375,6.768160425563857e-05,0.00029531318951003723,2.5161165435989385e-07,0.00029556480116439714
198.96875,1.3518397793248797e-05,0.0002953120425634938,2.51124000326467e-07,0.00029556316656382023
199.0,2.1261060210634227e-05,0.00029531089561695036,2.506377613519841e-07,0.00029556153337830237
199.03125,9.67282325862651e-06,0.0002953097486704069,2.5015293197173885e-07,0.0002955599016023787
199.0625,0.0002581194486505755,0.0002953086017238635,2.4966950674735516e-07,0.00029555827123061085
199.09375,0.0002285610432860538,0.00029530745477732005,2.491874802666354e-07,0.0002955566422575867
199.125,0.0002301890270399691,0.0002953063078307766,2.4870684714341e-07,0.00029555501467792004
199.15625,8.313435456492459e-05,0.0002953051608842332,2.4822760201738697e-07,0.00029555338848625054
199.1875,0.00012904672427878661,0.00029530401393768974,2.477497395540029e-07,0.00029555176367724375
199.21875,0.0002596562870586352,0.0002953028669911463,2.472732544442756e-07,0.0002955501402455906
199.25,1.4842525409599777e-05,0.00029530172004460286,2.4679814140465675e-07,0.00029554851818600753
199.28125,0.0001295254454985383,0.00029530057309805943,2.463243951768861e-07,0.0002955468974932363
199.3125,6.369861654929122e-05,0.000295299426151516,2.458520105278463e-07,0.00029554527816204383
199.34375,0.00011614994110634206,0.00029529827920497255,2.453809822494192e-07,0.000295543660187222
199.375,8.514400728023937e-05,0.0002952971322584291,2.449113051583426e-07,0.00029554204356358745
199.40625,2.9951828553794915e-05,0.0002952959853118857,2.444429740960682e-07,0.00029554042828598177
199.4375,2.0438340852973738e-05,0.0002952948383653423,2.439759839286205e-07,0.00029553881434927093
199.46875,0.0002532442933198646,0.00029529369141879886,2.4351032954645665e-07,0.0002955372017483453
199.5,0.00030252225264815105,0.0002952925444722554,2.4304600586432683e-07,0.0002955355904781198
199.53125,3.0772766300971214e-05,0.000295291397525712,2.4258300782113644e-07,0.0002955339805335331
199.5625,0.0003277741802493282,0.00029529025057916855,2.4212133037980826e-07,0.00029553237190954834
199.59375,0.0007064335408718161,0.0002952891036326251,2.416609685271461e-07,0.00029553076460115226
199.625,0.0009301975784431249,0.0002952879566860817,2.41201917273699e-07,0.0002955291586033554
199.65625,0.00017617253201754297,0.00029528680973953824,2.4074417165362686e-07,0.0002955275539111919
199.6875,8.352495887677813e-05,0.0002952856627929948,2.4028772672456633e-07,0.0002955259505197194
199.71875,5.7583844285271585e-05,0.00029528451584645137,2.3983257756749776e-07,0.0002955243484240189
199.75,9.45886126652864e-05,0.00029528336889990793,2.3937871928661353e-07,0.0002955227476191946
199.78125,4.79937356724793e-05,0.0002952822219533645,2.389261470091866e-07,0.0002955211481003737
199.8125,5.9218662860383466e-05,0.00029528107500682106,2.384748558854399e-07,0.0002955195498627065
199.84375,4.9057130682259496e-05,0.0002952799280602776,2.3802484108841742e-07,0.000295517952901366
199.875,2.2332871595187746e-05,0.0002952787811137342,2.3757609781385537e-07,0.00029551635721154806
199.90625,4.6964541645266026e-05,0.00029527763416719075,2.3712862128005417e-07,0.0002955147627884708
199.9375,9.2643120176894e-05,0.00029527648722064737,2.3668240672775154e-07,0.0002955131696273751
199.96875,0.00033447532242584447,0.00029527534027410393,2.3623744941999672e-07,0.00029551157772352395
200.0,0.0011691343280459175,0.0002952741933275605,2.3579374464202498e-07,0.0002955099870722025
200.03125,0.0008902331794403011,0.00029527304638101706,2.3535128770113293e-07,0.0002955083976687182
200.0625,0.0005476921781232576,0.0002952718994344736,2.3491007392655518e-07,0.00029550680950840016
200.09375,0.00017574461238424236,0.0002952707524879302,2.3447009866934157e-07,0.00029550522258659954
200.125,0.00016763277578644355,0.00029526960554138675,2.3403135730223452e-07,0.000295503636898689
200.15625,0.00023656774533387093,0.0002952684585948433,2.3359384521954855e-07,0.0002955020524400629
200.1875,3.462317768386178e-05,0.0002952673116482999,2.3315755783704932e-07,0.0002955004692061369
200.21875,3.0334156680970862e-05,0.00029526616470175644,2.3272249059183398e-07,0.0002954988871923483
200.25,4.161295563402591e-05,0.000295265017755213,2.322886389422125e-07,0.0002954973063941552
200.28125,3.935693336426741e-05,0.00029526387080866957,2.3185599836758946e-07,0.00029549572680703714
200.3125,9.535796222985946e-05,0.00029526272386212613,2.3142456436834657e-07,0.0002954941484264945
200.34375,0.000169703032434185,0.0002952615769155827,2.3099433246572598e-07,0.00029549257124804844
200.375,5.623228895675065e-06,0.00029526042996903926,2.3056529820171475e-07,0.000295490995267241
200.40625,0.00023291074703716882,0.0002952592830224958,2.3013745713892964e-07,0.00029548942047963474
200.4375,0.000249301391885195,0.0002952581360759524,2.2971080486050245e-07,0.0002954878468808129
200.46875,0.0006935324609534741,0.000295256989129409,2.2928533696996684e-07,0.00029548627446637896
200.5,0.0009417407536847894,0.00029525584218286556,2.288610490911453e-07,0.0002954847032319567
200.53125,0.0008760912942590987,0.00029525469523632213,2.2843793686803661e-07,0.00029548313317319017
200.5625,0.0011196063640183055,0.0002952535482897787,2.280159959647051e-07,0.0002954815642857434
200.59375,0.00017647748159885872,0.00029525240134323526,2.2759522206516942e-07,0.0002954799965653004
200.625,0.0001287977212107531,0.0002952512543966918,2.2717561087329273e-07,0.0002954784300075651
200.65625,8.326484695000376e-06,0.0002952501074501484,2.2675715811267313e-07,0.00029547686460826105
200.6875,0.0001788038358616584,0.00029524896050360495,2.2633985952653558e-07,0.00029547530036313146
200.71875,0.00032467017375368315,0.0002952478135570615,2.2592371087762355e-07,0.0002954737372679391
200.75,0.0002734618867912303,0.00029524666661051807,2.2550870794809185e-07,0.00029547217531846614
200.78125,0.0006848029844722037,0.00029524551966397464,2.250948465394004e-07,0.000295470614510514
200.8125,0.0011709487442967755,0.0002952443727174312,2.2468212247220808e-07,0.0002954690548399034
200.84375,0.0009131479467672845,0.00029524322577088776,2.242705315862676e-07,0.00029546749630247405
200.875,4.4314001477838146e-05,0.0002952420788243443,2.238600697403212e-07,0.0002954659388940846
200.90625,1.873364021775616e-05,0.0002952409318778009,2.2345073281199666e-07,0.0002954643826106129
200.9375,2.6772525743854753e-05,0.00029523978493125745,2.2304251669770396e-07,0.0002954628274479552
200.96875,0.00025852622437364144,0.000295238637984714,2.2263541731253317e-07,0.00029546127340202656
201.0,0.00028255793492135167,0.00029523749103817063,2.2222943059015233e-07,0.0002954597204687608
201.03125,2.7027509181040066e-06,0.0002952363440916272,2.218245524827063e-07,0.0002954581686441099
201.0625,0.00010873815342521229,0.00029523519714508376,2.214207789607159e-07,0.0002954566179240445
201.09375,2.6505483255938627e-05,0.0002952340501985403,2.2101810601297854e-07,0.0002954550683045533
201.125,0.0005225282752032998,0.0002952329032519969,2.2061652964646855e-07,0.00029545351978164334
201.15625,0.0010360931907516548,0.00029523175630545345,2.202160458862383e-07,0.0002954519723513397
201.1875,0.000287613489221841,0.00029523060935891,2.1981665077532075e-07,0.0002954504260096853
201.21875,2.0169265922102795e-05,0.0002952294624123666,2.1941834037463156e-07,0.0002954488807527412
201.25,0.0004577668281606719,0.00029522831546582314,2.1902111076287217e-07,0.000295447336576586
201.28125,0.0005899906626627263,0.0002952271685192797,2.1862495803643408e-07,0.00029544579347731616
201.3125,0.0002389491694673026,0.00029522602157273627,2.182298783093029e-07,0.00029544425145104554
201.34375,0.0003485338912906012,0.00029522487462619283,2.1783586771296347e-07,0.00029544271049390577
201.375,0.0002591383552078327,0.0002952237276796494,2.1744292239630523e-07,0.0002954411706020457
201.40625,0.000668381180467409,0.00029522258073310596,2.1705103852552876e-07,0.00029543963177163147
201.4375,0.0008499060211453978,0.0002952214337865625,2.1666021228405248e-07,0.00029543809399884655
201.46875,0.0004400377641256575,0.0002952202868400191,2.1627043987241963e-07,0.0002954365572798915
201.5,0.00035117435150306265,0.0002952191398934757,2.1588171750820683e-07,0.0002954350216109839
201.53125,0.00026350816836381646,0.00029521799294693227,2.1549404142593216e-07,0.0002954334869883582
201.5625,0.00012306710454678893,0.00029521684600038883,2.1510740787696428e-07,0.00029543195340826577
201.59375,0.0004654686658612481,0.0002952156990538454,2.1472181312943237e-07,0.00029543042086697485
201.625,0.00042806983170923083,0.00029521455210730196,2.143372534681361e-07,0.0002954288893607701
201.65625,0.00014860735806195623,0.0002952134051607585,2.1395372519445658e-07,0.000295427358885953
201.6875,3.446311242872745e-05,0.0002952122582142151,2.1357122462626738e-07,0.0002954258294388413
201.71875,6.972453590057902e-05,0.00029521111126767165,2.1318974809784692e-07,0.0002954243010157695
201.75,7.723489601844512e-05,0.0002952099643211282,2.1280929195979064e-07,0.000295422773613088
201.78125,0.0001469519615148915,0.0002952088173745848,2.1242985257892378e-07,0.0002954212472271637
201.8125,9.12923962125567e-05,0.00029520767042804134,2.1205142633821531e-07,0.00029541972185437955
201.84375,4.6399613701926904e-05,0.0002952065234814979,2.1167400963669188e-07,0.0002954181974911346
201.875,4.873907003798744e-05,0.00029520537653495446,2.1129759888935213e-07,0.0002954166741338438
201.90625,6.312647723167126e-05,0.00029520422958841103,2.1092219052708215e-07,0.0002954151517789381
201.9375,0.00039581318605728553,0.0002952030826418676,2.105477809965712e-07,0.00029541363042286415
201.96875,0.00033051631647634865,0.00029520193569532415,2.1017436676022728e-07,0.0002954121100620844
202.0,0.000217764324215285,0.0002952007887487807,2.098019442960946e-07,0.00029541059069307683
202.03125,0.00022886866449650835,0.00029519964180223734,2.0943051009777033e-07,0.0002954090723123351
202.0625,5.3405450320142566e-05,0.0002951984948556939,2.0906006067432237e-07,0.0002954075549163682
202.09375,4.3565862608813996e-05,0.00029519734790915046,2.086905925502076e-07,0.00029540603850170064
202.125,8.437743477241258e-05,0.000295196200962607,2.0832210226519064e-07,0.0002954045230648722
202.15625,0.00010747286371538025,0.0002951950540160636,2.0795458637426317e-07,0.00029540300860243784
202.1875,0.0001500684942235197,0.00029519390706952015,2.075880414475633e-07,0.0002954014951109677
202.21875,8.39408376871113e-05,0.0002951927601229767,2.072224640702962e-07,0.000295399982587047
202.25,7.350126834568367e-05,0.0002951916131764333,2.0685785084265468e-07,0.00029539847102727593
202.28125,0.0002793735904109654,0.00029519046622988984,2.064941983797401e-07,0.0002953969604282696
202.3125,0.00019756227919897273,0.0002951893192833464,2.061315033114844e-07,0.0002953954507866579
202.34375,5.343796337781086e-06,0.00029518817233680297,2.0576976228257226e-07,0.00029539394209908556
202.375,0.00030144291588047825,0.00029518702539025953,2.054089719523634e-07,0.0002953924343622119
202.40625,0.0005150615529394723,0.0002951858784437161,2.0504912899481596e-07,0.0002953909275727109
202.4375,0.0003627007429226602,0.00029518473149717266,2.046902300984099e-07,0.00029538942172727107
202.46875,0.0008928635950427845,0.0002951835845506292,2.0433227196607134e-07,0.0002953879168225953
202.5,0.000159458405884036,0.0002951824376040858,2.0397525131509656e-07,0.0002953864128554009
202.53125,0.00011151052524813787,0.0002951812906575424,2.036191648770774e-07,0.0002953849098224195
202.5625,9.648238751773016e-05,0.00029518014371099897,2.0326400939782667e-07,0.0002953834077203968
202.59375,0.0002443292150986181,0.00029517899676445553,2.0290978163730347e-07,0.00029538190654609286
202.625,0.00038649934165539245,0.0002951778498179121,2.0255647836954024e-07,0.00029538040629628165
202.65625,0.0002555388027396827,0.00029517670287136866,2.0220409638256919e-07,0.00029537890696775123
202.6875,8.501400215287904e-05,0.0002951755559248252,2.0185263247834925e-07,0.0002953774085573036
202.71875,0.00016429194538508874,0.0002951744089782818,2.0150208347269426e-07,0.0002953759110617545
202.75,8.250334638095519e-05,0.00029517326203173835,2.0115244619520065e-07,0.0002953744144779335
202.78125,0.0001373059321119478,0.0002951721150851949,2.0080371748917623e-07,0.00029537291880268407
202.8125,0.00012720099879659507,0.0002951709681386515,2.0045589421156873e-07,0.000295371424032863
202.84375,0.00012369759814635445,0.00029516982119210804,2.0010897323289578e-07,0.00029536993016534093
202.875,0.0011402518631197119,0.0002951686742455646,1.9976295143717427e-07,0.00029536843719700175
202.90625,0.0010440479062623143,0.00029516752729902117,1.9941782572185066e-07,0.00029536694512474304
202.9375,0.00017229235077300623,0.00029516638035247773,1.9907359299773178e-07,0.00029536545394547546
202.96875,0.00034787783679638996,0.0002951652334059343,1.987302501889159e-07,0.0002953639636561232
203.0,9.554295476033698e-05,0.00029516408645939086,1.9838779423272387e-07,0.0002953624742536236
203.03125,8.777911504580723e-05,0.0002951629395128474,1.9804622207963148e-07,0.00029536098573492705
203.0625,6.34665029641684e-05,0.00029516179256630404,1.9770553069320155e-07,0.0002953594980969972
203.09375,2.4396341192405426e-05,0.0002951606456197606,1.973657170500166e-07,0.00029535801133681063
203.125,4.879161680810058e-05,0.00029515949867321716,1.9702677813961194e-07,0.0002953565254513568
203.15625,0.00016686709660728252,0.00029515835172667373,1.9668871096440938e-07,0.0002953550404376381
203.1875,0.00023629346916922137,0.0002951572047801303,1.9635151253965095e-07,0.00029535355629266996
203.21875,1.0634194367319491e-05,0.00029515605783358686,1.9601517989333324e-07,0.00029535207301348016
203.25,1.0428471475078709e-05,0.0002951549108870434,1.956797100661422e-07,0.00029535059059710957
203.28125,8.693883150300531e-06,0.0002951537639405,1.9534510011138822e-07,0.0002953491090406114
203.3125,0.00032630498715594566,0.00029515261699395655,1.9501134709494124e-07,0.0002953476283410515
203.34375,0.0002142140222400984,0.0002951514700474131,1.9467844809516722e-07,0.00029534614849550825
203.375,2.3335951001743747e-05,0.00029515032310086967,1.9434640020286395e-07,0.00029534466950107254
203.40625,7.05398948137083e-05,0.00029514917615432624,1.940152005211979e-07,0.00029534319135484743
203.4375,0.0002778288935111698,0.0002951480292077828,1.936848461656408e-07,0.0002953417140539484
203.46875,7.446721348733972e-05,0.00029514688226123936,1.9335533426390756e-07,0.0002953402375955033
203.5,6.409710050819086e-05,0.0002951457353146959,1.9302666195589385e-07,0.00029533876197665183
203.53125,7.071528679801233e-05,0.0002951445883681525,1.9269882639361378e-07,0.0002953372871945461
203.5625,0.000231919491414482,0.0002951434414216091,1.92371824741139e-07,0.00029533581324635023
203.59375,0.0005108801686848209,0.00029514229447506567,1.9204565417453721e-07,0.0002953343401292402
203.625,0.0001701103066456843,0.00029514114752852223,1.9172031188181126e-07,0.00029533286784040407
203.65625,3.561383217349525e-05,0.0002951400005819788,1.9139579506283902e-07,0.0002953313963770416
203.6875,0.0004269603756300969,0.00029513885363543536,1.9107210092931312e-07,0.00029532992573636467
203.71875,0.0004079248618051786,0.0002951377066888919,1.9074922670468102e-07,0.0002953284559155966
203.75,9.041704477754303e-05,0.0002951365597423485,1.9042716962408609e-07,0.00029532698691197255
203.78125,9.631554246252947e-06,0.00029513541279580505,1.9010592693430825e-07,0.0002953255187227394
203.8125,6.55391915245264e-05,0.0002951342658492616,1.8978549589370547e-07,0.0002953240513451553
203.84375,1.4348440430852896e-05,0.0002951331189027182,1.8946587377215502e-07,0.00029532258477649035
203.875,0.00045047398371154924,0.00029513197195617474,1.8914705785099612e-07,0.0002953211190140257
203.90625,0.00046320032145792585,0.0002951308250096313,1.8882904542297194e-07,0.00029531965405505425
203.9375,9.578773381534654e-05,0.00029512967806308787,1.8851183379217204e-07,0.00029531818989688005
203.96875,0.00030857898564585606,0.00029512853111654443,1.8819542027397592e-07,0.0002953167265368184
204.0,0.0004773973000181606,0.000295127384170001,1.8787980219499602e-07,0.000295315263972196
204.03125,0.0005325036194204146,0.00029512623722345756,1.8756497689302137e-07,0.0002953138022003506
204.0625,0.0003270946265145749,0.0002951250902769141,1.872509417169619e-07,0.0002953123412186311
204.09375,5.7873323943476996e-05,0.00029512394333037074,1.8693769402679248e-07,0.00029531088102439755
204.125,9.761409493093006e-05,0.0002951227963838273,1.866252311934978e-07,0.0002953094216150208
204.15625,4.111370355978592e-05,0.00029512164943728387,1.863135505990171e-07,0.0002953079629878829
204.1875,0.0001873812414653623,0.00029512050249074043,1.860026496361898e-07,0.00029530650514037664
204.21875,0.000610582137520116,0.000295119355544197,1.8569252570870092e-07,0.0002953050480699057
204.25,3.573171429765182e-05,0.00029511820859765356,1.8538317623102693e-07,0.0002953035917738846
204.28125,0.00021653315728675383,0.0002951170616511101,1.8507459862838233e-07,0.0002953021362497385
204.3125,0.000324485079783763,0.0002951159147045667,1.847667903366659e-07,0.00029530068149490334
204.34375,0.00016622798755800902,0.00029511476775802325,1.844597488024077e-07,0.00029529922750682567
204.375,1.3617638342895118e-05,0.0002951136208114798,1.8415347148271625e-07,0.00029529777428296254
204.40625,0.0004645099720235068,0.0002951124738649364,1.8384795584522616e-07,0.0002952963218207816
204.4375,0.0007837943848599619,0.00029511132691839294,1.835431993680455e-07,0.000295294870117761
204.46875,0.0003116122789867928,0.0002951101799718495,1.832391995397044e-07,0.0002952934191713892
204.5,0.00014906959820563256,0.00029510903302530606,1.829359538591032e-07,0.0002952919689791652
204.53125,0.0003446132231501261,0.00029510788607876263,1.8263345983546112e-07,0.0002952905195385981
204.5625,9.51959703306757e-06,0.0002951067391322192,1.8233171498826517e-07,0.00029528907084720745
204.59375,3.512029726499532e-05,0.00029510559218567576,1.8203071684721985e-07,0.000295287622902523
204.625,0.00016313486761411602,0.00029510444523913237,1.8173046295219612e-07,0.0002952861757020846
204.65625,0.0001299612104185234,0.00029510329829258894,1.8143095085318175e-07,0.0002952847292434421
204.6875,2.1321441937064107e-05,0.0002951021513460455,1.8113217811023117e-07,0.00029528328352415573
204.71875,7.825493101365743e-05,0.00029510100439950206,1.8083414229341619e-07,0.00029528183854179546
204.75,1.7933223933092026e-05,0.0002950998574529586,1.8053684098277633e-07,0.0002952803942939414
204.78125,1.3687817702883e-05,0.0002950987105064152,1.802402717682703e-07,0.00029527895077818345
204.8125,0.00034828761221602274,0.00029509756355987175,1.799444322497268e-07,0.0002952775079921215
204.84375,0.00044839657169989803,0.0002950964166133283,1.796493200367966e-07,0.00029527606593336513
204.875,3.69796021534466e-05,0.0002950952696667849,1.7935493274890376e-07,0.00029527462459953376
204.90625,0.0004400763420282182,0.00029509412272024144,1.7906126801519832e-07,0.0002952731839882566
204.9375,0.00023928966108452296,0.000295092975773698,1.787683234745085e-07,0.0002952717440971725
204.96875,0.000916903102379688,0.00029509182882715457,1.78476096775293e-07,0.00029527030492392984
205.0,0.0005377265776766916,0.00029509068188061113,1.7818458557559463e-07,0.00029526886646618673
205.03125,4.7064283886325765e-05,0.0002950895349340677,1.778937875429929e-07,0.00029526742872161067
205.0625,0.00025579697481886916,0.00029508838798752426,1.776037003545577e-07,0.0002952659916878788
205.09375,0.0003009784826060137,0.0002950872410409808,1.773143216968031e-07,0.0002952645553626776
205.125,0.00018930052540210815,0.00029508609409443744,1.7702564926564127e-07,0.0002952631197437031
205.15625,0.00011778807210251786,0.000295084947147894,1.767376807663368e-07,0.00029526168482866036
205.1875,0.0001262068200293898,0.00029508380020135057,1.76450413913461e-07,0.00029526025061526404
205.21875,2.886086504798019e-05,0.00029508265325480713,1.761638464308469e-07,0.000295258817101238
205.25,0.00023678161204208003,0.0002950815063082637,1.7587797605154423e-07,0.00029525738428431525
205.28125,0.0003037356549759267,0.00029508035936172026,1.7559280051777458e-07,0.000295255952162238
205.3125,0.0004754257203196466,0.0002950792124151768,1.7530831758088718e-07,0.0002952545207327577
205.34375,0.0009441779770441339,0.0002950780654686334,1.7502452500131437e-07,0.0002952530899936347
205.375,0.0004801036600560658,0.00029507691852208995,1.7474142054852777e-07,0.00029525165994263847
205.40625,1.883477583627784e-05,0.0002950757715755465,1.7445900200099473e-07,0.0002952502305775475
205.4375,0.0002033631447070739,0.0002950746246290031,1.7417726714613462e-07,0.0002952488018961492
205.46875,0.00013608485615668317,0.00029507347768245964,1.7389621378027568e-07,0.0002952473738962399
205.5,3.020873642794401e-06,0.0002950723307359162,1.73615839708612e-07,0.0002952459465756248
205.53125,8.081195630897901e-05,0.00029507118378937277,1.7333614274516095e-07,0.00029524451993211793
205.5625,5.192731355961552e-05,0.00029507003684282933,1.7305712071272055e-07,0.00029524309396354207
205.59375,0.00016791784657069087,0.0002950688898962859,1.7277877144282698e-07,0.00029524166866772873
205.625,0.000601979748722468,0.00029506774294974246,1.725010927757131e-07,0.0002952402440425182
205.65625,0.000603251395171446,0.0002950665960031991,1.7222408256026613e-07,0.00029523882008575936
205.6875,0.00017796312756510489,0.00029506544905665564,1.719477386539863e-07,0.0002952373967953096
205.71875,0.00013851211406617012,0.0002950643021101122,1.7167205892294568e-07,0.00029523597416903513
205.75,0.00039133141536219605,0.00029506315516356877,1.713970412417468e-07,0.00029523455220481054
205.78125,1.3521961222114111e-05,0.00029506200821702533,1.7112268349348193e-07,0.00029523313090051883
205.8125,0.0005622968327912446,0.0002950608612704819,1.7084898356969248e-07,0.0002952317102540516
205.84375,0.0002996542344425148,0.00029505971432393846,1.7057593937032852e-07,0.0002952302902633088
205.875,0.00021785959436352472,0.000295058567377395,1.7030354880370863e-07,0.00029522887092619875
205.90625,0.0005077479329910098,0.0002950574204308516,1.700318097864799e-07,0.00029522745224063807
205.9375,0.0007392018362999516,0.00029505627348430815,1.6976072024357824e-07,0.00029522603420455173
205.96875,0.00037790162736320776,0.0002950551265377647,1.6949027810818884e-07,0.0002952246168158729
206.0,2.7454820521535433e-05,0.00029505397959122127,1.6922048132170685e-07,0.00029522320007254295
206.03125,0.00014211833350331887,0.00029505283264467784,1.6895132783369836e-07,0.00029522178397251155
206.0625,0.0001071705750673892,0.0002950516856981344,1.686828156018615e-07,0.00029522036851373625
206.09375,5.8112849535349527e-05,0.00029505053875159096,1.6841494259198772e-07,0.00029521895369418296
206.125,0.0008340118331175752,0.0002950493918050475,1.6814770677792347e-07,0.0002952175395118255
206.15625,0.0012307481033659886,0.00029504824485850414,1.6788110614153204e-07,0.00029521612596464567
206.1875,0.0009022495986842978,0.0002950470979119607,1.676151386726553e-07,0.0002952147130506334
206.21875,0.0006961489466763799,0.00029504595096541727,1.6734980236907602e-07,0.00029521330076778634
206.25,0.0008340818611569129,0.00029504480401887383,1.6708509523648047e-07,0.00029521188911411033
206.28125,0.0006098191115796016,0.0002950436570723304,1.668210152884208e-07,0.0002952104780876188
206.3125,0.00014301349365745502,0.00029504251012578696,1.665575605462778e-07,0.00029520906768633326
206.34375,3.8421758223695476e-05,0.0002950413631792435,1.6629472903922426e-07,0.0002952076579082827
206.375,6.271988563721739e-05,0.0002950402162327001,1.6603251880418794e-07,0.00029520624875150426
206.40625,0.00023340212413623069,0.00029503906928615665,1.6577092788581492e-07,0.00029520484021404247
206.4375,0.00036263206639456204,0.0002950379223396132,1.6550995433643354e-07,0.0002952034322939497
206.46875,4.1592982594321796e-05,0.0002950367753930698,1.652495962160181e-07,0.0002952020249892858
206.5,1.729422805943825e-05,0.00029503562844652634,1.649898515921526e-07,0.0002952006182981185
206.53125,0.00019949262890610092,0.0002950344814999829,1.6473071853999547e-07,0.0002951992122185229
206.5625,0.0004102210535038807,0.00029503333455343947,1.6447219514224368e-07,0.0002951978067485817
206.59375,0.0002570007332306143,0.00029503218760689603,1.6421427948909755e-07,0.00029519640188638513
206.625,0.00015037626498463745,0.0002950310406603526,1.639569696782251e-07,0.0002951949976300308
206.65625,0.00013200487857618765,0.00029502989371380916,1.6370026381472768e-07,0.0002951935939776239
206.6875,0.0001737519268089495,0.0002950287467672658,1.634441600111049e-07,0.00029519219092727687
206.71875,6.08913416071353e-05,0.00029502759982072234,1.6318865638721983e-07,0.0002951907884771096
206.75,0.0003046007132792378,0.0002950264528741789,1.629337510702648e-07,0.0002951893866252492
206.78125,0.0003579566596066887,0.00029502530592763547,1.626794421947272e-07,0.0002951879853698302
206.8125,5.788521940724938e-05,0.00029502415898109203,1.6242572790235523e-07,0.0002951865847089944
206.84375,0.00011718487931750329,0.0002950230120345486,1.6217260634212405e-07,0.00029518518464089074
206.875,0.0006429982039861894,0.00029502186508800516,1.6192007567020245e-07,0.00029518378516367536
206.90625,0.0005327280047545749,0.0002950207181414617,1.6166813404991888e-07,0.00029518238627551164
206.9375,0.00014381684745521636,0.0002950195711949183,1.614167796517283e-07,0.00029518098797457
206.96875,0.00010825150990127605,0.00029501842424837485,1.611660106531792e-07,0.00029517959025902803
207.0,0.00018212035044527802,0.0002950172773018314,1.609158252388805e-07,0.00029517819312707027
207.03125,7.84034712486109e-06,0.000295016130355288,1.6066622160046867e-07,0.00029517679657688846
207.0625,0.0002611859266515034,0.00029501498340874454,1.6041719793657537e-07,0.00029517540060668113
207.09375,0.0004999629204591626,0.0002950138364622011,1.6016875245279495e-07,0.0002951740052146539
207.125,0.0003768247914848145,0.00029501268951565766,1.599208833616519e-07,0.0002951726103990193
207.15625,0.0002953030662884119,0.00029501154256911423,1.5967358888256928e-07,0.00029517121615799677
207.1875,0.0002617045673693663,0.00029501039562257085,1.5942686724183652e-07,0.00029516982248981266
207.21875,0.00048140451622331773,0.0002950092486760274,1.5918071667257757e-07,0.0002951684293927
207.25,0.0007982585058151062,0.00029500810172948397,1.5893513541471956e-07,0.0002951670368648987
207.28125,0.000840453911841976,0.00029500695478294054,1.586901217149615e-07,0.0002951656449046555
207.3125,0.0007920890600355071,0.0002950058078363971,1.5844567382674277e-07,0.0002951642535102238
207.34375,0.0005657824213175478,0.00029500466088985366,1.582017900102121e-07,0.00029516286267986387
207.375,0.0003705028990861598,0.0002950035139433102,1.5795846853219696e-07,0.00029516147241184245
207.40625,0.0005961985311867432,0.0002950023669967668,1.5771570766617265e-07,0.00029516008270443297
207.4375,0.00020290769955431338,0.00029500122005022335,1.5747350569223156e-07,0.00029515869355591556
207.46875,6.523823130527952e-05,0.0002950000731036799,1.572318608970531e-07,0.00029515730496457697
207.5,4.6069915940875855e-05,0.0002949989261571365,1.5699077157387345e-07,0.00029515591692871033
207.53125,0.0001260386667354744,0.00029499777921059304,1.5675023602245511e-07,0.0002951545294466155
207.5625,6.465532668584054e-05,0.0002949966322640496,1.5651025254905745e-07,0.00029515314251659866
207.59375,4.3256854202805854e-05,0.00029499548531750617,1.5627081946640672e-07,0.0002951517561369726
207.625,0.00013075812253629312,0.00029499433837096273,1.5603193509366647e-07,0.0002951503703060564
207.65625,0.0007464255728653589,0.0002949931914244193,1.5579359775640814e-07,0.0002951489850221757
207.6875,0.0013588700324232094,0.00029499204447787586,1.5555580578658185e-07,0.00029514760028366246
207.71875,0.0007570740725946707,0.0002949908975313325,1.5531855752248727e-07,0.00029514621608885496
207.75,9.064534874460391e-05,0.00029498975058478904,1.5508185130874444e-07,0.00029514483243609776
207.78125,8.407316144645381e-05,0.0002949886036382456,1.5484568549626525e-07,0.0002951434493237419
207.8125,0.0001545903646285688,0.00029498745669170217,1.5461005844222474e-07,0.0002951420667501444
207.84375,0.0001031665735522192,0.00029498630974515873,1.5437496851003228e-07,0.0002951406847136688
207.875,0.00028946885142936633,0.0002949851627986153,1.5414041406930365e-07,0.0002951393032126846
207.90625,0.0007626029411423781,0.00029498401585207186,1.5390639349583254e-07,0.0002951379222455677
207.9375,0.0013114512828342926,0.0002949828689055284,1.536729051715627e-07,0.00029513654181069997
207.96875,0.0007401935742681929,0.000294981721958985,1.534399474845597e-07,0.00029513516190646954
208.0,2.0075123739849025e-05,0.00029498057501244155,1.5320751882898363e-07,0.0002951337825312705
208.03125,6.55531149511719e-05,0.0002949794280658981,1.5297561760506112e-07,0.00029513240368350316
208.0625,0.00023718925725993556,0.0002949782811193547,1.52744242219058e-07,0.00029513102536157375
208.09375,2.130393214188382e-05,0.00029497713417281124,1.52513391083252e-07,0.0002951296475638945
208.125,0.0004248823128480772,0.0002949759872262678,1.5228306261590566e-07,0.0002951282702888837
208.15625,2.2729419461545727e-05,0.00029497484027972437,1.5205325524123897e-07,0.00029512689353496563
208.1875,3.804802333267041e-05,0.00029497369333318093,1.5182396738940281e-07,0.00029512551730057036
208.21875,2.2153150351227636e-05,0.0002949725463866375,1.5159519749645215e-07,0.00029512414158413397
208.25,0.00014793820929577295,0.0002949713994400941,1.5136694400431925e-07,0.0002951227663840984
208.28125,0.00014925143907165646,0.0002949702524935507,1.5113920536078737e-07,0.00029512139169891145
208.3125,7.940633753726207e-06,0.00029496910554700724,1.5091198001946437e-07,0.0002951200175270267
208.34375,0.00018410614981341118,0.0002949679586004638,1.5068526643975654e-07,0.00029511864386690356
208.375,0.00012817345402761995,0.00029496681165392037,1.5045906308684248e-07,0.0002951172707170072
208.40625,0.00032497668814500955,0.00029496566470737693,1.5023336843164725e-07,0.0002951158980758086
208.4375,0.0001508252526319579,0.0002949645177608335,1.5000818095081663e-07,0.0002951145259417843
208.46875,0.00012066168350142882,0.00029496337081429006,1.497834991266913e-07,0.00029511315431341676
208.5,0.00020806751160370746,0.0002949622238677466,1.4955932144728146e-07,0.0002951117831891939
208.53125,7.343054527855073e-06,0.0002949610769212032,1.4933564640624144e-07,0.00029511041256760943
208.5625,3.107381672862725e-05,0.00029495992997465975,1.491124725028444e-07,0.0002951090424471626
208.59375,0.00011293678518490366,0.0002949587830281163,1.4888979824195722e-07,0.0002951076728263583
208.625,0.0003918943325536976,0.00029495763608157287,1.486676221340156e-07,0.0002951063037037069
208.65625,0.0007542747176414618,0.00029495648913502944,1.4844594269499912e-07,0.0002951049350777244
208.6875,0.000521934692578769,0.000294955342188486,1.4822475844640634e-07,0.0002951035669469324
208.71875,0.0003712827196853602,0.00029495419524194256,1.4800406791523062e-07,0.0002951021993098578
208.75,0.00037122941439784443,0.0002949530482953992,1.4778386963393536e-07,0.00029510083216503313
208.78125,0.0008821217576816226,0.00029495190134885574,1.475641621404295e-07,0.0002950994655109962
208.8125,0.00044745172062982987,0.0002949507544023123,1.473449439780438e-07,0.00029509809934629035
208.84375,0.00011994173004354654,0.00029494960745576887,1.471262136955063e-07,0.0002950967336694644
208.875,0.0005415226152942731,0.00029494846050922543,1.4690796984691844e-07,0.00029509536847907233
208.90625,0.00046049736334146204,0.000294947313562682,1.4669021099173142e-07,0.00029509400377367373
208.9375,0.0002978460956937202,0.00029494616661613856,1.4647293569472228e-07,0.00029509263955183326
208.96875,6.585279892311021e-05,0.0002949450196695951,1.462561425259703e-07,0.0002950912758121211
209.0,8.067842404146618e-05,0.0002949438727230517,1.4603983006083364e-07,0.0002950899125531125
209.03125,1.1893800787601373e-06,0.00029494272577650825,1.4582399687992597e-07,0.00029508854977338816
209.0625,0.00028792001991792305,0.0002949415788299648,1.4560864156909313e-07,0.00029508718747153393
209.09375,0.0005068612330570926,0.0002949404318834214,1.4539376271939003e-07,0.00029508582564614076
209.125,0.00012968768884140744,0.00029493928493687794,1.4517935892705774e-07,0.000295084464295805
209.15625,0.0001820304975809852,0.0002949381379903345,1.4496542879350072e-07,0.000295083103419128
209.1875,6.88478223621288e-05,0.00029493699104379107,1.4475197092526363e-07,0.0002950817430147163
209.21875,0.0003337967828392727,0.00029493584409724763,1.4453898393400914e-07,0.00029508038308118166
209.25,0.00030202434621258146,0.0002949346971507042,1.443264664364952e-07,0.0002950790236171407
209.28125,4.245974749029332e-05,0.0002949335502041608,1.4411441705455262e-07,0.00029507766462121536
209.3125,6.398629854899478e-05,0.0002949324032576174,1.4390283441506287e-07,0.00029507630609203244
209.34375,6.38467853431781e-05,0.00029493125631107394,1.4369171714993578e-07,0.0002950749480282239
209.375,1.291749699835623e-05,0.0002949301093645305,1.434810638960876e-07,0.0002950735904284266
209.40625,0.00019994633446774834,0.00029492896241798707,1.432708732954188e-07,0.00029507223329128246
209.4375,0.00010597369501843744,0.00029492781547144363,1.4306114399479255e-07,0.0002950708766154384
209.46875,0.00017585356011537163,0.0002949266685249002,1.4285187464601287e-07,0.0002950695203995462
209.5,0.0001551739716227948,0.00029492552157835676,1.4264306390580275e-07,0.00029506816464226255
209.53125,0.00017950971058498645,0.0002949243746318133,1.4243471043578304e-07,0.0002950668093422491
209.5625,0.0002373609350312601,0.0002949232276852699,1.422268129024509e-07,0.00029506545449817234
209.59375,2.3376105354111653e-05,0.00029492208073872645,1.4201936997715826e-07,0.0002950641001087036
209.625,0.000507660448040264,0.000294920933792183,1.4181238033609103e-07,0.0002950627461725191
209.65625,0.0004800606986932975,0.0002949197868456396,1.416058426602478e-07,0.00029506139268829985
209.6875,0.0002458401477782651,0.00029491863989909614,1.413997556354189e-07,0.0002950600396547316
209.71875,0.00037774845358174726,0.0002949174929525527,1.411941179521655e-07,0.0002950586870705049
209.75,0.00034861898518841883,0.00029491634600600926,1.4098892830579895e-07,0.0002950573349343151
209.78125,0.000584348697903326,0.0002949151990594659,1.407841853963601e-07,0.0002950559832448622
209.8125,0.0005062580324196841,0.00029491405211292245,1.4057988792859864e-07,0.00029505463200085106
209.84375,8.006500792598344e-05,0.000294912905166379,1.403760346119528e-07,0.00029505328120099097
209.875,0.0002784065811352503,0.0002949117582198356,1.4017262416052903e-07,0.0002950519308439961
209.90625,0.00024283363921343435,0.00029491061127329214,1.3996965529308152e-07,0.00029505058092858523
209.9375,1.335226797092427e-05,0.0002949094643267487,1.3976712673299234e-07,0.0002950492314534817
209.96875,4.959809710345154e-05,0.00029490831738020526,1.395650372082513e-07,0.0002950478824174135
210.0,0.00015256707736563597,0.0002949071704336618,1.3936338545143597e-07,0.00029504653381911324
210.03125,0.0001877883656296385,0.0002949060234871184,1.391621701996919e-07,0.0002950451856573181
210.0625,0.0001212274227277091,0.00029490487654057495,1.3896139019471292e-07,0.0002950438379307697
210.09375,0.00018706039729368744,0.0002949037295940315,1.3876104418272145e-07,0.0002950424906382142
210.125,0.0001497322937804345,0.0002949025826474881,1.3856113091444892e-07,0.00029504114377840255
210.15625,1.8492250881163536e-05,0.00029490143570094464,1.3836164914511647e-07,0.00029503979735008974
210.1875,5.2794628685781795e-05,0.0002949002887544012,1.381625976344156e-07,0.0002950384513520356
210.21875,0.00033163288268731804,0.00029489914180785777,1.3796397514648862e-07,0.00029503710578300426
210.25,0.0003071471486191987,0.00029489799486131433,1.3776578044991006e-07,0.0002950357606417642
210.28125,0.0007181926821460041,0.0002948968479147709,1.3756801231766713e-07,0.00029503441592708857
210.3125,0.0007534879187572165,0.0002948957009682275,1.3737066952714096e-07,0.00029503307163775464
210.34375,7.242523969313838e-05,0.0002948945540216841,1.3717375086008782e-07,0.0002950317277725442
210.375,0.00013348827434976848,0.00029489340707514064,1.3697725510262013e-07,0.00029503038433024325
210.40625,7.323089009491119e-06,0.0002948922601285972,1.367811810451881e-07,0.0002950290413096424
210.4375,0.00022198675069217536,0.00029489111318205377,1.3658552748256085e-07,0.0002950276987095363
210.46875,0.0002219254662895337,0.00029488996623551033,1.3639029321380805e-07,0.0002950263565287241
210.5,0.00013675710255736385,0.0002948888192889669,1.3619547704228163e-07,0.0002950250147660092
210.53125,4.3356006170863114e-06,0.00029488767234242346,1.360010777755973e-07,0.00029502367342019905
210.5625,0.00023740940517113878,0.00029488652539588,1.3580709422561645e-07,0.00029502233249010563
210.59375,0.0005821640172387218,0.0002948853784493366,1.3561352520842803e-07,0.000295020991974545
210.625,0.0002588814122820422,0.00029488423150279315,1.354203695443304e-07,0.00029501965187233746
210.65625,8.508853021519655e-05,0.0002948830845562497,1.352276260578136e-07,0.00029501831218230754
210.6875,5.276495957983601e-06,0.0002948819376097063,1.3503529357754134e-07,0.0002950169729032838
210.71875,0.0003266515378333973,0.00029488079066316284,1.3484337093633325e-07,0.0002950156340340992
210.75,0.0009778732325924845,0.0002948796437166194,1.346518569711473e-07,0.0002950142955735905
210.78125,0.00048710890400468495,0.00029487849677007597,1.3446075052306206e-07,0.00029501295752059904
210.8125,0.0008128981182661005,0.0002948773498235326,1.342700504372595e-07,0.00029501161987396983
210.84375,0.0007759648255184406,0.00029487620287698915,1.3407975556300706e-07,0.00029501028263255214
210.875,0.00031105986221223377,0.0002948750559304457,1.338898647536409e-07,0.00029500894579519935
210.90625,0.0004490976126968753,0.0002948739089839023,1.337003768665483e-07,0.00029500760936076884
210.9375,0.00015527033567765632,0.00029487276203735884,1.335112907631506e-07,0.00029500627332812196
210.96875,0.0003841305396669954,0.0002948716150908154,1.3332260530888608e-07,0.0002950049376961243
211.0,0.0004980423816013441,0.00029487046814427197,1.3313431937319319e-07,0.00029500360246364517
211.03125,0.00027122082487027877,0.00029486932119772853,1.3294643182949326e-07,0.00029500226762955805
211.0625,0.00022230917986573934,0.0002948681742511851,1.3275894155517404e-07,0.0002950009331927403
211.09375,6.456408186926659e-05,0.00029486702730464166,1.3257184743157282e-07,0.0002949995991520732
211.125,2.4184677517008057e-06,0.0002948658803580982,1.3238514834395976e-07,0.0002949982655064422
211.15625,0.0001532869406531996,0.0002948647334115548,1.3219884318152127e-07,0.0002949969322547363
211.1875,0.0006405020895367575,0.00029486358646501135,1.3201293083734373e-07,0.0002949955993958487
211.21875,0.00021227106735481526,0.0002948624395184679,1.318274102083968e-07,0.0002949942669286763
211.25,0.0008970251499952493,0.00029486129257192447,1.3164228019551725e-07,0.00029499293485212
211.28125,0.0009449169307542,0.00029486014562538104,1.314575397033927e-07,0.00029499160316508443
211.3125,0.00034677638919172185,0.0002948589986788376,1.3127318764054556e-07,0.00029499027186647813
211.34375,0.00037799803963939864,0.0002948578517322942,1.310892229193166e-07,0.00029498894095521353
211.375,0.00020842757524478417,0.0002948567047857508,1.3090564445584923e-07,0.0002949876104302066
211.40625,0.00030886444225147383,0.00029485555783920734,1.3072245117007357e-07,0.0002949862802903774
211.4375,0.0004176086497195712,0.0002948544108926639,1.3053964198569044e-07,0.0002949849505346496
211.46875,9.231117538514725e-05,0.00029485326394612047,1.3035721583015562e-07,0.0002949836211619506
211.5,0.00026697327440477326,0.00029485211699957703,1.301751716346642e-07,0.0002949822921712117
211.53125,5.4955311511647625e-05,0.0002948509700530336,1.2999350833413505e-07,0.0002949809635613677
211.5625,0.0005814061690312575,0.00029484982310649016,1.2981222486719492e-07,0.00029497963533135736
211.59375,0.00023158702432670399,0.0002948486761599467,1.296313201761634e-07,0.0002949783074801229
211.625,0.00011312183938890733,0.0002948475292134033,1.2945079320703727e-07,0.00029497698000661033
211.65625,0.0004742398494303172,0.00029484638226685985,1.2927064290947515e-07,0.00029497565290976933
211.6875,3.873332446392648e-06,0.0002948452353203164,1.2909086823678242e-07,0.0002949743261885532
211.71875,0.0001009434140458364,0.000294844088373773,1.2891146814589596e-07,0.0002949729998419189
211.75,0.00014184172929005966,0.00029484294142722954,1.287324415973689e-07,0.0002949716738688269
211.78125,0.00031019335958946574,0.0002948417944806861,1.2855378755535593e-07,0.0002949703482682415
211.8125,0.0004988408750514253,0.00029484064753414267,1.2837550498759797e-07,0.00029496902303913024
211.84375,0.0006966097999178601,0.00029483950058759923,1.2819759286540763e-07,0.00029496769818046465
211.875,0.0006414580273980008,0.00029483835364105585,1.2802005016365404e-07,0.0002949663736912195
211.90625,0.0005005105663492207,0.0002948372066945124,1.2784287586074846e-07,0.00029496504957037315
211.9375,0.00014173147716566562,0.000294836059747969,1.2766606893862938e-07,0.0002949637258169076
211.96875,0.0001061815691784731,0.00029483491280142554,1.27489628382748e-07,0.0002949624024298083
212.0,0.00016567306814374954,0.0002948337658548821,1.273135531820537e-07,0.00029496107940806416
212.03125,9.018234315223077e-07,0.00029483261890833867,1.2713784232897965e-07,0.00029495975675066763
212.0625,0.0002161294289255907,0.00029483147196179523,1.2696249481942816e-07,0.0002949584344566147
212.09375,0.00029996680523707866,0.0002948303250152518,1.2678750965275676e-07,0.00029495711252490453
212.125,4.45681866212276e-05,0.00029482917806870836,1.2661288583176365e-07,0.0002949557909545401
212.15625,2.8622857869969992e-05,0.0002948280311221649,1.2643862236267364e-07,0.0002949544697445276
212.1875,6.736636176877296e-05,0.0002948268841756215,1.2626471825512395e-07,0.0002949531488938766
212.21875,1.8103218255697162e-05,0.00029482573722907805,1.2609117252215026e-07,0.0002949518284016002
212.25,9.071972077796891e-05,0.0002948245902825346,1.2591798418017277e-07,0.0002949505082667148
212.28125,0.0001343167796585499,0.0002948234433359912,1.2574515224898204e-07,0.0002949491884882402
212.3125,0.0008042043619327429,0.00029482229638944774,1.2557267575172548e-07,0.00029494786906519946
212.34375,0.0008336035888532175,0.0002948211494429043,1.254005537148934e-07,0.0002949465499966192
212.375,0.0007048373440853426,0.0002948200024963609,1.2522878516830513e-07,0.0002949452312815292
212.40625,0.0006117917598699091,0.0002948188555498175,1.2505736914509576e-07,0.0002949439129189626
212.4375,0.00039199675961599877,0.00029481770860327405,1.2488630468170227e-07,0.00029494259490795577
212.46875,7.25344257514372e-05,0.0002948165616567306,1.2471559081785016e-07,0.00029494127724754844
212.5,5.5058799755259346e-05,0.0002948154147101872,1.2454522659653972e-07,0.00029493995993678374
212.53125,0.00030859578124331906,0.00029481426776364374,1.2437521106403312e-07,0.0002949386429747078
212.5625,0.0005840588864283191,0.0002948131208171003,1.242055432698407e-07,0.00029493732636037015
212.59375,0.0005398592203505349,0.00029481197387055686,1.2403622226670772e-07,0.0002949360100928236
212.625,0.00028970044592882213,0.0002948108269240134,1.238672471106015e-07,0.000294934694171124
212.65625,0.00018465257523787051,0.00029480967997747,1.236986168606979e-07,0.0002949333785943307
212.6875,0.001444624291223781,0.00029480853303092655,1.2353033057936842e-07,0.0002949320633615059
212.71875,0.0006040461883184537,0.0002948073860843831,1.233623873321672e-07,0.00029493074847171527
212.75,5.002760720847983e-05,0.0002948062391378397,1.2319478618781805e-07,0.0002949294339240275
212.78125,1.0700391203154336e-05,0.00029480509219129624,1.230275262182015e-07,0.00029492811971751446
212.8125,4.7205639218079584e-05,0.0002948039452447528,1.228606064983421e-07,0.00029492680585125117
212.84375,8.650519241078053e-05,0.00029480279829820937,1.226940261063955e-07,0.0002949254923243158
212.875,3.299905921344087e-05,0.00029480165135166593,1.22527784123636e-07,0.00029492417913578955
212.90625,0.0002741330834893857,0.00029480050440512255,1.2236187963444354e-07,0.000294922866284757
212.9375,5.8375141892323e-05,0.0002947993574585791,1.2219631172629135e-07,0.0002949215537703054
212.96875,0.00027478595125461175,0.0002947982105120357,1.220310794897335e-07,0.00029492024159152543
213.0,8.923760011481509e-05,0.00029479706356549224,1.2186618201839214e-07,0.0002949189297475106
213.03125,3.8924629584624826e-05,0.0002947959166189488,1.2170161840894542e-07,0.00029491761823735775
213.0625,7.713616118755926e-05,0.00029479476967240537,1.2153738776111494e-07,0.00029491630706016646
213.09375,0.0004078729283727191,0.00029479362272586193,1.2137348917765342e-07,0.00029491499621503957
213.125,0.00040767642595540717,0.0002947924757793185,1.2120992176433266e-07,0.00029491368570108283
213.15625,0.0005491319065332497,0.00029479132883277506,1.2104668462993123e-07,0.00029491237551740497
213.1875,0.0004531375846988756,0.0002947901818862316,1.2088377688622238e-07,0.00029491106566311787
213.21875,0.00027407507498440755,0.0002947890349396882,1.2072119764796193e-07,0.00029490975613733617
213.25,5.3148613609897004e-05,0.00029478788799314475,1.2055894603287634e-07,0.00029490844693917765
213.28125,0.000742284315948255,0.0002947867410466013,1.203970211616508e-07,0.00029490713806776297
213.3125,0.00044913328367636674,0.0002947855941000579,1.202354221579171e-07,0.0002949058295222158
213.34375,0.00014353529201483226,0.00029478444715351444,1.2007414814824215e-07,0.00029490452130166267
213.375,4.091252487193796e-05,0.000294783300206971,1.1991319826211593e-07,0.0002949032134052331
213.40625,0.00014677465274248524,0.0002947821532604276,1.1975257163193976e-07,0.00029490190583205956
213.4375,0.0003148986497845666,0.0002947810063138842,1.195922673930148e-07,0.0002949005985812772
213.46875,0.000227115555078028,0.00029477985936734075,1.1943228468353045e-07,0.0002948992916520243
213.5,5.6145590893787986e-05,0.0002947787124207973,1.192726226445524e-07,0.00029489798504344185
213.53125,0.000277771567675219,0.0002947775654742539,1.1911328042001166e-07,0.0002948966787546739
213.5625,0.0004609168855540787,0.00029477641852771044,1.189542571566927e-07,0.00029489537278486715
213.59375,0.0005119253791459188,0.000294775271581167,1.187955520042223e-07,0.00029489406713317123
213.625,0.001074018712267517,0.00029477412463462357,1.1863716411505798e-07,0.0002948927617987386
213.65625,0.0005035815423309807,0.00029477297768808013,1.184790926444769e-07,0.0002948914567807246
213.6875,0.0002891454572996224,0.0002947718307415367,1.1832133675056453e-07,0.00029489015207828726
213.71875,0.001113483261075902,0.00029477068379499326,1.1816389559420338e-07,0.00029488884769058747
213.75,0.0008212221183624488,0.0002947695368484498,1.1800676833906205e-07,0.00029488754361678887
213.78125,0.00016918230591062415,0.0002947683899019064,1.17849954151584e-07,0.000294886239856058
213.8125,0.00012735234794886577,0.00029476724295536295,1.1769345220097649e-07,0.00029488493640756393
213.84375,0.0002718308032984141,0.0002947660960088195,1.1753726165919975e-07,0.0002948836332704787
213.875,0.00043673512385827514,0.00029476494906227607,1.173813817009559e-07,0.00029488233044397703
213.90625,7.557153927200666e-05,0.00029476380211573264,1.1722581150367812e-07,0.0002948810279272363
213.9375,7.701757664305337e-05,0.00029476265516918925,1.170705502475198e-07,0.00029487972571943675
213.96875,0.0005727593732164917,0.0002947615082226458,1.169155971153438e-07,0.0002948784238197612
214.0,0.00021185749530305852,0.0002947603612761024,1.1676095129271168e-07,0.0002948771222273951
214.03125,0.00018066145796241076,0.00029475921432955894,1.1660661196787298e-07,0.00029487582094152683
214.0625,0.0004944160962607446,0.0002947580673830155,1.1645257833175469e-07,0.00029487451996134724
214.09375,0.00021080115586405944,0.00029475692043647207,1.1629884957795059e-07,0.00029487321928605
214.125,0.0008283128140466874,0.00029475577348992863,1.1614542490271063e-07,0.00029487191891483137
214.15625,0.0007162208104134241,0.0002947546265433852,1.159923035049307e-07,0.0002948706188468901
214.1875,0.00031410183848060917,0.00029475347959684176,1.1583948458614191e-07,0.0002948693190814279
214.21875,0.0008384117340984515,0.0002947523326502983,1.1568696735050039e-07,0.0002948680196176488
214.25,0.0009685514488231237,0.0002947511857037549,1.1553475100477677e-07,0.00029486672045475967
214.28125,0.0004060700391210221,0.00029475003875721145,1.1538283475834604e-07,0.0002948654215919698
214.3125,0.00011286796729882524,0.000294748891810668,1.1523121782317734e-07,0.0002948641230284912
214.34375,5.0366049477279484e-05,0.0002947477448641246,1.1507989941382348e-07,0.0002948628247635384
214.375,0.00030727174799671943,0.00029474659791758114,1.1492887874741108e-07,0.00029486152679632856
214.40625,0.00013576397081883006,0.0002947454509710377,1.1477815504363039e-07,0.0002948602291260813
214.4375,0.00012056794553761085,0.0002947443040244943,1.1462772752472503e-07,0.0002948589317520191
214.46875,0.0005092798564141768,0.0002947431570779509,1.1447759541548225e-07,0.00029485763467336637
214.5,0.00020725198009394834,0.00029474201013140745,1.1432775794322284e-07,0.0002948563378893507
214.53125,2.8993764462065856e-05,0.000294740863184864,1.1417821433779111e-07,0.0002948550413992018
214.5625,6.619713278362318e-05,0.0002947397162383206,1.1402896383154521e-07,0.00029485374520215213
214.59375,2.4438725544256194e-05,0.00029473856929177714,1.138800056593471e-07,0.0002948524492974365
214.625,3.7378677400381746e-05,0.0002947374223452337,1.1373133905855291e-07,0.00029485115368429223
214.65625,1.4983183399721132e-05,0.00029473627539869027,1.1358296326900308e-07,0.0002948498583619593
214.6875,0.00033444581612717837,0.00029473512845214683,1.1343487753301271e-07,0.00029484856332967984
214.71875,2.7368465142072823e-06,0.0002947339815056034,1.1328708109536196e-07,0.00029484726858669877
214.75,0.00037431395036096417,0.00029473283455905996,1.1313957320328631e-07,0.00029484597413226326
214.78125,0.00033531395371388527,0.0002947316876125165,1.1299235310646709e-07,0.000294844679965623
214.8125,0.00031389421044945495,0.0002947305406659731,1.1284542005702194e-07,0.0002948433860860301
214.84375,0.0011012294480779597,0.00029472939371942965,1.1269877330949524e-07,0.00029484209249273913
214.875,0.0005962773194929402,0.0002947282467728862,1.1255241212084885e-07,0.00029484079918500706
214.90625,2.33610232984432e-05,0.0002947270998263428,1.124063357504525e-07,0.0002948395061620932
214.9375,0.00034722840697704255,0.00029472595287979934,1.1226054346007463e-07,0.00029483821342325944
214.96875,0.0008959197718168182,0.00029472480593325596,1.1211503451387285e-07,0.00029483692096776985
215.0,0.0008327276167176652,0.0002947236589867125,1.1196980817838499e-07,0.0002948356287948909
215.03125,0.00010537321653728667,0.0002947225120401691,1.1182486372251956e-07,0.0002948343369038916
215.0625,0.00027233685703630697,0.00029472136509362565,1.116802004175467e-07,0.0002948330452940432
215.09375,0.0001820535444463708,0.0002947202181470822,1.1153581753708906e-07,0.0002948317539646193
215.125,3.112898574527487e-05,0.0002947190712005388,1.1139171435711271e-07,0.00029483046291489586
215.15625,0.00034353411161584915,0.00029471792425399534,1.1124789015591792e-07,0.00029482917214415123
215.1875,0.00031498284695828123,0.0002947167773074519,1.1110434421413032e-07,0.000294827881651666
215.21875,0.00043093940046681376,0.00029471563036090846,1.109610758146919e-07,0.00029482659143672315
215.25,0.0004750970627205598,0.000294714483414365,1.1081808424285184e-07,0.0002948253014986079
215.28125,0.0002198326167492555,0.0002947133364678216,1.1067536878615799e-07,0.00029482401183660777
215.3125,9.709828959440277e-06,0.00029471218952127815,1.105329287344477e-07,0.0002948227224500126
215.34375,0.00016567468848502028,0.0002947110425747347,1.1039076337983915e-07,0.00029482143333811454
215.375,0.00020952154763345942,0.0002947098956281913,1.1024887201672245e-07,0.000294820144500208
215.40625,0.00026302009026964244,0.00029470874868164784,1.1010725394175106e-07,0.00029481885593558957
215.4375,0.00032386852475791366,0.0002947076017351044,1.09965908453833e-07,0.00029481756764355825
215.46875,2.8440990067650943e-05,0.00029470645478856097,1.098248348541221e-07,0.00029481627962341507
215.5,2.3960555251206024e-05,0.0002947053078420176,1.0968403244600955e-07,0.0002948149918744636
215.53125,6.230605509468886e-05,0.00029470416089547415,1.0954350053511521e-07,0.0002948137043960093
215.5625,7.556849660968384e-05,0.0002947030139489307,1.0940323842927906e-07,0.00029481241718736
215.59375,0.00012051429424712323,0.0002947018670023873,1.092632454385527e-07,0.00029481113024782584
215.625,4.759486285836087e-05,0.00029470072005584384,1.0912352087519095e-07,0.00029480984357671905
215.65625,0.00018023984135891226,0.0002946995731093004,1.0898406405364334e-07,0.00029480855717335403
215.6875,0.00015781400055123635,0.00029469842616275697,1.0884487429054563e-07,0.0002948072710370475
215.71875,1.2846245069406141e-05,0.00029469727921621353,1.0870595090471167e-07,0.0002948059851671182
215.75,1.9847835262370247e-05,0.0002946961322696701,1.0856729321712494e-07,0.00029480469956288724
215.78125,2.1024629173013525e-05,0.00029469498532312666,1.0842890055093025e-07,0.0002948034142236776
215.8125,0.00010249506165021063,0.0002946938383765832,1.0829077223142551e-07,0.0002948021291488146
215.84375,0.0008234452515910001,0.0002946926914300398,1.0815290758605367e-07,0.0002948008443376258
215.875,0.0004152193368382421,0.00029469154448349635,1.0801530594439422e-07,0.00029479955978944076
215.90625,0.0002193733785334338,0.0002946903975369529,1.0787796663815537e-07,0.00029479827550359106
215.9375,0.00020047171549172422,0.0002946892505904095,1.0774088900116583e-07,0.0002947969914794106
215.96875,0.0001540262776328337,0.00029468810364386604,1.076040723693667e-07,0.0002947957077162354
216.0,0.0002660729423221227,0.00029468695669732266,1.0746751608080347e-07,0.00029479442421340347
216.03125,0.000312142849736548,0.0002946858097507792,1.0733121947561806e-07,0.00029479314097025485
216.0625,3.3557791109436624e-05,0.0002946846628042358,1.0719518189604087e-07,0.0002947918579861318
216.09375,5.834540754163315e-05,0.00029468351585769235,1.0705940268638269e-07,0.00029479057526037874
216.125,0.00022860026825993876,0.0002946823689111489,1.0692388119302709e-07,0.0002947892927923419
216.15625,0.00013726853829178684,0.0002946812219646055,1.067886167644224e-07,0.0002947880105813699
216.1875,0.00010420529543316904,0.00029468007501806204,1.0665360875107377e-07,0.00029478672862681313
216.21875,0.0003390793894530371,0.0002946789280715186,1.0651885650553568e-07,0.00029478544692802415
216.25,0.00027336520673220364,0.00029467778112497517,1.0638435938240401e-07,0.0002947841654843576
216.28125,5.8369682781713306e-05,0.00029467663417843173,1.0625011673830827e-07,0.00029478288429517
216.3125,4.820684541255358e-05,0.0002946754872318883,1.0611612793190405e-07,0.0002947816033598202
216.34375,0.00018837335775027096,0.00029467434028534486,1.0598239232386533e-07,0.00029478032267766873
216.375,0.00022605597482732966,0.0002946731933388014,1.0584890927687686e-07,0.0002947790422480783
216.40625,0.00018685679195287936,0.000294672046392258,1.0571567815562648e-07,0.0002947777620704136
216.4375,0.0008522758626470639,0.00029467089944571455,1.0558269832679777e-07,0.00029477648214404134
216.46875,0.0010342345809557386,0.0002946697524991711,1.054499691590624e-07,0.0002947752024683302
216.5,0.0005315580717685991,0.0002946686055526277,1.0531749002307263e-07,0.00029477392304265074
216.53125,0.0006329683964215451,0.0002946674586060843,1.0518526029145394e-07,0.00029477264386637575
216.5625,0.0005638178667544138,0.00029466631165954085,1.0505327933879766e-07,0.00029477136493887967
216.59375,0.00032733094209647356,0.0002946651647129974,1.0492154654165332e-07,0.0002947700862595391
216.625,4.671281648170289e-05,0.000294664017766454,1.0479006127852168e-07,0.0002947688078277325
216.65625,9.784154008861657e-05,0.00029466287081991054,1.046588229298471e-07,0.0002947675296428404
216.6875,0.00013625667467340768,0.0002946617238733671,1.0452783087801044e-07,0.00029476625170424514
216.71875,0.0002944167203260321,0.00029466057692682367,1.0439708450732164e-07,0.000294764974011331
216.75,3.015916472720592e-06,0.00029465942998028023,1.042665832040127e-07,0.00029476369656348427
216.78125,0.0003823815831655847,0.0002946582830337368,1.0413632635623031e-07,0.00029476241936009305
216.8125,0.000282561383508038,0.00029465713608719336,1.0400631335402877e-07,0.0002947611424005474
216.84375,1.2669033513957312e-05,0.0002946559891406499,1.0387654358936283e-07,0.0002947598656842393
216.875,3.4611787478274054e-05,0.0002946548421941065,1.0374701645608066e-07,0.00029475858921056256
216.90625,7.583879498768991e-06,0.00029465369524756305,1.0361773134991665e-07,0.00029475731297891295
216.9375,0.00014167564273076744,0.0002946525483010196,1.0348868766848455e-07,0.0002947560369886881
216.96875,0.0002824687844909023,0.0002946514013544762,1.033598848112703e-07,0.00029475476123928747
217.0,4.1502495274938964e-05,0.00029465025440793274,1.0323132217962513e-07,0.00029475348573011236
217.03125,2.5249098312430928e-05,0.00029464910746138936,1.031029991767586e-07,0.00029475221046056614
217.0625,0.00018926072520723984,0.0002946479605148459,1.0297491520773172e-07,0.00029475093543005366
217.09375,2.0002968061354402e-05,0.0002946468135683025,1.0284706967945005e-07,0.00029474966063798195
217.125,0.0013417021146659579,0.00029464566662175905,1.0271946200065673e-07,0.0002947483860837597
217.15625,0.0023661872203444624,0.0002946445196752156,1.0259209158192584e-07,0.0002947471117667975
217.1875,0.0013086036499068907,0.0002946433727286722,1.0246495783565554e-07,0.00029474583768650784
217.21875,0.0004048434891652385,0.00029464222578212874,1.0233806017606115e-07,0.0002947445638423048
217.25,6.645839533235797e-05,0.0002946410788355853,1.0221139801916868e-07,0.0002947432902336045
217.28125,0.0003291934834639748,0.00029463993188904187,1.0208497078280792e-07,0.0002947420168598247
217.3125,0.0012020023133198698,0.00029463878494249843,1.0195877788660579e-07,0.000294740743720385
217.34375,0.0010750187280386123,0.000294637637995955,1.018328187519798e-07,0.00029473947081470696
217.375,0.0002383706500228124,0.00029463649104941156,1.0170709280213127e-07,0.0002947381981422137
217.40625,0.00012987398890879802,0.0002946353441028681,1.015815994620389e-07,0.00029473692570233014
217.4375,0.000566913944562346,0.0002946341971563247,1.0145633815845205e-07,0.00029473565349448315
217.46875,0.0004334477600695178,0.00029463305020978125,1.0133130831988427e-07,0.00029473438151810113
217.5,4.493500140362227e-05,0.0002946319032632378,1.0120650937660688e-07,0.00029473310977261443
217.53125,0.0002104934420479556,0.0002946307563166944,1.0108194076064231e-07,0.000294731838257455
217.5625,0.00028266400556199316,0.000294629609370151,1.0095760190575776e-07,0.00029473056697205675
217.59375,0.00020530546408177025,0.00029462846242360756,1.0083349224745885e-07,0.000294729295915855
217.625,3.7373454622852564e-05,0.0002946273154770641,1.0070961122298294e-07,0.0002947280250882871
217.65625,0.000363361888048627,0.0002946261685305207,1.0058595827129313e-07,0.00029472675448879196
217.6875,0.0001855749115053037,0.00029462502158397725,1.0046253283307165e-07,0.0002947254841168103
217.71875,0.0004879638444785621,0.0002946238746374338,1.0033933435071365e-07,0.0002947242139717845
217.75,0.00022666755335692796,0.0002946227276908904,1.0021636226832087e-07,0.0002947229440531587
217.78125,0.0002880854657507096,0.00029462158074434694,1.0009361603169538e-07,0.00029472167436037864
217.8125,0.0007613599604499583,0.0002946204337978035,9.997109508833346e-08,0.00029472040489289184
217.84375,0.0002321016880902871,0.00029461928685126006,9.984879888741918e-08,0.0002947191356501475
217.875,0.000116006652768909,0.0002946181399047166,9.972672687981837e-08,0.00029471786663159646
217.90625,0.0003117415571838787,0.0002946169929581732,9.960487851807249e-08,0.0002947165978366913
217.9375,0.0007335072356148413,0.00029461584601162975,9.948325325639234e-08,0.00029471532926488616
217.96875,0.00040733534820793584,0.0002946146990650863,9.93618505506521e-08,0.00029471406091563697
218.0,0.00044327743219427554,0.0002946135521185429,9.924066985838325e-08,0.00029471279278840126
218.03125,0.00024868565730726136,0.00029461240517199944,9.911971063876839e-08,0.00029471152488263824
218.0625,9.7493206798158e-05,0.00029461125822545606,9.899897235263536e-08,0.0002947102571978087
218.09375,0.00019720832353266711,0.0002946101112789126,9.887845446245118e-08,0.0002947089897333751
218.125,5.138620968622213e-05,0.0002946089643323692,9.875815643231606e-08,0.0002947077224888015
218.15625,0.0005279052778093419,0.00029460781738582575,9.863807772795747e-08,0.0002947064554635537
218.1875,0.0003950400034606293,0.0002946066704392823,9.851821781672422e-08,0.00029470518865709904
218.21875,0.0005558696183061556,0.0002946055234927389,9.839857616758055e-08,0.00029470392206890647
218.25,0.00031411339251091714,0.00029460437654619544,9.827915225110026e-08,0.00029470265569844653
218.28125,6.994516438612518e-05,0.000294603229599652,9.815994553946087e-08,0.0002947013895451915
218.3125,0.0003679590023497072,0.00029460208265310857,9.804095550643782e-08,0.000294700123608615
218.34375,0.000609524509050322,0.00029460093570656513,9.792218162739855e-08,0.00029469885788819254
218.375,0.00039226854747979927,0.0002945997887600217,9.780362337929691e-08,0.000294697592383401
218.40625,2.4809945316848524e-05,0.00029459864181347826,9.768528024066727e-08,0.0002946963270937189
218.4375,3.1402129813771944e-05,0.0002945974948669348,9.756715169161887e-08,0.00029469506201862644
218.46875,8.546186830969326e-05,0.0002945963479203914,9.744923721383004e-08,0.00029469379715760523
218.5,0.0002506564024547925,0.00029459520097384795,9.73315362905426e-08,0.0002946925325101385
218.53125,0.0002349607403907309,0.0002945940540273045,9.721404840655619e-08,0.00029469126807571107
218.5625,0.0004219201112980503,0.0002945929070807611,9.709677304822259e-08,0.0002946900038538093
218.59375,0.0003486735702674461,0.0002945917601342177,9.697970970344017e-08,0.00029468873984392113
218.625,1.329177414564105e-05,0.00029459061318767426,9.686285786164831e-08,0.0002946874760455359
218.65625,0.00013799488946619428,0.0002945894662411308,9.674621701382174e-08,0.00029468621245814467
218.6875,0.0004778609363577623,0.0002945883192945874,9.662978665246518e-08,0.00029468494908123984
218.71875,0.0020843473062970856,0.00029458717234804395,9.651356627160767e-08,0.00029468368591431554
218.75,0.002170595678355456,0.0002945860254015005,9.639755536679716e-08,0.00029468242295686733
218.78125,0.000330069359067634,0.0002945848784549571,9.628175343509501e-08,0.00029468116020839216
218.8125,3.986371420575721e-05,0.00029458373150841364,9.616615997507055e-08,0.00029467989766838873
218.84375,2.6298766454793223e-05,0.0002945825845618702,9.605077448679574e-08,0.000294678635336357
218.875,1.666140093508872e-05,0.00029458143761532677,9.59355964718396e-08,0.0002946773732117986
218.90625,4.726573755353881e-05,0.00029458029066878333,9.582062543326298e-08,0.0002946761112942166
218.9375,6.8447089252872144e-06,0.0002945791437222399,9.570586087561323e-08,0.0002946748495831155
218.96875,0.00015211688288919574,0.00029457799677569646,9.559130230491869e-08,0.00029467358807800135
219.0,6.150452667661588e-05,0.000294576849829153,9.547694922868356e-08,0.0002946723267783817
219.03125,1.8663068270472365e-05,0.0002945757028826096,9.536280115588254e-08,0.0002946710656837655
219.0625,3.75280052727263e-05,0.00029457455593606615,9.524885759695557e-08,0.0002946698047936631
219.09375,3.0528772193925735e-05,0.0002945734089895227,9.51351180638026e-08,0.0002946685441075865
219.125,0.00015440697912653712,0.00029457226204297933,9.502158206977836e-08,0.0002946672836250491
219.15625,0.00041523414101748355,0.0002945711150964359,9.490824912968717e-08,0.00029466602334556557
219.1875,6.444570598888971e-05,0.00029456996814989245,9.479511875977774e-08,0.00029466476326865226
219.21875,0.0006281955264262354,0.000294568821203349,9.468219047773805e-08,0.00029466350339382675
219.25,0.000746926180672843,0.0002945676742568056,9.45694638026902e-08,0.00029466224372060826
219.28125,0.00025618300620646817,0.00029456652731026214,9.445693825518527e-08,0.00029466098424851735
219.3125,0.0003965590589837271,0.0002945653803637187,9.434461335719831e-08,0.0002946597249770759
219.34375,0.0001226113117342311,0.00029456423341717527,9.423248863212318e-08,0.0002946584659058074
219.375,0.0008666073591818384,0.00029456308647063183,9.412056360476751e-08,0.0002946572070342366
219.40625,0.0008523676776516698,0.0002945619395240884,9.400883780134777e-08,0.00029465594836188973
219.4375,0.00033129796909851637,0.00029456079257754496,9.389731074948413e-08,0.00029465468988829443
219.46875,0.00013444625164742345,0.0002945596456310015,9.37859819781956e-08,0.0002946534316129797
219.5,1.7403025481127973e-05,0.0002945584986844581,9.367485101789489e-08,0.000294652173535476
219.53125,4.8682848083233664e-05,0.00029455735173791465,9.356391740038369e-08,0.00029465091565531506
219.5625,4.701128095614882e-05,0.0002945562047913712,9.34531806588476e-08,0.00029464965797203007
219.59375,7.067450309589362e-05,0.0002945550578448278,9.334264032785119e-08,0.0002946484004851556
219.625,0.00045850526878557393,0.0002945539108982844,9.323229594333327e-08,0.00029464714319422773
219.65625,0.0007295391830502103,0.00029455276395174096,9.312214704260189e-08,0.00029464588609878355
219.6875,0.0018132163829215112,0.0002945516170051975,9.301219316432955e-08,0.00029464462919836186
219.71875,0.0009836422283100471,0.0002945504700586541,9.290243384854837e-08,0.00029464337249250264
219.75,0.00020331158333751964,0.00029454932311211065,9.279286863664532e-08,0.0002946421159807473
219.78125,0.00042502460547965554,0.0002945481761655672,9.268349707135731e-08,0.0002946408596626386
219.8125,0.0005378726527679705,0.0002945470292190238,9.257431869676664e-08,0.00029463960353772053
219.84375,9.853248935909632e-05,0.00029454588227248034,9.246533305829603e-08,0.00029463834760553865
219.875,7.4293507812024574e-06,0.0002945447353259369,9.235653970270406e-08,0.0002946370918656396
219.90625,0.00024172465396078534,0.00029454358837939347,9.224793817808036e-08,0.0002946358363175715
219.9375,0.0002914455638608101,0.00029454244143285003,9.213952803384098e-08,0.0002946345809608839
219.96875,3.657583955217492e-05,0.0002945412944863066,9.203130882072375e-08,0.0002946333257951273
220.0,2.013827572427038e-06,0.00029454014753976316,9.192328009078347e-08,0.00029463207081985396
220.03125,0.0001779376153737106,0.0002945390005932197,9.181544139738754e-08,0.0002946308160346171
220.0625,0.0003165102789600228,0.0002945378536466763,9.170779229521113e-08,0.0002946295614389715
220.09375,9.32623926534132e-05,0.00029453670670013285,9.160033234023265e-08,0.0002946283070324731
220.125,3.216244130735115e-05,0.0002945355597535894,9.149306108972924e-08,0.00029462705281467917
220.15625,0.0001669055576728555,0.00029453441280704603,9.138597810227216e-08,0.0002946257987851483
220.1875,0.0004959256818561307,0.0002945332658605026,9.127908293772226e-08,0.0002946245449434403
220.21875,0.000272157735347781,0.00029453211891395916,9.11723751572255e-08,0.0002946232912891164
220.25,0.00011831314749570673,0.0002945309719674157,9.106585432320831e-08,0.00029462203782173893
220.28125,0.0001868049056927039,0.0002945298250208723,9.095951999937334e-08,0.00029462078454087166
220.3125,0.0003936899321043254,0.00029452867807432885,9.085337175069484e-08,0.00029461953144607956
220.34375,0.0002756218531159244,0.0002945275311277854,9.074740914341426e-08,0.00029461827853692884
220.375,0.00013922900617046482,0.000294526384181242,9.064163174503576e-08,0.000294617025812987
220.40625,0.0001721578120179638,0.00029452523723469854,9.053603912432198e-08,0.0002946157732738229
220.4375,0.00010263867572217104,0.0002945240902881551,9.043063085128947e-08,0.0002946145209190064
220.46875,0.0002144529859366499,0.00029452294334161166,9.032540649720428e-08,0.0002946132687481089
220.5,0.00021667275720827845,0.0002945217963950682,9.022036563457785e-08,0.00029461201676070283
220.53125,1.2823808678204166e-06,0.0002945206494485248,9.01155078371625e-08,0.000294610764956362
220.5625,1.2779413755675755e-05,0.00029451950250198135,9.00108326799471e-08,0.0002946095133346613
220.59375,3.58400076910414e-05,0.0002945183555554379,8.990633973915286e-08,0.00029460826189517706
220.625,4.969905952425984e-05,0.0002945172086088945,8.980202859222898e-08,0.0002946070106374867
220.65625,0.00012543904556976948,0.0002945160616623511,8.96978988178483e-08,0.00029460575956116893
220.6875,0.00046172724599228713,0.00029451491471580766,8.959394999590332e-08,0.00029460450866580356
220.71875,0.0005562892483709886,0.0002945137677692642,8.949018170750171e-08,0.0002946032579509717
220.75,0.0003596182450017062,0.0002945126208227208,8.938659353496218e-08,0.00029460200741625574
220.78125,0.00020030684463427653,0.00029451147387617735,8.928318506181031e-08,0.00029460075706123917
220.8125,0.00028128004800219983,0.0002945103269296339,8.917995587277436e-08,0.0002945995068855067
220.84375,3.843926475228408e-05,0.0002945091799830905,8.90769055537811e-08,0.0002945982568886443
220.875,5.0015927159426675e-05,0.00029450803303654704,8.897403369195154e-08,0.000294597007070239
220.90625,6.106348767636473e-05,0.0002945068860900036,8.887133987559707e-08,0.0002945957574298792
220.9375,3.975639912710958e-05,0.00029450573914346017,8.87688236942151e-08,0.00029459450796715436
220.96875,1.40484531749097e-05,0.00029450459219691673,8.86664847384851e-08,0.0002945932586816552
221.0,8.615393712699243e-07,0.0002945034452503733,8.856432260026444e-08,0.0002945920095729736
221.03125,7.347295367089359e-05,0.00029450229830382986,8.846233687258439e-08,0.00029459076064070245
221.0625,1.1762947599006753e-05,0.0002945011513572864,8.836052714964606e-08,0.0002945895118844361
221.09375,2.2470986272508677e-05,0.000294500004410743,8.825889302681625e-08,0.0002945882633037698
221.125,6.779969409757214e-05,0.00029449885746419955,8.815743410062361e-08,0.00029458701489830017
221.15625,8.27783001922924e-05,0.0002944977105176561,8.805614996875458e-08,0.0002945857666676249
221.1875,0.0003244405611529589,0.00029449656357111273,8.795504023004939e-08,0.0002945845186113428
221.21875,0.0006011625059870421,0.0002944954166245693,8.785410448449805e-08,0.00029458327072905377
221.25,0.00026690203611406206,0.00029449426967802586,8.775334233323653e-08,0.0002945820230203591
221.28125,0.00013247462133786331,0.0002944931227314824,8.765275337854256e-08,0.00029458077548486097
221.3125,0.00041688271732151635,0.000294491975784939,8.755233722383212e-08,0.0002945795281221628
221.34375,0.0006410299780380964,0.00029449082883839555,8.745209347365515e-08,0.0002945782809318692
221.375,0.0004562259386192019,0.0002944896818918521,8.735202173369184e-08,0.00029457703391358583
221.40625,0.00034955867876325933,0.0002944885349453087,8.725212161074879e-08,0.00029457578706691944
221.4375,0.0002711498238097052,0.00029448738799876524,8.715239271275507e-08,0.000294574540391478
221.46875,1.26764523543189e-06,0.0002944862410522218,8.705283464875839e-08,0.0002945732938868706
221.5,0.00025125660869851785,0.00029448509410567837,8.695344702892124e-08,0.00029457204755270727
221.53125,0.00024577902569333814,0.00029448394715913493,8.68542294645172e-08,0.00029457080138859944
221.5625,9.026417968967543e-05,0.0002944828002125915,8.675518156792709e-08,0.00029456955539415943
221.59375,0.00036101841359175975,0.00029448165326604806,8.665630295263506e-08,0.0002945683095690007
221.625,0.0004748752635231395,0.0002944805063195046,8.655759323322508e-08,0.00029456706391273787
221.65625,0.00014460920718504361,0.0002944793593729612,8.645905202537692e-08,0.0002945658184249866
221.6875,0.0006497208848446251,0.0002944782124264178,8.636067894586253e-08,0.00029456457310536366
221.71875,0.0009345835628172002,0.00029447706547987436,8.626247361254241e-08,0.0002945633279534869
221.75,0.0006614225574655109,0.00029447591853333093,8.616443564436178e-08,0.0002945620829689753
221.78125,0.0004506882930337126,0.0002944747715867875,8.606656466134692e-08,0.0002945608381514488
221.8125,0.000606681998827177,0.00029447362464024405,8.596886028460147e-08,0.0002945595935005287
221.84375,0.00124064425246015,0.0002944724776937006,8.587132213630287e-08,0.0002945583490158369
221.875,0.0011071122746760045,0.0002944713307471572,8.577394983969859e-08,0.0002945571046969969
221.90625,0.0003280563572021082,0.00029447018380061374,8.56767430191025e-08,0.00029455586054363283
221.9375,0.0001231641502908434,0.0002944690368540703,8.557970129989138e-08,0.0002945546165553702
221.96875,0.0001543121301008499,0.00029446788990752687,8.548282430850116e-08,0.0002945533727318354
222.0,0.00030271756363571854,0.00029446674296098343,8.538611167242344e-08,0.00029455212907265584
222.03125,0.00038356010957994963,0.00029446559601444,8.52895630202019e-08,0.0002945508855774602
222.0625,0.000441050902993968,0.00029446444906789656,8.519317798142862e-08,0.00029454964224587797
222.09375,0.00024669191798374864,0.0002944633021213531,8.509695618674073e-08,0.00029454839907753984
222.125,0.0005699857708853701,0.0002944621551748097,8.500089726781663e-08,0.0002945471560720775
222.15625,0.00039866406874691595,0.00029446100822826625,8.490500085737274e-08,0.0002945459132291236
222.1875,0.0006272726106218345,0.0002944598612817228,8.480926658915979e-08,0.00029454467054831196
222.21875,0.0005129962093954059,0.00029445871433517943,8.471369409795943e-08,0.0002945434280292774
222.25,0.0002522853332599408,0.000294457567388636,8.461828301958069e-08,0.0002945421856716556
222.28125,0.0005000052483306097,0.00029445642044209256,8.45230329908566e-08,0.0002945409434750834
222.3125,0.0008044510202062483,0.0002944552734955491,8.442794364964057e-08,0.00029453970143919874
222.34375,0.0003871523581897384,0.0002944541265490057,8.433301463480317e-08,0.0002945384595636405
222.375,4.355025257777721e-05,0.00029445297960246225,8.423824558622854e-08,0.00029453721784804845
222.40625,0.00023931604321708664,0.0002944518326559188,8.414363614481109e-08,0.00029453597629206364
222.4375,0.0012234206649638494,0.0002944506857093754,8.404918595245199e-08,0.00029453473489532786
222.46875,0.00045003252776535036,0.00029444953876283194,8.39548946520559e-08,0.000294533493657484
222.5,0.0002610787533231324,0.0002944483918162885,8.386076188752752e-08,0.00029453225257817606
222.53125,8.531267093510732e-05,0.00029444724486974507,8.376678730376823e-08,0.0002945310116570488
222.5625,0.00021723192023680534,0.00029444609792320163,8.36729705466728e-08,0.00029452977089374833
222.59375,0.0007183267121754612,0.0002944449509766582,8.357931126312605e-08,0.00029452853028792133
222.625,0.0005713308959003821,0.00029444380403011476,8.348580910099946e-08,0.0002945272898392158
222.65625,0.0001474920919885673,0.0002944426570835713,8.339246370914796e-08,0.0002945260495472805
222.6875,7.326714048494138e-05,0.0002944415101370279,8.329927473740662e-08,0.0002945248094117653
222.71875,0.0001244152133081673,0.00029444036319048445,8.32062418365872e-08,0.00029452356943232105
222.75,5.598005755582332e-05,0.00029443921624394107,8.311336465847518e-08,0.00029452232960859955
222.78125,2.122129429323378e-05,0.00029443806929739763,8.30206428558263e-08,0.00029452108994025344
222.8125,0.00023060853797654343,0.0002944369223508542,8.292807608236334e-08,0.00029451985042693653
222.84375,0.00040991961747369524,0.00029443577540431076,8.283566399277298e-08,0.0002945186110683035
222.875,6.532105769846533e-05,0.0002944346284577673,8.274340624270243e-08,0.00029451737186401
222.90625,5.498416450926353e-06,0.0002944334815112239,8.265130248875646e-08,0.00029451613281371265
222.9375,4.9595400576223344e-05,0.00029443233456468045,8.255935238849388e-08,0.00029451489391706895
222.96875,0.00034273855762202124,0.000294431187618137,8.24675556004247e-08,0.0002945136551737374
223.0,0.00039701376593267095,0.0002944300406715936,8.237591178400678e-08,0.0002945124165833776
223.03125,0.00027457288004939913,0.00029442889372505014,8.228442059964267e-08,0.0002945111781456498
223.0625,0.0005633963527928582,0.0002944277467785067,8.21930817086765e-08,0.00029450993986021535
223.09375,0.0010907485702904719,0.00029442659983196326,8.210189477339091e-08,0.00029450870172673663
223.125,0.0014803440645052212,0.00029442545288541983,8.201085945700388e-08,0.0002945074637448768
223.15625,0.0009389831250734496,0.0002944243059388764,8.19199754236655e-08,0.00029450622591430006
223.1875,0.00019666569216101283,0.00029442315899233295,8.182924233845512e-08,0.0002945049882346714
223.21875,0.0006124036955894563,0.0002944220120457895,8.173865986737812e-08,0.0002945037507056569
223.25,0.0010059566495726213,0.00029442086509924614,8.16482276773628e-08,0.0002945025133269235
223.28125,7.556788025286556e-05,0.0002944197181527027,8.155794543625751e-08,0.00029450127609813894
223.3125,5.334786562592374e-05,0.00029441857120615926,8.146781281282738e-08,0.0002945000390189721
223.34375,0.00011808754872516144,0.0002944174242596158,8.137782947675136e-08,0.0002944988020890926
223.375,0.0004898009072954939,0.0002944162773130724,8.128799509861932e-08,0.000294497565308171
223.40625,0.0003130587901834426,0.00029441513036652895,8.119830934992888e-08,0.0002944963286758789
223.4375,5.425509911615249e-06,0.0002944139834199855,8.110877190308249e-08,0.0002944950921918886
223.46875,5.045098345186586e-05,0.0002944128364734421,8.101938243138442e-08,0.0002944938558558735
223.5,9.664994150335424e-06,0.00029441168952689864,8.093014060903776e-08,0.00029449261966750767
223.53125,0.0004367639932445533,0.0002944105425803552,8.084104611114159e-08,0.00029449138362646634
223.5625,0.0007923182532656432,0.00029440939563381177,8.075209861368772e-08,0.0002944901477324255
223.59375,0.0006571079810833754,0.00029440824868726833,8.066329779355812e-08,0.0002944889119850619
223.625,0.0006727824356135098,0.0002944071017407249,8.057464332852175e-08,0.00029448767638405344
223.65625,0.0004685874612196045,0.00029440595479418146,8.04861348972317e-08,0.0002944864409290787
223.6875,0.0007222258103628415,0.000294404807847638,8.03977721792223e-08,0.00029448520561981727
223.71875,0.00019520836804397205,0.0002944036609010946,8.030955485490624e-08,0.0002944839704559495
223.75,0.0002024726650920793,0.00029440251395455115,8.022148260557156e-08,0.00029448273543715675
223.78125,0.00015081230498363812,0.00029440136700800777,8.013355511337892e-08,0.00029448150056312115
223.8125,0.0003842278927723806,0.00029440022006146433,8.00457720613587e-08,0.00029448026583352567
223.84375,0.00035184932300032126,0.0002943990731149209,7.995813313340814e-08,0.0002944790312480543
223.875,0.0003015000467698282,0.00029439792616837746,7.987063801428844e-08,0.0002944777968063917
223.90625,0.0002592816083933177,0.000294396779221834,7.9783286389622e-08,0.00029447656250822365
223.9375,0.0010161654496858965,0.0002943956322752906,7.96960779458896e-08,0.00029447532835323646
223.96875,0.000226000175219702,0.00029439448532874715,7.960901237042744e-08,0.0002944740943411176
224.0,0.0001298016698857441,0.0002943933383822037,7.952208935142466e-08,0.0002944728604715551
224.03125,1.601502439299812e-06,0.0002943921914356603,7.943530857792019e-08,0.0002944716267442382
224.0625,7.552981502562876e-05,0.00029439104448911684,7.934866973980024e-08,0.0002944703931588566
224.09375,0.0002584031852345696,0.0002943898975425734,7.926217252779539e-08,0.0002944691597151012
224.125,0.0006554440602829554,0.00029438875059602997,7.917581663347788e-08,0.00029446792641266346
224.15625,0.0006319743183599721,0.00029438760364948653,7.90896017492589e-08,0.0002944666932512358
224.1875,0.00015471531551461136,0.0002943864567029431,7.900352756838567e-08,0.00029446546023051146
224.21875,0.0001944398175419601,0.00029438530975639966,7.891759378493905e-08,0.0002944642273501846
224.25,0.00011037015358828585,0.0002943841628098562,7.883180009383049e-08,0.00029446299460995006
224.28125,0.00015223345672134379,0.00029438301586331284,7.874614619079955e-08,0.00029446176200950366
224.3125,0.0005515713195484333,0.0002943818689167694,7.866063177241107e-08,0.0002944605295485418
224.34375,0.0014703417036315944,0.00029438072197022596,7.857525653605259e-08,0.00029445929722676204
224.375,0.0004052271137268854,0.00029437957502368253,7.849002017993153e-08,0.00029445806504386243
224.40625,0.0001602742757995333,0.0002943784280771391,7.84049224030727e-08,0.0002944568329995422
224.4375,0.000237251879674834,0.00029437728113059565,7.831996290531557e-08,0.000294455601093501
224.46875,0.00024465755066658217,0.0002943761341840522,7.823514138731159e-08,0.0002944543693254395
224.5,0.000262295190510491,0.0002943749872375088,7.815045755052161e-08,0.0002944531376950593
224.53125,0.0002410133272666666,0.00029437384029096534,7.806591109721319e-08,0.00029445190620206254
224.5625,0.00013807000243848817,0.0002943726933444219,7.798150173045811e-08,0.00029445067484615235
224.59375,0.0001439735638343441,0.00029437154639787847,7.789722915412957e-08,0.0002944494436270326
224.625,0.00019350874857222938,0.00029437039945133503,7.781309307289983e-08,0.00029444821254440796
224.65625,0.00010374157062997182,0.0002943692525047916,7.772909319223741e-08,0.00029444698159798385
224.6875,0.0006835472909604964,0.00029436810555824816,7.764522921840471e-08,0.00029444575078746654
224.71875,0.0006114288875798854,0.0002943669586117047,7.756150085845527e-08,0.0002944445201125632
224.75,5.032969803751872e-05,0.0002943658116651613,7.747790782023136e-08,0.0002944432895729815
224.78125,0.00010912694098270998,0.00029436466471861785,7.739444981236124e-08,0.0002944420591684302
224.8125,0.0010144738258436366,0.00029436351777207447,7.73111265442569e-08,0.0002944408288986187
224.84375,0.0011679344257771189,0.00029436237082553103,7.72279377261113e-08,0.00029443959876325715
224.875,0.00018833985012075207,0.0002943612238789876,7.714488306889592e-08,0.0002944383687620565
224.90625,0.00016342370359046911,0.00029436007693244416,7.706196228435837e-08,0.0002944371388947285
224.9375,0.0007088405134016688,0.0002943589299859007,7.697917508501968e-08,0.00029443590916098576
224.96875,0.0003651932242519657,0.0002943577830393573,7.6896521184172e-08,0.00029443467956054146
225.0,4.524257280214635e-05,0.00029435663609281385,7.681400029587596e-08,0.00029443345009310973
225.03125,0.00034894042919111874,0.0002943554891462704,7.673161213495833e-08,0.0002944322207584054
225.0625,0.0004466102268347815,0.000294354342199727,7.664935641700952e-08,0.000294430991556144
225.09375,0.0006099932944726451,0.00029435319525318354,7.656723285838113e-08,0.00029442976248604194
225.125,0.0006678878435349802,0.0002943520483066401,7.648524117618345e-08,0.0002944285335478163
225.15625,0.0003424869166688858,0.00029435090136009667,7.64033810882831e-08,0.00029442730474118497
225.1875,1.7348166284615835e-05,0.00029434975441355323,7.632165231330057e-08,0.0002944260760658665
225.21875,0.0005585118465404757,0.0002943486074670098,7.624005457060779e-08,0.0002944248475215804
225.25,0.0004011983231163078,0.00029434746052046636,7.615858758032581e-08,0.00029442361910804666
225.28125,0.0001225739707066789,0.0002943463135739229,7.607725106332229e-08,0.0002944223908249862
225.3125,0.0001490772597237953,0.00029434516662737954,7.599604474120917e-08,0.00029442116267212073
225.34375,3.182396533829381e-05,0.0002943440196808361,7.591496833634027e-08,0.00029441993464917243
225.375,1.5752064934690926e-05,0.00029434287273429267,7.583402157180899e-08,0.00029441870675586446
225.40625,0.00037378315987154985,0.00029434172578774923,7.575320417144577e-08,0.00029441747899192067
225.4375,0.00035592587026858765,0.0002943405788412058,7.567251585981598e-08,0.0002944162513570656
225.46875,0.0004710605878234516,0.00029433943189466236,7.559195636221738e-08,0.0002944150238510246
225.5,0.00011161861912287818,0.0002943382849481189,7.551152540467787e-08,0.0002944137964735236
225.53125,0.00011652617420703363,0.0002943371380015755,7.543122271395317e-08,0.0002944125692242894
225.5625,0.00016939920709673853,0.00029433599105503205,7.535104801752446e-08,0.00029441134210304957
225.59375,5.6623529298095184e-05,0.0002943348441084886,7.527100104359613e-08,0.0002944101151095322
225.625,0.0001462690166624016,0.0002943336971619452,7.519108152109332e-08,0.00029440888824346626
225.65625,0.00045673426403434065,0.00029433255021540174,7.511128917965992e-08,0.0002944076615045814
225.6875,0.00031877788105869645,0.0002943314032688583,7.503162374965598e-08,0.00029440643489260797
225.71875,0.00017452167327084857,0.00029433025632231486,7.495208496215564e-08,0.00029440520840727703
225.75,0.00016441120046694575,0.00029432910937577143,7.487267254894475e-08,0.00029440398204832037
225.78125,0.00020975790021583257,0.000294327962429228,7.479338624251874e-08,0.0002944027558154705
225.8125,9.9999754441712e-06,0.00029432681548268455,7.471422577608012e-08,0.00029440152970846065
225.84375,9.741291571442715e-05,0.00029432566853614117,7.463519088353653e-08,0.0002944003037270247
225.875,0.00018952900913963232,0.00029432452158959774,7.455628129949834e-08,0.0002943990778708972
225.90625,0.0002059572750157956,0.0002943233746430543,7.447749675927647e-08,0.0002943978521398136
225.9375,0.0009159123193975214,0.00029432222769651086,7.439883699888015e-08,0.00029439662653350974
225.96875,0.0014654266200009019,0.0002943210807499674,7.432030175501472e-08,0.00029439540105172246
226.0,0.0005546565289297301,0.000294319933803424,7.424189076507947e-08,0.0002943941756941891
226.03125,0.0003982087669839728,0.00029431878685688055,7.416360376716537e-08,0.0002943929504606477
226.0625,1.0637629152798408e-05,0.0002943176399103371,7.408544050005291e-08,0.0002943917253508372
226.09375,8.569229738367028e-05,0.0002943164929637937,7.400740070321001e-08,0.0002943905003644969
226.125,6.508335987872672e-06,0.00029431534601725024,7.39294841167897e-08,0.00029438927550136704
226.15625,0.001019874112856055,0.0002943141990707068,7.385169048162813e-08,0.0002943880507611884
226.1875,0.0006873635332878767,0.00029431305212416337,7.377401953924228e-08,0.0002943868261437026
226.21875,0.00016524169566135545,0.00029431190517761993,7.36964710318278e-08,0.0002943856016486518
226.25,0.0004998785515803774,0.0002943107582310765,7.361904470225702e-08,0.0002943843772757788
226.28125,0.0006236236664579345,0.00029430961128453306,7.354174029407673e-08,0.00029438315302482713
226.3125,0.0005016324526954951,0.0002943084643379896,7.346455755150601e-08,0.00029438192889554113
226.34375,3.804548688686418e-05,0.0002943073173914462,7.338749621943425e-08,0.0002943807048876656
226.375,1.4110622992138065e-05,0.0002943061704449028,7.33105560434189e-08,0.0002943794810009462
226.40625,1.53089623665709e-05,0.00029430502349835937,7.323373676968349e-08,0.00029437825723512906
226.4375,0.0001453228093648337,0.00029430387655181593,7.31570381451154e-08,0.00029437703358996107
226.46875,0.0006622225172429207,0.0002943027296052725,7.308045991726394e-08,0.00029437581006518977
226.5,0.00033690199143391117,0.00029430158265872906,7.30040018343382e-08,0.0002943745866605634
226.53125,0.000404808368459777,0.0002943004357121856,7.292766364520494e-08,0.00029437336337583084
226.5625,0.0006865161745049612,0.0002942992887656422,7.28514450993866e-08,0.00029437214021074156
226.59375,0.0005328059520755214,0.00029429814181909875,7.277534594705922e-08,0.0002943709171650458
226.625,0.0002806323199407632,0.0002942969948725553,7.269936593905042e-08,0.0002943696942384944
226.65625,1.0773216151314294e-05,0.0002942958479260119,7.262350482683721e-08,0.0002943684714308387
226.6875,0.0002622995422813574,0.00029429470097946844,7.254776236254423e-08,0.000294367248741831
226.71875,7.655113304482632e-05,0.000294293554032925,7.247213829894152e-08,0.00029436602617122394
226.75,7.62547657648876e-05,0.00029429240708638157,7.23966323894426e-08,0.000294364803718771
226.78125,0.00014713565140510654,0.00029429126013983813,7.232124438810238e-08,0.00029436358138422626
226.8125,0.0011867190550646106,0.0002942901131932947,7.224597404961528e-08,0.0002943623591673443
226.84375,0.0009791667925981254,0.00029428896624675126,7.217082112931308e-08,0.0002943611370678806
226.875,0.0002997845653679635,0.0002942878193002079,7.209578538316307e-08,0.000294359915085591
226.90625,1.6476071537265284e-05,0.00029428667235366444,7.202086656776602e-08,0.0002943586932202322
226.9375,0.00033257615285586263,0.000294285525407121,7.194606444035421e-08,0.00029435747147156136
226.96875,0.0003803957122125903,0.00029428437846057756,7.187137875878947e-08,0.00029435624983933635
227.0,0.0002262817012317118,0.00029428323151403413,7.179680928156119e-08,0.0002943550283233157
227.03125,0.00021836409220858284,0.0002942820845674907,7.172235576778443e-08,0.0002943538069232585
227.0625,4.331483248817228e-05,0.00029428093762094725,7.164801797719788e-08,0.00029435258563892446
227.09375,0.0004493533747480052,0.0002942797906744038,7.157379567016204e-08,0.00029435136447007395
227.125,7.664417914957451e-05,0.0002942786437278604,7.149968860765725e-08,0.000294350143416468
227.15625,0.00010605259185931745,0.00029427749678131694,7.142569655128174e-08,0.00029434892247786823
227.1875,6.259796285431948e-06,0.0002942763498347735,7.135181926324968e-08,0.00029434770165403677
227.21875,0.0003035303771049549,0.00029427520288823007,7.127805650638943e-08,0.0002943464809447365
227.25,5.548244990572279e-05,0.00029427405594168664,7.120440804414138e-08,0.00029434526034973076
227.28125,7.324685591499539e-06,0.0002942729089951432,7.113087364055635e-08,0.00029434403986878377
227.3125,0.00040612022526517814,0.00029427176204859976,7.105745306029347e-08,0.00029434281950166006
227.34375,0.0001618520628682751,0.0002942706151020563,7.098414606861841e-08,0.00029434159924812496
227.375,0.00017093114287839356,0.0002942694681555129,7.09109524314015e-08,0.0002943403791079443
227.40625,0.00019341559097619488,0.0002942683212089695,7.08378719151158e-08,0.0002943391590808846
227.4375,0.00036739737269429767,0.00029426717426242607,7.076490428683535e-08,0.0002943379391667129
227.46875,0.00034855677490531827,0.00029426602731588263,7.069204931423317e-08,0.0002943367193651969
227.5,6.8394402473417e-05,0.0002942648803693392,7.061930676557955e-08,0.00029433549967610475
227.53125,5.2617975728766346e-05,0.00029426373342279576,7.054667640974012e-08,0.0002943342800992055
227.5625,0.0002853366632530431,0.0002942625864762523,7.047415801617406e-08,0.0002943330606342685
227.59375,0.0003508330587991562,0.0002942614395297089,7.040175135493226e-08,0.0002943318412810638
227.625,0.0002067336202753233,0.00029426029258316545,7.032945619665551e-08,0.0002943306220393621
227.65625,0.000221061626600468,0.000294259145636622,7.025727231257268e-08,0.0002943294029089346
227.6875,0.00010969788513718055,0.0002942579986900786,7.018519947449881e-08,0.00029432818388955306
227.71875,0.00013160286270200305,0.00029425685174353514,7.011323745483354e-08,0.00029432696498099
227.75,4.702648063406696e-05,0.0002942557047969917,7.00413860265591e-08,0.00029432574618301827
227.78125,1.5386969487265544e-05,0.00029425455785044827,6.996964496323862e-08,0.0002943245274954115
227.8125,1.6313906954233606e-05,0.00029425341090390483,6.989801403901433e-08,0.00029432330891794383
227.84375,8.23160840253669e-06,0.0002942522639573614,6.982649302860582e-08,0.00029432209045039
227.875,6.589629552052219e-05,0.00029425111701081796,6.975508170730811e-08,0.00029432087209252524
227.90625,0.00016870157602251007,0.0002942499700642746,6.968377985099014e-08,0.00029431965384412557
227.9375,0.00012934141615277123,0.00029424882311773114,6.961258723609283e-08,0.00029431843570496723
227.96875,0.00022107037661905075,0.0002942476761711877,6.954150363962739e-08,0.0002943172176748273
228.0,0.00011875208319395603,0.00029424652922464427,6.947052883917356e-08,0.0002943159997534834
228.03125,0.0003759967770207827,0.00029424538227810083,6.93996626128779e-08,0.00029431478194071373
228.0625,0.0006995641025168424,0.0002942442353315574,6.932890473945203e-08,0.00029431356423629683
228.09375,0.0004283287847412985,0.00029424308838501396,6.925825499817087e-08,0.00029431234664001213
228.125,0.00014542558073537968,0.0002942419414384705,6.9187713168871e-08,0.00029431112915163937
228.15625,3.24334836972624e-05,0.0002942407944919271,6.911727903194892e-08,0.00029430991177095906
228.1875,0.00011501297809895868,0.00029423964754538365,6.904695236835934e-08,0.000294308694497752
228.21875,0.0002467824717888011,0.0002942385005988402,6.897673295961341e-08,0.00029430747733179985
228.25,0.00018300999062404675,0.0002942373536522968,6.890662058777716e-08,0.00029430626027288455
228.28125,0.0002311842403521021,0.00029423620670575334,6.883661503546964e-08,0.0002943050433207888
228.3125,0.0006424091397738563,0.0002942350597592099,6.876671608586143e-08,0.00029430382647529574
228.34375,0.0003856545255996568,0.00029423391281266646,6.869692352267283e-08,0.00029430260973618914
228.375,0.00046624048812431574,0.00029423276586612303,6.862723713017219e-08,0.0002943013931032532
228.40625,0.000428745694713844,0.0002942316189195796,6.855765669317433e-08,0.00029430017657627275
228.4375,5.2615778633874475e-05,0.0002942304719730362,6.848818199703877e-08,0.00029429896015503325
228.46875,0.0003513940274376349,0.00029422932502649277,6.841881282766823e-08,0.00029429774383932044
228.5,0.00046609204092972964,0.00029422817807994934,6.834954897150677e-08,0.00029429652762892085
228.53125,0.0007505247249406741,0.0002942270311334059,6.828039021553833e-08,0.00029429531152362143
228.5625,0.0013941446434057583,0.00029422588418686246,6.821133634728502e-08,0.00029429409552320974
228.59375,0.0009066485691894278,0.000294224737240319,6.814238715480552e-08,0.0002942928796274738
228.625,0.0004156600425045636,0.0002942235902937756,6.807354242669337e-08,0.0002942916638362023
228.65625,0.00026102774000949947,0.00029422244334723215,6.800480195207553e-08,0.0002942904481491842
228.6875,0.00035833607589178874,0.0002942212964006887,6.793616552061048e-08,0.00029428923256620933
228.71875,0.00023480737924135185,0.0002942201494541453,6.786763292248693e-08,0.0002942880170870678
228.75,0.0004754999713011582,0.00029421900250760184,6.779920394842203e-08,0.0002942868017115503
228.78125,0.0001820099162575838,0.0002942178555610584,6.77308783896598e-08,0.0002942855864394481
228.8125,6.901119926871498e-05,0.00029421670861451497,6.766265603796956e-08,0.00029428437127055295
228.84375,1.7006237104269682e-05,0.00029421556166797153,6.759453668564435e-08,0.0002942831562046572
228.875,5.466055210504797e-05,0.0002942144147214281,6.752652012549935e-08,0.0002942819412415536
228.90625,0.0001485838487003463,0.00029421326777488466,6.745860615087025e-08,0.0002942807263810355
228.9375,0.00016067104873860452,0.0002942121208283413,6.739079455561178e-08,0.00029427951162289687
228.96875,7.521019481052651e-05,0.00029421097388179784,6.732308513409608e-08,0.0002942782969669319
229.0,3.177108741690649e-05,0.0002942098269352544,6.725547768121115e-08,0.0002942770824129356
229.03125,0.00033871922090568173,0.00029420867998871097,6.718797199235931e-08,0.00029427586796070335
229.0625,0.0011555403608937286,0.00029420753304216753,6.712056786345566e-08,0.000294274653610031
229.09375,0.001226748321295676,0.0002942063860956241,6.705326509092656e-08,0.000294273439360715
229.125,0.00018077680477738894,0.00029420523914908066,6.698606347170794e-08,0.0002942722252125524
229.15625,1.3032805060104762e-06,0.0002942040922025372,6.691896280324404e-08,0.0002942710111653405
229.1875,0.00011434705327480415,0.0002942029452559938,6.685196288348566e-08,0.0002942697972188773
229.21875,0.0002644009166061112,0.00029420179830945035,6.678506351088875e-08,0.00029426858337296125
229.25,0.0003500041359816685,0.0002942006513629069,6.671826448441284e-08,0.0002942673696273913
229.28125,0.0009772229757136451,0.0002941995044163635,6.66515656035196e-08,0.000294266155981967
229.3125,0.0007225031167416691,0.00029419835746982004,6.65849666681712e-08,0.0002942649424364882
229.34375,0.0009810783287063482,0.0002941972105232766,6.651846747882901e-08,0.0002942637289907554
229.375,0.0005351002026712605,0.00029419606357673317,6.645206783645194e-08,0.00029426251564456963
229.40625,7.785155476575692e-05,0.00029419491663018973,6.638576754249503e-08,0.0002942613023977322
229.4375,0.0001571325263816009,0.0002941937696836463,6.631956639890793e-08,0.0002942600892500452
229.46875,0.00015787701245138056,0.0002941926227371029,6.62534642081335e-08,0.00029425887620131104
229.5,0.00028348667288524785,0.0002941914757905595,6.618746077310622e-08,0.00029425766325133257
229.53125,0.00024536748635071743,0.00029419032884401604,6.612155589725079e-08,0.0002942564503999133
229.5625,6.609963930163414e-05,0.0002941891818974726,6.605574938448068e-08,0.0002942552376468571
229.59375,0.0001249275886772789,0.00029418803495092916,6.599004103919664e-08,0.0002942540249919684
229.625,0.00043025304476304333,0.00029418688800438573,6.592443066628525e-08,0.000294252812435052
229.65625,0.00013331889778007492,0.0002941857410578423,6.585891807111754e-08,0.0002942515999759134
229.6875,9.76022025329195e-05,0.00029418459411129885,6.579350305954745e-08,0.0002942503876143584
229.71875,0.00031130606487568644,0.0002941834471647554,6.572818543791038e-08,0.0002942491753501933
229.75,0.0007060921220129649,0.000294182300218212,6.566296501302193e-08,0.000294247963183225
229.78125,0.000543371613909435,0.00029418115327166854,6.559784159217625e-08,0.00029424675111326074
229.8125,5.610837375518956e-05,0.0002941800063251251,6.55328149831448e-08,0.00029424553914010826
229.84375,5.23614543925162e-06,0.00029417885937858167,6.546788499417482e-08,0.00029424432726357587
229.875,9.911266902955059e-05,0.00029417771243203824,6.540305143398792e-08,0.0002942431154834722
229.90625,0.00013224315053218046,0.0002941765654854948,6.533831411177884e-08,0.0002942419037996066
229.9375,0.00010872561599039938,0.00029417541853895136,6.527367283721371e-08,0.00029424069221178857
229.96875,0.0001300735607443061,0.0002941742715924079,6.520912742042901e-08,0.0002942394807198284
230.0,9.334988621543778e-05,0.00029417312464586454,6.514467767202998e-08,0.00029423826932353656
230.03125,0.000415582821909297,0.0002941719776993211,6.50803234030893e-08,0.0002942370580227242
230.0625,0.0007209311240049061,0.00029417083075277767,6.501606442514561e-08,0.0002942358468172028
230.09375,0.00030964330190316026,0.00029416968380623423,6.495190055020229e-08,0.00029423463570678446
230.125,0.0002468019332632298,0.0002941685368596908,6.488783159072597e-08,0.0002942334246912815
230.15625,0.0004167191397043175,0.00029416738991314736,6.482385735964513e-08,0.000294232213770507
230.1875,0.00047431010466766085,0.0002941662429666039,6.475997767034886e-08,0.00029423100294427427
230.21875,0.00011258274707047505,0.0002941650960200605,6.469619233668547e-08,0.00029422979221239715
230.25,0.0002067181356017595,0.00029416394907351705,6.463250117296101e-08,0.00029422858157469
230.28125,8.129075626372217e-05,0.0002941628021269736,6.45689039939381e-08,0.00029422737103096755
230.3125,0.0003159383341382207,0.0002941616551804302,6.450540061483444e-08,0.000294226160581045
230.34375,0.0009926104704790037,0.00029416050823388674,6.444199085132153e-08,0.0002942249502247381
230.375,0.0008642066949320951,0.0002941593612873433,6.437867451952334e-08,0.0002942237399618628
230.40625,0.0005169688279793549,0.00029415821434079987,6.431545143601499e-08,0.00029422252979223587
230.4375,3.119150616258911e-05,0.00029415706739425643,6.425232141782135e-08,0.00029422131971567424
230.46875,0.0006588840823253275,0.000294155920447713,6.418928428241582e-08,0.0002942201097319954
230.5,0.0009232603274045538,0.0002941547735011696,6.412633984771892e-08,0.00029421889984101735
230.53125,7.557485335122553e-05,0.0002941536265546262,6.40634879320971e-08,0.0002942176900425583
230.5625,0.0004388632191923812,0.00029415247960808274,6.400072835436115e-08,0.0002942164803364371
230.59375,0.00035604617653736404,0.0002941513326615393,6.393806093376529e-08,0.00029421527072247305
230.625,0.00047871783669607416,0.00029415018571499587,6.38754854900056e-08,0.00029421406120048587
230.65625,0.0002929453988960022,0.00029414903876845243,6.381300184321879e-08,0.00029421285177029565
230.6875,6.695608684078127e-05,0.000294147891821909,6.375060981398094e-08,0.00029421164243172295
230.71875,0.00023130491441997116,0.00029414674487536556,6.368830922330614e-08,0.0002942104331845889
230.75,0.00015203860273913815,0.0002941455979288221,6.36260998926453e-08,0.00029420922402871477
230.78125,0.0001255673890754849,0.0002941444509822787,6.35639816438848e-08,0.0002942080149639226
230.8125,0.0001976845322208661,0.00029414330403573525,6.350195429934527e-08,0.00029420680599003457
230.84375,0.0005022287454142351,0.0002941421570891918,6.344001768178027e-08,0.00029420559710687357
230.875,3.684050102577729e-05,0.0002941410101426484,6.337817161437506e-08,0.00029420438831426275
230.90625,1.6517386999229115e-06,0.00029413986319610494,6.331641592074533e-08,0.0002942031796120257
230.9375,1.7830604867574695e-06,0.0002941387162495615,6.325475042493595e-08,0.00029420197099998643
230.96875,3.0073086738693788e-05,0.00029413756930301806,6.319317495141967e-08,0.0002942007624779695
231.0,0.00014956522814723355,0.00029413642235647463,6.313168932509595e-08,0.0002941995540457997
231.03125,7.849466692597515e-05,0.00029413527540993125,6.307029337128967e-08,0.00029419834570330254
231.0625,0.00020727765074037946,0.0002941341284633878,6.30089869157499e-08,0.0002941971374503036
231.09375,0.00026210142123467647,0.00029413298151684437,6.294776978464866e-08,0.000294195929286629
231.125,0.00031708334998908135,0.00029413183457030094,6.288664180457968e-08,0.0002941947212121055
231.15625,0.00031781756559866195,0.0002941306876237575,6.282560280255723e-08,0.00029419351322656004
231.1875,7.131214978534595e-05,0.00029412954067721406,6.276465260601477e-08,0.00029419230532982005
231.21875,0.00021354883931595312,0.0002941283937306706,6.270379104280388e-08,0.00029419109752171343
231.25,6.44218354042116e-05,0.0002941272467841272,6.264301794119298e-08,0.0002941898898020684
231.28125,0.00019022040054939276,0.00029412609983758375,6.258233312986607e-08,0.0002941886821707136
231.3125,0.0004242002639970824,0.0002941249528910403,6.252173643792164e-08,0.0002941874746274782
231.34375,0.0005068526012221654,0.0002941238059444969,6.246122769487136e-08,0.00029418626717219175
231.375,0.00014732115915089568,0.00029412265899795344,6.240080673063888e-08,0.0002941850598046841
231.40625,4.713810294277142e-05,0.00029412151205141,6.234047337555879e-08,0.0002941838525247856
231.4375,6.616076257962436e-05,0.00029412036510486657,6.228022746037521e-08,0.00029418264533232695
231.46875,0.00014249072962368447,0.00029411921815832313,6.222006881624076e-08,0.0002941814382271394
231.5,0.00011923208486880696,0.0002941180712117797,6.215999727471536e-08,0.0002941802312090544
231.53125,9.88709609676261e-05,0.0002941169242652363,6.210001266776496e-08,0.00029417902427790406
231.5625,0.00032423554739014827,0.0002941157773186929,6.204011482776051e-08,0.0002941778174335206
231.59375,0.00040726622906300173,0.00029411463037214944,6.198030358747657e-08,0.0002941766106757369
231.625,0.0003839623930269269,0.000294113483425606,6.19205787800904e-08,0.0002941754040043861
231.65625,0.00024386108464701195,0.00029411233647906257,6.18609402391807e-08,0.00029417419741930174
231.6875,0.0005256793061398724,0.00029411118953251913,6.180138779872634e-08,0.00029417299092031785
231.71875,0.00019426499150620085,0.0002941100425859757,6.174192129310532e-08,0.0002941717845072688
231.75,0.00023259665089106732,0.00029410889563943226,6.168254055709368e-08,0.00029417057817998936
231.78125,0.0002945055183897217,0.0002941077486928888,6.162324542586416e-08,0.00029416937193831467
231.8125,0.00024511979148840343,0.0002941066017463454,6.156403573498518e-08,0.00029416816578208037
231.84375,0.0005210813246441952,0.00029410545479980195,6.15049113204198e-08,0.00029416695971112237
231.875,4.288708631752649e-05,0.0002941043078532585,6.144587201852432e-08,0.00029416575372527706
231.90625,0.00022233032201610234,0.0002941031609067151,6.138691766604743e-08,0.0002941645478243811
231.9375,2.401423328999414e-05,0.00029410201396017164,6.13280481001289e-08,0.00029416334200827176
231.96875,7.212991073971502e-05,0.0002941008670136282,6.126926315829849e-08,0.0002941621362767865
232.0,2.599565301173344e-05,0.00029409972006708477,6.121056267847488e-08,0.00029416093062976326
232.03125,0.0003120913802977049,0.00029409857312054133,6.115194649896448e-08,0.0002941597250670403
232.0625,0.00010018432939116963,0.00029409742617399795,6.109341445846047e-08,0.0002941585195884564
232.09375,0.0001674072109674663,0.0002940962792274545,6.103496639604146e-08,0.00029415731419385054
232.125,9.052696932234088e-05,0.0002940951322809111,6.09766021511706e-08,0.00029415610888306224
232.15625,0.000636894385540975,0.00029409398533436764,6.091832156369431e-08,0.0002941549036559313
232.1875,0.0004285511889302305,0.0002940928383878242,6.086012447384133e-08,0.00029415369851229804
232.21875,0.00017275670582799242,0.00029409169144128076,6.080201072222149e-08,0.000294152493452003
232.25,0.0003538950926128086,0.00029409054449473733,6.074398014982472e-08,0.00029415128847488714
232.28125,0.0001147800218225887,0.0002940893975481939,6.068603259801994e-08,0.0002941500835807919
232.3125,0.0003563508986444819,0.00029408825060165045,6.062816790855395e-08,0.000294148878769559
232.34375,0.0006642990771644732,0.000294087103655107,6.057038592355033e-08,0.0002941476740410306
232.375,0.0004065382807877115,0.0002940859567085636,6.051268648550849e-08,0.0002941464693950491
232.40625,0.00041856009338521336,0.00029408480976202014,6.045506943730239e-08,0.00029414526483145743
232.4375,0.0006288803962385108,0.0002940836628154767,6.039753462217967e-08,0.00029414406035009887
232.46875,0.0005270078841775,0.00029408251586893327,6.03400818837605e-08,0.000294142855950817
232.5,0.0002171676189826828,0.00029408136892238984,6.028271106603647e-08,0.0002941416516334559
232.53125,0.00016637760981695496,0.0002940802219758464,6.022542201336961e-08,0.0002941404473978598
232.5625,2.4899418487233067e-05,0.000294079075029303,6.016821457049136e-08,0.0002941392432438735
232.59375,0.00016278944116146347,0.0002940779280827596,6.011108858250141e-08,0.00029413803917134205
232.625,7.070854617117024e-05,0.00029407678113621614,6.005404389486666e-08,0.000294136835180111
232.65625,0.00011806032137219443,0.0002940756341896727,5.999708035342033e-08,0.0002941356312700261
232.6875,0.00039854941561023676,0.00029407448724312927,5.994019780436077e-08,0.00029413442744093365
232.71875,0.0012629454043222687,0.00029407334029658583,5.988339609425046e-08,0.00029413322369268007
232.75,6.61553776806031e-05,0.0002940721933500424,5.982667507001498e-08,0.00029413202002511244
232.78125,0.0007636894999273397,0.00029407104640349896,5.977003457894205e-08,0.00029413081643807793
232.8125,0.00025492513300847444,0.0002940698994569555,5.97134744686803e-08,0.0002941296129314242
232.84375,7.945840364060659e-07,0.0002940687525104121,5.965699458723847e-08,0.0002941284095049993
232.875,7.625089952876342e-05,0.00029406760556386865,5.960059478298435e-08,0.00029412720615865166
232.90625,0.00012403977010922414,0.0002940664586173252,5.954427490464362e-08,0.0002941260028922299
232.9375,0.00011218017488115333,0.0002940653116707818,5.948803480129897e-08,0.00029412479970558305
232.96875,0.0003378912007172136,0.00029406416472423834,5.943187432238908e-08,0.00029412359659856073
233.0,0.001723351899284743,0.0002940630177776949,5.937579331770755e-08,0.0002941223935710126
233.03125,0.0014334316712678557,0.00029406187083115147,5.9319791637401915e-08,0.0002941211906227889
233.0625,2.5914313347898087e-05,0.00029406072388460803,5.9263869131972705e-08,0.00029411998775374
233.09375,0.00046890655307331187,0.00029405957693806465,5.9208025652272386e-08,0.0002941187849637169
233.125,0.0006608816654911794,0.0002940584299915212,5.915226104950437e-08,0.0002941175822525707
233.15625,6.888107804065188e-05,0.0002940572830449778,5.9096575175222076e-08,0.000294116379620153
233.1875,0.00044938450472750094,0.00029405613609843434,5.904096788132788e-08,0.00029411517706631567
233.21875,0.00034671507961869775,0.0002940549891518909,5.898543902007214e-08,0.000294113974590911
233.25,0.0006177040367351287,0.00029405384220534747,5.892998844405226e-08,0.0002941127721937915
233.28125,0.0002812207022639585,0.00029405269525880403,5.8874616006211696e-08,0.00029411156987481027
233.3125,7.076496681238493e-05,0.0002940515483122606,5.881932155983894e-08,0.00029411036763382046
233.34375,0.00027195785481032856,0.00029405040136571716,5.87641049585666e-08,0.0002941091654706757
233.375,0.00013972335285446276,0.0002940492544191737,5.870896605637041e-08,0.0002941079633852301
233.40625,0.0004117970144628583,0.0002940481074726303,5.865390470756829e-08,0.00029410676137733784
233.4375,4.2217717271364264e-05,0.00029404696052608685,5.859892076681927e-08,0.00029410555944685366
233.46875,0.0006290822193010581,0.0002940458135795434,5.854401408912276e-08,0.00029410435759363255
233.5,0.0012310149480067169,0.000294044666633,5.848918452981735e-08,0.0002941031558175298
233.53125,0.00048075898983117744,0.00029404351968645654,5.843443194458002e-08,0.0002941019541184011
233.5625,0.0003211797605311194,0.0002940423727399131,5.8379756189425133e-08,0.00029410075249610253
233.59375,0.00012754284223487084,0.00029404122579336966,5.832515712070349e-08,0.0002940995509504904
233.625,0.0004564041497907621,0.0002940400788468263,5.8270634595101396e-08,0.00029409834948142136
233.65625,0.0005754270218428451,0.00029403893190028285,5.821618846963968e-08,0.00029409714808875247
233.6875,0.0002646385338779471,0.0002940377849537394,5.8161818601672824e-08,0.0002940959467723411
233.71875,0.0002303880776922051,0.00029403663800719597,5.8107524848888016e-08,0.00029409474553204485
233.75,0.00010587731775008914,0.00029403549106065254,5.805330706930418e-08,0.00029409354436772184
233.78125,0.000269884516497245,0.0002940343441141091,5.799916512127109e-08,0.0002940923432792304
233.8125,0.0004920806023498466,0.00029403319716756566,5.794509886346841e-08,0.0002940911422664291
233.84375,2.5702579311743e-05,0.0002940320502210222,5.7891108154904777e-08,0.00029408994132917713
233.875,0.0004861763537201793,0.0002940309032744788,5.783719285491691e-08,0.0002940887404673337
233.90625,0.000897888784999495,0.00029402975632793535,5.77833528231687e-08,0.00029408753968075853
233.9375,0.0005729167841709795,0.0002940286093813919,5.7729587919650265e-08,0.0002940863389693116
233.96875,0.00012379469077705916,0.0002940274624348485,5.7675898004677045e-08,0.0002940851383328532
234.0,1.0005243137686793e-05,0.00029402631548830504,5.762228293888889e-08,0.00029408393777124396
234.03125,0.00021044204144049896,0.0002940251685417616,5.756874258324922e-08,0.00029408273728434483
234.0625,0.0002715240966250712,0.00029402402159521817,5.751527679904401e-08,0.00029408153687201724
234.09375,7.911184834025214e-05,0.00029402287464867473,5.7461885447880994e-08,0.0002940803365341226
234.125,0.00030950933141122975,0.00029402172770213135,5.740856839168873e-08,0.00029407913627052306
234.15625,0.0005778262602371426,0.0002940205807555879,5.7355325492715724e-08,0.0002940779360810806
234.1875,0.0009491705141655003,0.0002940194338090445,5.7302156613529485e-08,0.000294076735965658
234.21875,0.0010647173026536536,0.00029401828686250104,5.724906161701575e-08,0.00029407553592411805
234.25,0.00025265360089587037,0.0002940171399159576,5.719604036637745e-08,0.000294074335956324
234.28125,2.8947370493249204e-05,0.00029401599296941417,5.714309272513396e-08,0.0002940731360621393
234.3125,0.00015165901417434085,0.00029401484602287073,5.709021855712018e-08,0.00029407193624142783
234.34375,0.00014244804690647305,0.0002940136990763273,5.703741772648563e-08,0.0002940707364940538
234.375,1.8011587719954952e-05,0.00029401255212978386,5.698469009769362e-08,0.00029406953681988156
234.40625,0.00011495274294900469,0.0002940114051832404,5.693203553552035e-08,0.00029406833721877594
234.4375,0.00014465680660834203,0.000294010258236697,5.68794539050541e-08,0.00029406713769060205
234.46875,9.22870139892023e-05,0.00029400911129015355,5.682694507169422e-08,0.00029406593823522523
234.5,0.0005319195762505554,0.0002940079643436101,5.677450890115047e-08,0.00029406473885251126
234.53125,0.00039403688246637976,0.0002940068173970667,5.672214525944203e-08,0.00029406353954232613
234.5625,0.00026394531715102183,0.00029400567045052324,5.666985401289668e-08,0.0002940623403045361
234.59375,0.00021887336977663535,0.0002940045235039798,5.661763502814996e-08,0.00029406114113900795
234.625,9.627932076898257e-05,0.00029400337655743637,5.656548817214428e-08,0.0002940599420456085
234.65625,5.4448276941331024e-05,0.000294002229610893,5.651341331212814e-08,0.00029405874302420513
234.6875,1.146618842792791e-06,0.00029400108266434955,5.6461410315655196e-08,0.0002940575440746652
234.71875,1.6122361416400204e-05,0.0002939999357178061,5.640947905058349e-08,0.00029405634519685667
234.75,3.373106252105141e-05,0.0002939987887712627,5.635761938507462e-08,0.00029405514639064775
234.78125,4.382622543374321e-05,0.00029399764182471924,5.630583118759283e-08,0.00029405394765590683
234.8125,0.00010933221232706925,0.0002939964948781758,5.625411432690424e-08,0.0002940527489925027
234.84375,0.0008469799568552255,0.00029399534793163236,5.620246867207602e-08,0.0002940515504003044
234.875,0.0012235565514610745,0.00029399420098508893,5.615089409247548e-08,0.0002940503518791814
234.90625,8.833111193780381e-05,0.0002939930540385455,5.6099390457769345e-08,0.0002940491534290033
234.9375,0.000145607268110712,0.00029399190709200205,5.604795763792289e-08,0.00029404795504964
234.96875,0.0005021171443988319,0.0002939907601454586,5.599659550319909e-08,0.00029404675674096184
235.0,0.00037552931150259855,0.0002939896131989152,5.5945303924157874e-08,0.00029404555850283935
235.03125,3.877035792914822e-05,0.00029398846625237174,5.5894082771655224e-08,0.0002940443603351434
235.0625,1.9674337655896632e-05,0.0002939873193058283,5.584293191684246e-08,0.0002940431622377452
235.09375,4.0402220566512426e-05,0.00029398617235928487,5.5791851231165307e-08,0.00029404196421051605
235.125,0.0001881260349794882,0.00029398502541274144,5.574084058636321e-08,0.0002940407662533278
235.15625,0.000635810954833356,0.00029398387846619805,5.568989985446846e-08,0.00029403956836605253
235.1875,0.00014343317175587829,0.0002939827315196546,5.5639028907805426e-08,0.0002940383705485624
235.21875,0.0002504252020190699,0.0002939815845731112,5.558822761898972e-08,0.0002940371728007302
235.25,0.00020997752777228489,0.00029398043762656774,5.553749586092744e-08,0.00029403597512242866
235.28125,0.00022871634594541512,0.0002939792906800243,5.548683350681431e-08,0.00029403477751353114
235.3125,9.82523861727333e-05,0.00029397814373348087,5.543624043013499e-08,0.000294033579973911
235.34375,0.0007058873021285877,0.00029397699678693743,5.538571650466218e-08,0.0002940323825034421
235.375,0.00048324913881042533,0.000293975849840394,5.5335261604455945e-08,0.00029403118510199844
235.40625,0.0001907355048942696,0.00029397470289385056,5.528487560386281e-08,0.0002940299877694544
235.4375,9.455117597991153e-05,0.0002939735559473071,5.523455837751507e-08,0.0002940287905056846
235.46875,0.00012472978546407737,0.0002939724090007637,5.5184309800329975e-08,0.000294027593310564
235.5,0.00011364156540107794,0.00029397126205422025,5.5134129747508926e-08,0.00029402639618396776
235.53125,7.68553794043771e-05,0.0002939701151076768,5.5084018094536776e-08,0.0002940251991257714
235.5625,0.00013818964364700005,0.0002939689681611334,5.503397471718098e-08,0.00029402400213585057
235.59375,0.0001645485437472589,0.00029396782121458994,5.498399949149089e-08,0.00029402280521408146
235.625,0.0004366679597151682,0.0002939666742680465,5.493409229379694e-08,0.0002940216083603403
235.65625,0.00024282009037338237,0.00029396552732150307,5.488425300070988e-08,0.0002940204115745038
235.6875,0.0001210793500605419,0.0002939643803749597,5.483448148912009e-08,0.0002940192148564488
235.71875,0.00023451927727218702,0.00029396323342841625,5.478477763619669e-08,0.00029401801820605245
235.75,0.00010166238757366427,0.0002939620864818728,5.4735141319386904e-08,0.0002940168216231922
235.78125,2.5939919711159197e-05,0.0002939609395353294,5.4685572416415234e-08,0.0002940156251077458
235.8125,2.492786718952732e-05,0.00029395979258878594,5.4636070805282756e-08,0.0002940144286595912
235.84375,0.00022043364599153766,0.0002939586456422425,5.458663636426632e-08,0.00029401323227860675
235.875,0.0002459328457903409,0.00029395749869569907,5.4537268971917864e-08,0.000294012035964671
235.90625,9.822930687014436e-05,0.00029395635174915563,5.4487968507063556e-08,0.0002940108397176627
235.9375,0.0002700398583615023,0.0002939552048026122,5.443873484880321e-08,0.000294009643537461
235.96875,0.00025215805874933373,0.00029395405785606876,5.4389567876509406e-08,0.0002940084474239453
236.0,0.0008066545423524579,0.0002939529109095253,5.434046746982684e-08,0.00029400725137699517
236.03125,0.0001904431546893304,0.0002939517639629819,5.4291433508671537e-08,0.00029400605539649054
236.0625,0.0005866609394878283,0.00029395061701643845,5.424246587323015e-08,0.00029400485948231166
236.09375,0.0008211332639820923,0.000293949470069895,5.4193564443959225e-08,0.000294003663634339
236.125,0.00014626416623463826,0.0002939483231233516,5.41447291015844e-08,0.00029400246785245314
236.15625,0.00038450305817455384,0.00029394717617680814,5.4095959727099806e-08,0.00029400127213653526
236.1875,6.719759510251989e-05,0.00029394602923026475,5.4047256201767255e-08,0.0002940000764864665
236.21875,0.00018850235722434085,0.0002939448822837213,5.399861840711554e-08,0.00029399888090212844
236.25,0.00021340218964696378,0.0002939437353371779,5.39500462249397e-08,0.0002939976853834028
236.28125,0.00011121858181868796,0.00029394258839063445,5.390153953730036e-08,0.00029399648993017177
236.3125,9.878727319204951e-05,0.000293941441444091,5.385309822652291e-08,0.00029399529454231753
236.34375,0.00022318556586022476,0.00029394029449754757,5.3804722175196895e-08,0.0002939940992197228
236.375,7.502064151129944e-05,0.00029393914755100414,5.375641126617525e-08,0.0002939929039622703
236.40625,0.00031552389771646806,0.0002939380006044607,5.370816538257361e-08,0.0002939917087698433
236.4375,0.0006677529240500467,0.00029393685365791726,5.3659984407769615e-08,0.000293990513642325
236.46875,0.00042723637776321703,0.0002939357067113738,5.361186822540215e-08,0.0002939893185795992
236.5,5.6895540946332273e-05,0.0002939345597648304,5.3563816719370726e-08,0.00029398812358154974
236.53125,0.00016258817221016835,0.00029393341281828695,5.3515829773834685e-08,0.0002939869286480608
236.5625,7.239581105891098e-05,0.0002939322658717435,5.3467907273212594e-08,0.00029398573377901674
236.59375,0.0002461233562769245,0.0002939311189252001,5.342004910218149e-08,0.00029398453897430226
236.625,0.00025260017595826804,0.00029392997197865664,5.337225514567622e-08,0.0002939833442338023
236.65625,0.0005167684547434931,0.0002939288250321132,5.332452528888874e-08,0.0002939821495574021
236.6875,0.00018095542261698126,0.00029392767808556977,5.327685941726739e-08,0.000293980954944987
236.71875,0.00017898292890287064,0.0002939265311390264,5.322925741651628e-08,0.0002939797603964429
236.75,0.0005247833968665305,0.00029392538419248295,5.3181719172594516e-08,0.00029397856591165556
236.78125,0.0007206801846542532,0.0002939242372459395,5.313424457171561e-08,0.0002939773714905112
236.8125,0.00041950016553439593,0.0002939230902993961,5.3086833500346737e-08,0.00029397617713289645
236.84375,0.0004325696222762464,0.00029392194335285264,5.303948584520807e-08,0.00029397498283869787
236.875,5.5034376831299206e-05,0.0002939207964063092,5.299220149327212e-08,0.0002939737886078025
236.90625,0.0002303919652417697,0.00029391964945976577,5.294498033176308e-08,0.00029397259444009755
236.9375,9.11336984595507e-06,0.00029391850251322233,5.2897822248156034e-08,0.00029397140033547047
236.96875,0.00012573666473159007,0.0002939173555666789,5.285072713017646e-08,0.0002939702062938091
237.0,0.00013026422405741563,0.00029391620862013546,5.280369486579946e-08,0.0002939690123150013
237.03125,0.0006175097597622963,0.000293915061673592,5.2756725343249106e-08,0.0002939678183989353
237.0625,0.0003883900254939782,0.0002939139147270486,5.270981845099777e-08,0.00029396662454549957
237.09375,0.00018723992330672523,0.00029391276778050515,5.2662974077765524e-08,0.0002939654307545829
237.125,0.0002379223435448532,0.0002939116208339617,5.261619211251939e-08,0.00029396423702607424
237.15625,0.0002836506606059949,0.0002939104738874183,5.256947244447271e-08,0.00029396304335986274
237.1875,0.00014374226619330536,0.00029390932694087484,5.252281496308456e-08,0.00029396184975583793
237.21875,0.00023632279212390392,0.0002939081799943314,5.2476219558059015e-08,0.00029396065621388945
237.25,0.00030616309248005045,0.000293907033047788,5.242968611934452e-08,0.00029395946273390734
237.28125,0.0006323335101048853,0.0002939058861012446,5.238321453713325e-08,0.00029395826931578173
237.3125,0.00024827190052129674,0.00029390473915470115,5.2336804701860504e-08,0.000293957075959403
237.34375,1.6331611349711218e-05,0.0002939035922081577,5.229045650420392e-08,0.0002939558826646619
237.375,2.9981213540729742e-05,0.0002939024452616143,5.2244169835083e-08,0.00029395468943144935
237.40625,7.322759070180313e-06,0.00029390129831507084,5.2197944585658376e-08,0.0002939534962596565
237.4375,2.0409003769176395e-05,0.0002939001513685274,5.2151780647331184e-08,0.00029395230314917476
237.46875,3.78488317306687e-05,0.00029389900442198396,5.210567791174244e-08,0.0002939511100998957
237.5,8.62102884367194e-06,0.00029389785747544053,5.2059636270772406e-08,0.0002939499171117113
237.53125,0.0001605072709272369,0.0002938967105288971,5.2013655616539934e-08,0.0002939487241845136
237.5625,0.00028294008077977303,0.00029389556358235365,5.196773584140182e-08,0.00029394753131819503
237.59375,0.000514933201226747,0.0002938944166358102,5.192187683795225e-08,0.00029394633851264815
237.625,0.00029960316769077594,0.0002938932696892668,5.1876078499022115e-08,0.0002939451457677658
237.65625,0.0005234813786755708,0.00029389212274272335,5.1830340717678374e-08,0.000293943953083441
237.6875,0.0015976792173509101,0.0002938909757961799,5.178466338722347e-08,0.0002939427604595671
237.71875,0.0012238471738221235,0.00029388982884963647,5.1739046401194706e-08,0.0002939415678960377
237.75,0.00023137277353211687,0.0002938886819030931,5.169348965336355e-08,0.0002939403753927465
237.78125,0.00015130832073592361,0.00029388753495654965,5.1647993037735114e-08,0.0002939391829495874
237.8125,4.6034218414041424e-05,0.0002938863880100062,5.160255644854753e-08,0.0002939379905664548
237.84375,0.00015281519596182868,0.0002938852410634628,5.1557179780271244e-08,0.00029393679824324306
237.875,0.00011358944929189247,0.00029388409411691934,5.151186292760851e-08,0.000293935605979847
237.90625,5.5793492875189e-05,0.0002938829471703759,5.146660578549273e-08,0.0002939344137761614
237.9375,0.0002716811966348673,0.00029388180022383247,5.1421408249087844e-08,0.0002939332216320816
237.96875,0.00015351084159111352,0.00029388065327728903,5.137627021378769e-08,0.0002939320295475028
238.0,0.000427210601320456,0.0002938795063307456,5.133119157521549e-08,0.00029393083752232084
238.03125,0.00029235343891233424,0.00029387835938420216,5.1286172229223205e-08,0.0002939296455564314
238.0625,1.528633439928738e-05,0.0002938772124376587,5.124121207189087e-08,0.0002939284536497306
238.09375,0.0003510059215923642,0.0002938760654911153,5.1196310999526105e-08,0.0002939272618021148
238.125,7.197062036941693e-05,0.00029387491854457185,5.115146890866342e-08,0.0002939260700134805
238.15625,0.00021364667516606298,0.0002938737715980284,5.110668569606371e-08,0.0002939248782837245
238.1875,0.0003178015969472611,0.000293872624651485,5.1061961258713536e-08,0.0002939236866127437
238.21875,0.00018205917105044972,0.00029387147770494154,5.101729549382467e-08,0.00029392249500043534
238.25,0.0007165050737661409,0.0002938703307583981,5.097268829883345e-08,0.00029392130344669696
238.28125,0.0003225185483085051,0.0002938691838118547,5.092813957140015e-08,0.00029392011195142613
238.3125,0.0001224804476824342,0.0002938680368653113,5.088364920940845e-08,0.0002939189205145207
238.34375,2.863204491913652e-06,0.00029386688991876785,5.0839217110964846e-08,0.00029391772913587883
238.375,0.00010138197579139277,0.0002938657429722244,5.0794843174397995e-08,0.0002939165378153988
238.40625,0.00028643051180235436,0.000293864596025681,5.075052729825824e-08,0.00029391534655297925
238.4375,0.0004420028304286506,0.00029386344907913754,5.0706269381316975e-08,0.00029391415534851887
238.46875,0.00013423392749713334,0.0002938623021325941,5.066206932256608e-08,0.0002939129642019167
238.5,2.367853815203657e-05,0.00029386115518605067,5.0617927021217305e-08,0.0002939117731130719
238.53125,5.084592740082531e-05,0.00029386000823950723,5.057384237670177e-08,0.0002939105820818839
238.5625,0.00023681832670153165,0.0002938588612929638,5.052981528866935e-08,0.00029390939110825247
238.59375,0.00023037151270565906,0.00029385771434642036,5.048584565698805e-08,0.00029390820019207733
238.625,0.0003272832664639968,0.0002938565673998769,5.0441933381743546e-08,0.00029390700933325866
238.65625,0.00014799623966964414,0.0002938554204533335,5.039807836323856e-08,0.0002939058185316967
238.6875,0.00017334687753186508,0.00029385427350679005,5.035428050199229e-08,0.00029390462778729204
238.71875,7.162132438451207e-05,0.0002938531265602466,5.031053969873985e-08,0.00029390343709994536
238.75,0.00010572837206962166,0.0002938519796137032,5.026685585443174e-08,0.0002939022464695576
238.78125,0.00029709685461334207,0.0002938508326671598,5.0223228870233205e-08,0.00029390105589603005
238.8125,0.000229204929442716,0.00029384968572061636,5.017965864752378e-08,0.0002938998653792639
238.84375,0.00012650511470434418,0.0002938485387740729,5.0136145087896665e-08,0.0002938986749191608
238.875,5.6037456217230815e-05,0.0002938473918275295,5.009268809315819e-08,0.00029389748451562266
238.90625,0.0001186460043014345,0.00029384624488098605,5.0049287565327255e-08,0.00029389629416855137
238.9375,0.00033513484836091787,0.0002938450979344426,5.0005943406634786e-08,0.00029389510387784927
238.96875,0.00043148777347896126,0.00029384395098789917,4.996265551952321e-08,0.0002938939136434187
239.0,0.00033538611966101066,0.00029384280404135574,4.9919423806645805e-08,0.00029389272346516237
239.03125,0.0001467622201503017,0.0002938416570948123,4.9876248170866294e-08,0.0002938915333429832
239.0625,1.876560793735588e-05,0.00029384051014826886,4.98331285152582e-08,0.0002938903432767841
239.09375,0.00014819319214252126,0.0002938393632017254,4.979006474310435e-08,0.0002938891532664685
239.125,9.981402218572483e-06,0.000293838216255182,4.974705675789631e-08,0.0002938879633119399
239.15625,2.1876841834827744e-05,0.00029383706930863855,4.970410446333384e-08,0.0002938867734131019
239.1875,0.0006132902478912339,0.0002938359223620951,4.96612077633244e-08,0.0002938855835698584
240.8125,2.5733859399275125e-05,0.0002937762811418366,4.750487400271703e-08,0.0002938237860158393
240.84375,0.00013394511943245406,0.00029377513419529314,4.746479156245931e-08,0.0002938225989868556
240.875,0.000744744512335375,0.00029377398724874976,4.742475982182869e-08,0.00029382141200857157
240.90625,0.00046163764934386127,0.0002937728403022063,4.738477869537014e-08,0.0002938202250809017
240.9375,0.00011561043164509135,0.0002937716933556629,4.734484809780858e-08,0.0002938190382037607
240.96875,6.687653226977069e-05,0.00029377054640911945,4.730496794404839e-08,0.0002938178513770635
241.0,7.435374533688315e-05,0.000293769399462576,4.726513814917301e-08,0.00029381666460072517
241.03125,0.00013585968392487772,0.0002937682525160326,4.722535862844446e-08,0.000293815477874661
241.0625,0.0007038688300051411,0.00029376710556948914,4.7185629297302834e-08,0.00029381429119878643
241.09375,0.00043693404388500125,0.0002937659586229457,4.7145950071365975e-08,0.00029381310457301705
241.125,0.00018305932581532964,0.00029376481167640227,4.710632086642893e-08,0.0002938119179972687
241.15625,1.2227826683817846e-05,0.00029376366472985883,4.706674159846352e-08,0.0002938107314714573
241.1875,0.0004441642936151868,0.0002937625177833154,4.702721218361793e-08,0.000293809544995499
241.21875,0.0008392592028642313,0.00029376137083677196,4.6987732538216247e-08,0.00029380835856931015
241.25,0.0004969929421314439,0.0002937602238902285,4.694830257875795e-08,0.00029380717219280726
241.28125,0.0004304317392655422,0.0002937590769436851,4.6908922221917605e-08,0.000293805985865907
241.3125,9.751326085146304e-05,0.00029375792999714165,4.6869591384544316e-08,0.0002938047995885262
241.34375,0.00015992737448889045,0.0002937567830505982,4.6830309983661326e-08,0.00029380361336058187
241.375,7.751544199639027e-05,0.00029375563610405483,4.679107793646559e-08,0.0002938024271819913
241.40625,2.853538815233305e-06,0.0002937544891575114,4.675189516032729e-08,0.0002938012410526717
241.4375,6.2073486483092e-05,0.00029375334221096796,4.671276157278948e-08,0.0002938000549725407
241.46875,0.00011200012083785034,0.0002937521952644245,4.667367709156756e-08,0.0002937988689415161
241.5,0.0001262899224128609,0.0002937510483178811,4.663464163454892e-08,0.00029379768295951565
241.53125,0.00013479476820096607,0.00029374990137133765,4.659565511979247e-08,0.00029379649702645746
241.5625,0.0003512615022611974,0.0002937487544247942,4.655671746552822e-08,0.00029379531114225976
241.59375,0.00016282418942689333,0.00029374760747825077,4.651782859015685e-08,0.0002937941253068409
241.625,3.7755575565152125e-05,0.00029374646053170734,4.6478988412249306e-08,0.0002937929395201196
241.65625,4.302114175850697e-05,0.0002937453135851639,4.644019685054632e-08,0.00029379175378201446
241.6875,0.00023411498386274494,0.00029374416663862046,4.640145382395802e-08,0.00029379056809244444
241.71875,9.039803896121847e-05,0.000293743019692077,4.6362759251563513e-08,0.0002937893824513286
241.75,0.0006638967642554596,0.0002937418727455336,4.6324113052610465e-08,0.0002937881968585862
241.78125,0.0004094562084823129,0.00029374072579899015,4.628551514651466e-08,0.0002937870113141367
241.8125,3.7723805142844185e-05,0.0002937395788524467,4.624696545285958e-08,0.0002937858258178996
241.84375,7.261884279297342e-05,0.0002937384319059033,4.620846389139602e-08,0.0002937846403697947
241.875,0.00011536096156813036,0.00029373728495935984,4.61700103820416e-08,0.0002937834549697419
241.90625,0.00041848436433664457,0.00029373613801281646,4.6131604844880423e-08,0.00029378226961766134
241.9375,0.00022553339483456677,0.000293734991066273,4.6093247200162644e-08,0.0002937810843134732
241.96875,0.00020950056348075516,0.0002937338441197296,4.6054937368304035e-08,0.0002937798990570979
242.0,0.0001564119882660616,0.00029373269717318615,4.601667526988556e-08,0.00029377871384845606
242.03125,0.0002890412565882297,0.0002937315502266427,4.597846082565302e-08,0.0002937775286874684
242.0625,0.0002836502464892308,0.0002937304032800993,4.594029395651659e-08,0.0002937763435740558
242.09375,2.9229751013556327e-05,0.00029372925633355584,4.590217458355041e-08,0.00029377515850813937
242.125,0.0003761459066712972,0.0002937281093870124,4.5864102627992225e-08,0.0002937739734896404
242.15625,0.0008973273394945176,0.00029372696244046897,4.582607801124294e-08,0.0002937727885184802
242.1875,0.0007071945827870416,0.00029372581549392553,4.578810065486622e-08,0.0002937716035945804
242.21875,0.0005062523337731972,0.0002937246685473821,4.5750170480588075e-08,0.0002937704187178627
242.25,0.00015286736998245578,0.00029372352160083866,4.571228741029651e-08,0.000293769233888249
242.28125,0.0002939364184663276,0.0002937223746542952,4.567445136604104e-08,0.00029376804910566124
242.3125,0.00016645152576866048,0.0002937212277077518,4.5636662270032355e-08,0.00029376686437002184
242.34375,0.00024794927255421126,0.00029372008076120835,4.5598920044641897e-08,0.000293765679681253
242.375,0.00016808441783735492,0.0002937189338146649,4.556122461240147e-08,0.0002937644950392773
242.40625,4.0212968215993885e-05,0.00029371778686812153,4.5523575896002825e-08,0.00029376331044401755
242.4375,0.00010613428681084165,0.0002937166399215781,4.548597381829728e-08,0.0002937621258953964
242.46875,0.00011316045780490668,0.00029371549297503466,4.544841830229533e-08,0.00029376094139333693
242.5,0.00018023756129157187,0.0002937143460284912,4.541090927116621e-08,0.0002937597569377624
242.53125,0.00017765431948478383,0.0002937131990819478,4.537344664823757e-08,0.000293758572528596
242.5625,0.000190552014837492,0.00029371205213540435,4.5336030356995045e-08,0.0002937573881657613
242.59375,0.00036407291969618955,0.0002937109051888609,4.529866032108184e-08,0.000293756203849182
242.625,0.0005935308559062329,0.0002937097582423175,4.52613364642984e-08,0.0002937550195787818
242.65625,0.0004844977773946112,0.00029370861129577404,4.5224058710601986e-08,0.00029375383535448465
242.6875,7.197653886043913e-05,0.0002937074643492306,4.51868269841063e-08,0.0002937526511762147
242.71875,7.439184461774867e-05,0.00029370631740268716,4.5149641209081056e-08,0.00029375146704389626
242.75,0.00018495177794147603,0.00029370517045614373,4.511250130995165e-08,0.0002937502829574537
242.78125,0.0006369086214970089,0.0002937040235096003,4.507540721129877e-08,0.0002937490989168116
242.8125,0.00022394621738394267,0.00029370287656305685,4.503835883785801e-08,0.0002937479149218947
242.84375,0.00040431174521604976,0.0002937017296165134,4.5001356114519445e-08,0.0002937467309726279
242.875,0.0002752722861686552,0.00029370058266997,4.4964398966327307e-08,0.0002937455470689363
242.90625,4.652587344368229e-05,0.00029369943572342655,4.492748731847957e-08,0.00029374436321074503
242.9375,3.7466334455209326e-05,0.00029369828877688316,4.4890621096327614e-08,0.0002937431793979795
242.96875,8.633688143786184e-05,0.0002936971418303397,4.4853800225375775e-08,0.0002937419956305651
243.0,2.4188510701175364e-06,0.0002936959948837963,4.481702463128105e-08,0.00029374081190842755
243.03125,2.1636005364627165e-07,0.00029369484793725285,4.478029423985267e-08,0.0002937396282314927
243.0625,0.00036791710514285416,0.0002936937009907094,4.474360897705173e-08,0.0002937384445996865
243.09375,0.0007290762124051254,0.000293692554044166,4.470696876899087e-08,0.000293737261012935
243.125,0.0002180078046396465,0.00029369140709762254,4.46703735419338e-08,0.0002937360774711645
243.15625,0.00010115911750487487,0.0002936902601510791,4.463382322229503e-08,0.0002937348939743014
243.1875,0.00028198730459066886,0.00029368911320453567,4.459731773663945e-08,0.0002937337105222723
243.21875,6.544929456024393e-05,0.00029368796625799223,4.456085701168196e-08,0.00029373252711500393
243.25,0.0005807469330104911,0.0002936868193114488,4.4524440974287144e-08,0.0002937313437524231
243.28125,0.00023584484513364555,0.00029368567236490536,4.448806955146886e-08,0.0002937301604344568
243.3125,0.0009408377283288856,0.0002936845254183619,4.445174267038984e-08,0.0002937289771610323
243.34375,0.0006075279514147512,0.0002936833784718185,4.4415460258361446e-08,0.00029372779393207685
243.375,1.7265917435106202e-05,0.00029368223152527505,4.4379222242843196e-08,0.0002937266107475179
243.40625,7.289924077864265e-05,0.0002936810845787316,4.434302855144244e-08,0.0002937254276072831
243.4375,1.8903649965972708e-05,0.00029367993763218823,4.4306879111914015e-08,0.00029372424451130013
243.46875,0.00017798569633295733,0.0002936787906856448,4.427077385215985e-08,0.00029372306145949696
243.5,0.00045823347083089023,0.00029367764373910136,4.423471270022865e-08,0.0002937218784518016
243.53125,0.00011284795392883138,0.0002936764967925579,4.4198695584315464e-08,0.00029372069548814226
243.5625,0.0004944389308479704,0.0002936753498460145,4.4162722432761415e-08,0.0002937195125684472
243.59375,0.0003041999456364869,0.00029367420289947105,4.41267931740533e-08,0.0002937183296926451
243.625,0.0001290967193577877,0.0002936730559529276,4.409090773682325e-08,0.00029371714686066445
243.65625,7.312827846256823e-05,0.0002936719090063842,4.405506604984832e-08,0.00029371596407243403
243.6875,0.0002819954167796672,0.00029367076205984074,4.401926804205024e-08,0.0002937147813278828
243.71875,0.00010102391111291147,0.0002936696151132973,4.398351364249499e-08,0.0002937135986269398
243.75,4.5506052046262885e-06,0.00029366846816675387,4.394780278039241e-08,0.00029371241596953427
243.78125,0.00017906261796837622,0.00029366732122021043,4.391213538509598e-08,0.00029371123335559553
243.8125,0.00023622439938644296,0.000293666174273667,4.3876511386102336e-08,0.0002937100507850531
243.84375,5.857703667894993e-05,0.00029366502732712356,4.384093071305101e-08,0.0002937088682578366
243.875,3.8136427593414644e-05,0.0002936638803805801,4.3805393295724034e-08,0.0002937076857738758
243.90625,0.0006886442502349365,0.0002936627334340367,4.376989906404564e-08,0.00029370650333310075
243.9375,0.0007737575470937629,0.00029366158648749325,4.373444794808186e-08,0.0002937053209354413
243.96875,0.000363731356578925,0.00029366043954094986,4.3699039878040205e-08,0.0002937041385808279
244.0,8.019990307041937e-05,0.00029365929259440643,4.366367478426934e-08,0.0002937029562691907
244.03125,0.00020184695551417664,0.000293658145647863,4.362835259725875e-08,0.00029370177400046024
244.0625,0.0004891212374000144,0.00029365699870131956,4.359307324763833e-08,0.0002937005917745672
244.09375,0.0009443341353403957,0.0002936558517547761,4.3557836666178105e-08,0.0002936994095914423
244.125,0.0012573321745408886,0.0002936547048082327,4.352264278378791e-08,0.00029369822745101647
244.15625,0.0016150167477099935,0.00029365355786168925,4.348749153151696e-08,0.0002936970453532208
244.1875,0.0006077182295265687,0.0002936524109151458,4.345238284055361e-08,0.0002936958632979864
244.21875,5.494598337048342e-05,0.00029365126396860237,4.3417316642224966e-08,0.0002936946812852446
244.25,1.46674627763823e-05,0.00029365011702205894,4.338229286799656e-08,0.00029369349931492695
244.28125,7.619383589471233e-05,0.0002936489700755155,4.3347311449472026e-08,0.000293692317386965
244.3125,0.0001985599083044982,0.00029364782312897206,4.3312372318392773e-08,0.0002936911355012905
244.34375,0.00020267819784939342,0.0002936466761824286,4.3277475406637576e-08,0.0002936899536578353
244.375,6.145007905549012e-05,0.0002936455292358852,4.324262064622236e-08,0.0002936887718565314
244.40625,0.0001374481140801437,0.00029364438228934175,4.32078079692998e-08,0.00029368759009731107
244.4375,1.1920635474640722e-06,0.0002936432353427983,4.3173037308159004e-08,0.00029368640838010646
244.46875,0.000437507484860113,0.0002936420883962549,4.313830859522519e-08,0.0002936852267048501
244.5,0.00022824240759505677,0.0002936409414497115,4.310362176305934e-08,0.00029368404507147455
244.53125,0.00018268966828719616,0.00029363979450316806,4.306897674435791e-08,0.00029368286347991243
244.5625,0.00034537099054947747,0.0002936386475566246,4.303437347195242e-08,0.0002936816819300966
244.59375,0.00019663135792075446,0.0002936375006100812,4.299981187880927e-08,0.00029368050042196
244.625,0.0002922429926234154,0.00029363635366353775,4.296529189802927e-08,0.00029367931895543577
244.65625,0.0003129270494205339,0.0002936352067169943,4.2930813462847415e-08,0.00029367813753045715
244.6875,0.00031244498428177424,0.0002936340597704509,4.289637650663252e-08,0.0002936769561469575
244.71875,8.194686345064341e-06,0.00029363291282390744,4.286198096288689e-08,0.00029367577480487035
244.75,0.0001821904832362226,0.000293631765877364,4.282762676524604e-08,0.00029367459350412926
244.78125,0.0002574363857372205,0.00029363061893082057,4.279331384747832e-08,0.00029367341224466803
244.8125,0.0005070971981717286,0.00029362947198427713,4.2759042143484654e-08,0.0002936722310264206
244.84375,0.00034284209808612635,0.0002936283250377337,4.2724811587298165e-08,0.000293671049849321
244.875,6.135612553735322e-06,0.00029362717809119026,4.2690622113083915e-08,0.00029366986871330337
244.90625,0.00017875035164916485,0.0002936260311446468,4.2656473655138556e-08,0.00029366868761830195
244.9375,0.00043318546052755635,0.0002936248841981034,4.262236614789001e-08,0.00029366750656425127
244.96875,6.0168523911396644e-05,0.00029362373725155995,4.258829952589715e-08,0.00029366632555108586
245.0,0.00016112991670988873,0.00029362259030501657,4.255427372384952e-08,0.0002936651445787404
245.03125,4.0870101220499376e-05,0.00029362144335847313,4.252028867656699e-08,0.0002936639636471497
245.0625,0.00033673952048768227,0.0002936202964119297,4.248634431899947e-08,0.0002936627827562487
245.09375,0.0002228867658843537,0.00029361914946538626,4.245244058622656e-08,0.00029366160190597246
245.125,7.745251053229812e-05,0.0002936180025188428,4.24185774134573e-08,0.0002936604210962563
245.15625,0.00012169536990062628,0.0002936168555722994,4.238475473602981e-08,0.0002936592403270354
245.1875,0.0001876896004696976,0.00029361570862575595,4.2350972489410956e-08,0.00029365805959824537
245.21875,0.0003663591884156035,0.0002936145616792125,4.231723060919614e-08,0.0002936568789098217
245.25,0.0006876005067046783,0.0002936134147326691,4.228352903110891e-08,0.0002936556982617002
245.28125,0.0006044587169728152,0.00029361226778612564,4.2249867691000676e-08,0.00029365451765381664
245.3125,0.000468597938433774,0.0002936111208395822,4.2216246524850424e-08,0.0002936533370861071
245.34375,0.00043400493018700304,0.00029360997389303876,4.21826654687644e-08,0.0002936521565585075
245.375,2.222416546410129e-05,0.00029360882694649533,4.2149124458975776e-08,0.0002936509760709543
245.40625,0.0002702446069333003,0.0002936076799999519,4.211562343184439e-08,0.00029364979562338374
245.4375,6.83350615384353e-05,0.00029360653305340846,4.2082162323856434e-08,0.0002936486152157323
245.46875,0.00011017248272215824,0.000293605386106865,4.2048741071624155e-08,0.00029364743484793665
245.5,9.545189688843161e-05,0.0002936042391603216,4.2015359611885525e-08,0.00029364625451993345
245.53125,3.086615917161274e-05,0.0002936030922137782,4.1982017881503986e-08,0.0002936450742316597
245.5625,1.6739434852334754e-05,0.00029360194526723476,4.1948715817468135e-08,0.00029364389398305225
245.59375,7.980635032641316e-07,0.0002936007983206913,4.191545335689138e-08,0.0002936427137740482
245.625,0.0002744717010610448,0.0002935996513741479,4.1882230437011745e-08,0.0002936415336045849
245.65625,0.0007452245649637051,0.00029359850442760445,4.1849046995191465e-08,0.00029364035347459965
245.6875,8.619587689061734e-06,0.000293597357481061,4.181590296891677e-08,0.00029363917338402995
245.71875,0.0005702504502567837,0.0002935962105345176,4.178279829579755e-08,0.0002936379933328134
245.75,0.00040770572244800486,0.00029359506358797414,4.1749732913567095e-08,0.0002936368133208877
245.78125,0.0002978672503241989,0.0002935939166414307,4.171670676008173e-08,0.0002936356333481908
245.8125,0.000605227589300104,0.00029359276969488727,4.1683719773320604e-08,0.0002936344534146606
245.84375,0.00022236418802871232,0.00029359162274834383,4.165077189138539e-08,0.00029363327352023523
245.875,0.00030426164513137124,0.0002935904758018004,4.1617863052499944e-08,0.0002936320936648529
245.90625,0.00020145050132319313,0.00029358932885525696,4.158499319501006e-08,0.00029363091384845195
245.9375,3.6073139766950914e-05,0.0002935881819087135,4.1552162257383136e-08,0.0002936297340709709
245.96875,6.70545354739973e-05,0.0002935870349621701,4.151937017820798e-08,0.0002936285543323483
246.0,0.00011996565726384693,0.00029358588801562665,4.148661689619438e-08,0.00029362737463252284
246.03125,0.00024422563111221705,0.00029358474106908327,4.145390235017294e-08,0.00029362619497143343
246.0625,0.00012099815622485663,0.00029358359412253983,4.142122647909477e-08,0.0002936250153490189
246.09375,0.001020633014979979,0.0002935824471759964,4.138858922203114e-08,0.00029362383576521844
246.125,0.0004943255708811389,0.00029358130022945296,4.1355990518173266e-08,0.00029362265621997116
246.15625,1.7829128561118987e-05,0.0002935801532829095,4.132343030683201e-08,0.00029362147671321636
246.1875,0.000497185272903301,0.0002935790063363661,4.129090852743756e-08,0.00029362029724489355
246.21875,0.0005708205767880182,0.00029357785938982265,4.125842511953919e-08,0.00029361911781494216
246.25,0.00030350260474135105,0.0002935767124432792,4.122598002280496e-08,0.00029361793842330204
246.28125,0.0002785751536562522,0.0002935755654967358,4.119357317702145e-08,0.0002936167590699128
246.3125,0.00043256276044267004,0.00029357441855019234,4.116120452209347e-08,0.00029361557975471445
246.34375,0.0008905336100380022,0.0002935732716036489,4.112887399804379e-08,0.00029361440047764696
246.375,0.00022576751451505015,0.00029357212465710547,4.1096581545012844e-08,0.00029361322123865047
246.40625,0.0004564511618824219,0.00029357097771056203,4.106432710325847e-08,0.0002936120420376653
246.4375,0.0007848835393587023,0.0002935698307640186,4.103211061315561e-08,0.00029361086287463175
246.46875,0.00026231924760335764,0.00029356868381747516,4.099993201519611e-08,0.00029360968374949036
246.5,0.00012841637526009807,0.0002935675368709317,4.096779124998833e-08,0.0002936085046621817
246.53125,0.0003417536262569775,0.0002935663899243883,4.093568825825697e-08,0.00029360732561264653
246.5625,0.0004922340632401496,0.0002935652429778449,4.090362298084272e-08,0.00029360614660082574
246.59375,0.000552683567042464,0.00029356409603130146,4.087159535870207e-08,0.00029360496762666016
246.625,0.00039875120035572445,0.00029356294908475803,4.0839605332906934e-08,0.0002936037886900909
246.65625,7.194923598949048e-06,0.0002935618021382146,4.080765284464448e-08,0.00029360260979105924
246.6875,1.3070943732951146e-05,0.00029356065519167116,4.077573783521681e-08,0.0002936014309295064
246.71875,9.665724622467205e-05,0.0002935595082451277,4.074386024604069e-08,0.0002936002521053738
246.75,0.00011955748851247364,0.0002935583612985843,4.07120200186473e-08,0.00029359907331860294
246.78125,7.237818259849822e-05,0.00029355721435204085,4.068021709468195e-08,0.00029359789456913555
246.8125,8.623755589236051e-05,0.0002935560674054974,4.0648451415903794e-08,0.0002935967158569133
246.84375,6.865354072544442e-05,0.00029355492045895397,4.0616722924185635e-08,0.00029359553718187815
246.875,0.0002940323683818838,0.00029355377351241054,4.058503156151357e-08,0.00029359435854397207
246.90625,0.0001952906010883743,0.0002935526265658671,4.055337726998678e-08,0.0002935931799431371
246.9375,8.725904486194453e-05,0.00029355147961932366,4.052175999181727e-08,0.00029359200137931546
246.96875,4.701577449174877e-05,0.0002935503326727802,4.049017966932956e-08,0.0002935908228524496
247.0,9.926448386372361e-05,0.0002935491857262368,4.045863624496048e-08,0.00029358964436248175
247.03125,1.881849032683194e-05,0.00029354803877969335,4.0427129661258836e-08,0.0002935884659093546
247.0625,2.6550227949522063e-05,0.00029354689183314997,4.039565986088523e-08,0.00029358728749301084
247.09375,0.0002233294174088026,0.00029354574488660653,4.0364226786611734e-08,0.00029358610911339316
247.125,0.000865658852282279,0.0002935445979400631,4.033283038132167e-08,0.00029358493077044444
247.15625,0.0008933368993154824,0.00029354345099351966,4.030147058800934e-08,0.00029358375246410766
247.1875,0.00041255589921745754,0.0002935423040469762,4.027014734977975e-08,0.000293582574194326
247.21875,0.00014023696911348303,0.0002935411571004328,4.0238860609848385e-08,0.00029358139596104266
247.25,8.29969427327008e-05,0.00029354001015388935,4.020761031154088e-08,0.00029358021776420087
247.28125,0.00035265615325134235,0.0002935388632073459,4.017639639829288e-08,0.0002935790396037442
247.3125,0.0010395078284277553,0.0002935377162608025,4.01452188136497e-08,0.0002935778614796161
247.34375,0.0007857254029708279,0.00029353656931425904,4.011407750126607e-08,0.0002935766833917603
247.375,3.817030755505509e-05,0.0002935354223677156,4.008297240490592e-08,0.0002935755053401205
247.40625,0.0009303896081941285,0.00029353427542117217,4.0051903468442134e-08,0.0002935743273246406
247.4375,0.0009353049358478257,0.00029353312847462873,4.0020870635856175e-08,0.0002935731493452646
247.46875,3.340791849689788e-05,0.0002935319815280853,3.9989873851238034e-08,0.00029357197140193655
247.5,9.081160940574262e-05,0.00029353083458154186,3.995891305878582e-08,0.00029357079349460064
247.53125,0.0004857273564187628,0.0002935296876349984,3.992798820280556e-08,0.0002935696156232012
247.5625,0.00035576082531469484,0.000293528540688455,3.989709922771097e-08,0.0002935684377876827
247.59375,2.4556876103394194e-05,0.0002935273937419116,3.9866246078023176e-08,0.00029356725998798964
247.625,2.136877241437034e-05,0.00029352624679536817,3.983542869837046e-08,0.0002935660822240665
247.65625,0.0003872005707611537,0.00029352509984882473,3.980464703348804e-08,0.0002935649044958582
247.6875,0.0002627794179569963,0.0002935239529022813,3.977390102821779e-08,0.00029356372680330953
247.71875,2.8482080875739695e-05,0.00029352280595573786,3.9743190627508055e-08,0.00029356254914636535
247.75,6.3600055500171e-05,0.0002935216590091944,3.971251577641331e-08,0.00029356137152497085
247.78125,0.00022608136910837314,0.000293520512062651,3.9681876420093995e-08,0.0002935601939390711
247.8125,4.80335964824921e-05,0.00029351936511610755,3.965127250381624e-08,0.0002935590163886114
247.84375,2.1999127625447445e-06,0.0002935182181695641,3.962070397295159e-08,0.00029355783887353705
247.875,0.00036330042481529107,0.0002935170712230207,3.959017077297682e-08,0.0002935566613937937
247.90625,0.000546883748195633,0.00029351592427647724,3.9559672849473666e-08,0.0002935554839493267
247.9375,0.00010283569479681162,0.0002935147773299338,3.952921014812857e-08,0.0002935543065400819
247.96875,7.770653817629477e-05,0.00029351363038339036,3.9498782614732446e-08,0.0002935531291660051
248.0,7.568742789484722e-05,0.00029351248343684693,3.946839019518047e-08,0.0002935519518270421
248.03125,0.00013202345421092486,0.0002935113364903035,3.943803283547177e-08,0.000293550774523139
248.0625,4.48875397184972e-05,0.00029351018954376006,3.9407710481709256e-08,0.00029354959725424177
248.09375,6.912331588188021e-06,0.0002935090425972166,3.9377423080099335e-08,0.00029354842002029673
248.125,4.122396588079606e-05,0.00029350789565067324,3.934717057695171e-08,0.0002935472428212502
248.15625,0.00010610816928759555,0.0002935067487041298,3.931695291867911e-08,0.0002935460656570485
248.1875,0.00038154239960075614,0.00029350560175758636,3.928677005179707e-08,0.00029354488852763815
248.21875,0.00013620578131510062,0.0002935044548110429,3.925662192292369e-08,0.0002935437114329659
248.25,7.978000709592684e-05,0.0002935033078644995,3.9226508478779404e-08,0.00029354253437297826
248.28125,6.564245628963484e-05,0.00029350216091795605,3.919642966618671e-08,0.0002935413573476222
248.3125,1.6764636893461355e-05,0.0002935010139714126,3.9166385432070006e-08,0.0002935401803568447
248.34375,2.3929135606735255e-06,0.0002934998670248692,3.9136375723455305e-08,0.00029353900340059263
248.375,1.1628070653492276e-05,0.00029349872007832574,3.9106400487469984e-08,0.0002935378264788132
248.40625,0.0005340991190823231,0.0002934975731317823,3.9076459671342613e-08,0.00029353664959145366
248.4375,0.0010293528975955078,0.00029349642618523887,3.904655322240269e-08,0.00029353547273846127
248.46875,0.0006842431346442518,0.00029349527923869543,3.9016681088080354e-08,0.0002935342959197835
248.5,0.0005733704563660547,0.000293494132292152,3.898684321590627e-08,0.0002935331191353679
248.53125,0.00015657367188951453,0.00029349298534560856,3.895703955351133e-08,0.00029353194238516207
248.5625,2.4420007225867738e-05,0.0002934918383990651,3.8927270048626396e-08,0.00029353076566911374
248.59375,0.0001378206991485022,0.0002934906914525217,3.889753464908213e-08,0.0002935295889871708
248.625,3.4705802823272183e-06,0.0002934895445059783,3.886783330280874e-08,0.00029352841233928114
248.65625,0.00026107323607272995,0.00029348839755943487,3.883816595783575e-08,0.0002935272357253927
248.6875,0.00027230229501897386,0.00029348725061289143,3.880853256229177e-08,0.00029352605914545373
248.71875,0.00022818502109645143,0.000293486103666348,3.8778933064404284e-08,0.0002935248825994124
248.75,0.00032535346253869334,0.00029348495671980456,3.8749367412499413e-08,0.0002935237060872171
248.78125,2.2882585414328608e-05,0.0002934838097732611,3.8719835555001685e-08,0.0002935225296088161
248.8125,0.0004654817312808371,0.0002934826628267177,3.869033744043384e-08,0.0002935213531641581
248.84375,0.00019525716023502046,0.00029348151588017425,3.8660873017416566e-08,0.00029352017675319164
248.875,2.4114286393401134e-05,0.0002934803689336308,3.863144223466827e-08,0.00029351900037586547
248.90625,0.0005279274282432274,0.0002934792219870874,3.860204504100492e-08,0.00029351782403212837
248.9375,0.0004943993046148111,0.00029347807504054394,3.857268138533976e-08,0.0002935166477219293
248.96875,0.0004408759355662243,0.0002934769280940005,3.85433512166831e-08,0.00029351547144521717
249.0,0.00020677854429438416,0.00029347578114745707,3.8514054484142116e-08,0.0002935142952019412
249.03125,5.914824203800628e-05,0.00029347463420091363,3.848479113692061e-08,0.00029351311899205055
249.0625,0.0002362962803695818,0.0002934734872543702,3.845556112431882e-08,0.0002935119428154945
249.09375,0.0003217677446267405,0.00029347234030782676,3.842636439573312e-08,0.0002935107666722225
249.125,0.00041536010873993864,0.0002934711933612833,3.839720090065591e-08,0.00029350959056218397
249.15625,6.369534163156808e-05,0.00029347004641473994,3.836807058867533e-08,0.0002935084144853286
249.1875,0.00026022614348067765,0.0002934688994681965,3.8338973409475054e-08,0.00029350723844160596
249.21875,0.00024562302182160056,0.00029346775252165307,3.830990931283408e-08,0.0002935060624309659
249.25,0.0002808582878641647,0.00029346660557510963,3.828087824862651e-08,0.00029350488645335824
249.28125,0.00019186647300870995,0.0002934654586285662,3.825188016682133e-08,0.00029350371050873304
249.3125,0.0002365866204317791,0.00029346431168202276,3.822291501748219e-08,0.00029350253459704026
249.34375,0.00014027541758213988,0.0002934631647354793,3.8193982750767235e-08,0.0002935013587182301
249.375,4.287200305388546e-05,0.0002934620177889359,3.81650833169288e-08,0.0002935001828722528
249.40625,2.1743494266696075e-05,0.00029346087084239245,3.81362166663133e-08,0.00029349900705905876
249.4375,1.1114355442820093e-06,0.000293459723895849,3.810738274936093e-08,0.00029349783127859835
249.46875,0.0001265091285142755,0.00029345857694930557,3.807858151660552e-08,0.0002934966555308222
249.5,0.0006289476158973029,0.00029345743000276214,3.8049812918674246e-08,0.0002934954798156808
249.53125,0.0009458693236241023,0.0002934562830562187,3.802107690628752e-08,0.000293494304133125
249.5625,0.0005051161453082717,0.00029345513610967526,3.7992373430258674e-08,0.00029349312848310553
249.59375,0.0003769630112072061,0.0002934539891631318,3.796370244149384e-08,0.00029349195286557334
249.625,0.0008839191698936056,0.0002934528422165884,3.793506389099168e-08,0.0002934907772804794
249.65625,0.0005935535023065929,0.000293451695270045,3.790645772984319e-08,0.00029348960172777483
249.6875,0.000988056502272019,0.00029345054832350157,3.787788390923151e-08,0.0002934884262074108
249.71875,0.000971148439775509,0.00029344940137695813,3.78493423804317e-08,0.00029348725071933856
249.75,3.344911233054168e-05,0.0002934482544304147,3.782083309481052e-08,0.0002934860752635095
249.78125,0.00011996102918747894,0.00029344710748387126,3.779235600382626e-08,0.0002934848998398751
249.8125,4.688754582091674e-05,0.0002934459605373278,3.77639110590285e-08,0.00029348372444838684
249.84375,0.00025469139284093115,0.0002934448135907844,3.7735498212057934e-08,0.00029348254908899646
249.875,0.0007898579430086653,0.00029344366664424095,3.7707117414646135e-08,0.0002934813737616556
249.90625,0.0004920372495932266,0.0002934425196976975,3.767876861861533e-08,0.0002934801984663161
249.9375,2.789576426004846e-05,0.0002934413727511541,3.765045177587827e-08,0.00029347902320292995
249.96875,0.00021245932129938282,0.00029344022580461064,3.762216683843799e-08,0.0002934778479714491
250.0,0.0002241603064608089,0.0002934390788580672,3.759391375838756e-08,0.0002934766727718256
